series,day,value
T1098,1196,4994.0
T1098,1197,4980.3
T1098,1198,5026.3
T1098,1199,5033.8
T1098,1200,5013.7
T1098,1201,5027.6
T1098,1202,4987.7
T1098,1203,4943.3
T1098,1204,4905.3
T1098,1205,4852.5
T1098,1206,4887.6
T1098,1207,4838.7
T1098,1208,4883.2
T1098,1209,4884.3
T1098,1210,4925.4
T1098,1211,4921.0
T1098,1212,4878.9
T1098,1213,4888.3
T1098,1214,4914.8
T1098,1215,4964.4
T1098,1216,4907.9
T1098,1217,4875.8
T1098,1218,4888.4
T1098,1219,4880.6
T1098,1220,4878.7
T1098,1221,4926.8
T1098,1222,4886.8
T1098,1223,4898.2
T1098,1224,4901.8
T1098,1225,4908.5
T1098,1226,4931.1
T1098,1227,4942.9
T1098,1228,4902.1
T1098,1229,4909.8
T1098,1230,5026.6
T1098,1231,5046.3
T1098,1232,5116.5
T1098,1233,5089.0
T1098,1234,5107.6
T1098,1235,5099.2
T1098,1236,5102.5
T1098,1237,5106.1
T1098,1238,5024.5
T1098,1239,5008.9
T1098,1240,5113.8
T1098,1241,5131.7
T1098,1242,5163.8
T1098,1243,5211.5
T1098,1244,5261.8
T1098,1245,5338.0
T1098,1246,5366.0
T1098,1247,5362.7
T1098,1248,5326.5
T1098,1249,5310.1
T1098,1250,5262.4
T1098,1251,5295.9
T1098,1252,5288.5
T1098,1253,5257.7
T1098,1254,5213.9
T1098,1255,5304.0
T1098,1256,5294.3
T1098,1257,5333.4
T1098,1258,5352.9
T1098,1259,5360.5
T1098,1260,5339.6
T1098,1261,5294.4
T1098,1262,5290.3
T1098,1263,5244.3
T1098,1264,5217.3
T1098,1265,5295.2
T1098,1266,5379.3
T1098,1267,5376.2
T1098,1268,5452.4
T1098,1269,5490.6
T1098,1270,5548.5
T1098,1271,5560.7
T1098,1272,5624.2
T1098,1273,5631.2
T1098,1274,5661.4
T1098,1275,5668.2
T1098,1276,5678.1
T1098,1277,5712.4
T1098,1278,5679.9
T1098,1279,5710.0
T1102,1196,6541.7
T1102,1197,6523.7
T1102,1198,6584.0
T1102,1199,6593.9
T1102,1200,6567.5
T1102,1201,6585.7
T1102,1202,6533.4
T1102,1203,6475.3
T1102,1204,6425.5
T1102,1205,6356.4
T1102,1206,6402.2
T1102,1207,6338.2
T1102,1208,6396.5
T1102,1209,6397.9
T1102,1210,6451.8
T1102,1211,6446.1
T1102,1212,6390.9
T1102,1213,6403.2
T1102,1214,6437.9
T1102,1215,6502.9
T1102,1216,6429.0
T1102,1217,6386.8
T1102,1218,6403.3
T1102,1219,6393.2
T1102,1220,6390.7
T1102,1221,6453.7
T1102,1222,6401.3
T1102,1223,6416.2
T1102,1224,6420.8
T1102,1225,6429.6
T1102,1226,6459.3
T1102,1227,6474.8
T1102,1228,6421.3
T1102,1229,6431.4
T1102,1230,6584.3
T1102,1231,6610.2
T1102,1232,6702.2
T1102,1233,6666.1
T1102,1234,6690.5
T1102,1235,6679.5
T1102,1236,6683.9
T1102,1237,6688.5
T1102,1238,6581.7
T1102,1239,6561.2
T1102,1240,6698.6
T1102,1241,6722.0
T1102,1242,6764.1
T1102,1243,6826.5
T1102,1244,6892.5
T1102,1245,6992.3
T1102,1246,7028.9
T1102,1247,7024.6
T1102,1248,6977.2
T1102,1249,6955.8
T1102,1250,6893.3
T1102,1251,6937.2
T1102,1252,6927.5
T1102,1253,6878.7
T1102,1254,6821.4
T1102,1255,6939.3
T1102,1256,6926.5
T1102,1257,6977.8
T1102,1258,7003.2
T1102,1259,7013.2
T1102,1260,6985.9
T1102,1261,6926.6
T1102,1262,6921.4
T1102,1263,6861.2
T1102,1264,6825.8
T1102,1265,6927.8
T1102,1266,7037.8
T1102,1267,7033.7
T1102,1268,7133.5
T1102,1269,7183.3
T1102,1270,7259.2
T1102,1271,7275.2
T1102,1272,7358.2
T1102,1273,7367.4
T1102,1274,7406.9
T1102,1275,7410.1
T1102,1276,7423.0
T1102,1277,7467.9
T1102,1278,7425.5
T1102,1279,7464.7
T1120,1196,7120.3
T1120,1197,7093.8
T1120,1198,7088.2
T1120,1199,7096.2
T1120,1200,7124.5
T1120,1201,7095.6
T1120,1202,7087.0
T1120,1203,6985.2
T1120,1204,6965.4
T1120,1205,6945.8
T1120,1206,7007.5
T1120,1207,6937.7
T1120,1208,6950.1
T1120,1209,6969.0
T1120,1210,7014.8
T1120,1211,7031.4
T1120,1212,6984.1
T1120,1213,7009.6
T1120,1214,6953.1
T1120,1215,7063.9
T1120,1216,6987.1
T1120,1217,6975.1
T1120,1218,7063.1
T1120,1219,7073.1
T1120,1220,7083.3
T1120,1221,7128.3
T1120,1222,7091.6
T1120,1223,7118.6
T1120,1224,7068.3
T1120,1225,7120.6
T1120,1226,7151.6
T1120,1227,7169.0
T1120,1228,7129.9
T1120,1229,7162.3
T1120,1230,7291.6
T1120,1231,7313.2
T1120,1232,7431.4
T1120,1233,7335.4
T1120,1234,7345.5
T1120,1235,7304.7
T1120,1236,7344.0
T1120,1237,7400.2
T1120,1238,7351.9
T1120,1239,7328.2
T1120,1240,7467.8
T1120,1241,7507.9
T1120,1242,7512.1
T1120,1243,7572.2
T1120,1244,7623.3
T1120,1245,7754.1
T1120,1246,7914.9
T1120,1247,7998.4
T1120,1248,7985.4
T1120,1249,7940.1
T1120,1250,7908.0
T1120,1251,8028.4
T1120,1252,8051.9
T1120,1253,8018.1
T1120,1254,7939.1
T1120,1255,7979.3
T1120,1256,7942.8
T1120,1257,8005.0
T1120,1258,7989.6
T1120,1259,7915.2
T1120,1260,7857.3
T1120,1261,7843.1
T1120,1262,7797.5
T1120,1263,7692.8
T1120,1264,7670.6
T1120,1265,7814.7
T1120,1266,7839.4
T1120,1267,7789.3
T1120,1268,7848.0
T1120,1269,7988.1
T1120,1270,7996.5
T1120,1271,8015.1
T1120,1272,8080.0
T1120,1273,8023.3
T1120,1274,8028.0
T1120,1275,8004.7
T1120,1276,8015.0
T1120,1277,8044.0
T1120,1278,7909.3
T1120,1279,7945.0
T1205,1196,2608.5
T1205,1197,2598.9
T1205,1198,2606.4
T1205,1199,2619.4
T1205,1200,2629.6
T1205,1201,2634.2
T1205,1202,2646.3
T1205,1203,2671.3
T1205,1204,2645.8
T1205,1205,2634.1
T1205,1206,2611.3
T1205,1207,2602.4
T1205,1208,2622.2
T1205,1209,2631.4
T1205,1210,2624.0
T1205,1211,2628.1
T1205,1212,2610.3
T1205,1213,2624.4
T1205,1214,2638.2
T1205,1215,2667.4
T1205,1216,2655.5
T1205,1217,2656.7
T1205,1218,2672.1
T1205,1219,2727.6
T1205,1220,2769.5
T1205,1221,2745.4
T1205,1222,2739.8
T1205,1223,2746.0
T1205,1224,2770.0
T1205,1225,2779.9
T1205,1226,2784.5
T1205,1227,2793.1
T1205,1228,2778.0
T1205,1229,2787.2
T1205,1230,2801.8
T1205,1231,2823.0
T1205,1232,2862.6
T1205,1233,2844.9
T1205,1234,2859.1
T1205,1235,2851.3
T1205,1236,2831.8
T1205,1237,2854.0
T1205,1238,2856.1
T1205,1239,2853.6
T1205,1240,2865.6
T1205,1241,2902.7
T1205,1242,2881.6
T1205,1243,2889.2
T1205,1244,2872.1
T1205,1245,2874.1
T1205,1246,2866.0
T1205,1247,2835.2
T1205,1248,2795.9
T1205,1249,2796.4
T1205,1250,2828.6
T1205,1251,2858.3
T1205,1252,2883.6
T1205,1253,2869.6
T1205,1254,2886.6
T1205,1255,2915.4
T1205,1256,2901.8
T1205,1257,2888.5
T1205,1258,2912.2
T1205,1259,2964.4
T1205,1260,3026.4
T1205,1261,3024.9
T1205,1262,3048.3
T1205,1263,3118.1
T1205,1264,3131.5
T1205,1265,3129.6
T1205,1266,3133.2
T1205,1267,3108.0
T1205,1268,3129.7
T1205,1269,3127.0
T1205,1270,3142.3
T1205,1271,3148.5
T1205,1272,3155.7
T1205,1273,3173.9
T1205,1274,3168.4
T1205,1275,3170.4
T1205,1276,3172.3
T1205,1277,3169.4
T1205,1278,3202.3
T1205,1279,3273.3
T1206,1196,4454.1
T1206,1197,4499.5
T1206,1198,4511.0
T1206,1199,4569.7
T1206,1200,4552.0
T1206,1201,4571.8
T1206,1202,4588.6
T1206,1203,4534.9
T1206,1204,4456.2
T1206,1205,4407.1
T1206,1206,4519.9
T1206,1207,4481.1
T1206,1208,4466.6
T1206,1209,4555.2
T1206,1210,4562.1
T1206,1211,4610.1
T1206,1212,4695.4
T1206,1213,4676.3
T1206,1214,4724.9
T1206,1215,4763.9
T1206,1216,4681.5
T1206,1217,4656.9
T1206,1218,4736.6
T1206,1219,4710.2
T1206,1220,4650.0
T1206,1221,4731.5
T1206,1222,4782.3
T1206,1223,4718.4
T1206,1224,4706.8
T1206,1225,4723.2
T1206,1226,4759.5
T1206,1227,4812.8
T1206,1228,4845.0
T1206,1229,4864.6
T1206,1230,4938.8
T1206,1231,4929.9
T1206,1232,4905.5
T1206,1233,4819.4
T1206,1234,4852.6
T1206,1235,4845.4
T1206,1236,4776.6
T1206,1237,4765.9
T1206,1238,4680.2
T1206,1239,4647.2
T1206,1240,4659.6
T1206,1241,4708.9
T1206,1242,4736.9
T1206,1243,4726.1
T1206,1244,4725.4
T1206,1245,4730.5
T1206,1246,4741.3
T1206,1247,4757.0
T1206,1248,4721.4
T1206,1249,4729.1
T1206,1250,4767.9
T1206,1251,4788.3
T1206,1252,4766.4
T1206,1253,4713.2
T1206,1254,4737.4
T1206,1255,4773.9
T1206,1256,4829.4
T1206,1257,4904.3
T1206,1258,4919.5
T1206,1259,4940.5
T1206,1260,4947.7
T1206,1261,4899.5
T1206,1262,4909.5
T1206,1263,4879.5
T1206,1264,4864.1
T1206,1265,4870.9
T1206,1266,4867.3
T1206,1267,4870.7
T1206,1268,4863.9
T1206,1269,4868.3
T1206,1270,4876.0
T1206,1271,4835.4
T1206,1272,4867.3
T1206,1273,4879.6
T1206,1274,4835.7
T1206,1275,4813.1
T1206,1276,4836.8
T1206,1277,4830.0
T1206,1278,4850.2
T1206,1279,4837.0
T1211,1196,5571.6
T1211,1197,5612.5
T1211,1198,5621.9
T1211,1199,5679.0
T1211,1200,5695.9
T1211,1201,5672.9
T1211,1202,5715.5
T1211,1203,5665.8
T1211,1204,5559.1
T1211,1205,5521.6
T1211,1206,5653.3
T1211,1207,5632.9
T1211,1208,5626.6
T1211,1209,5740.6
T1211,1210,5738.9
T1211,1211,5802.4
T1211,1212,5875.2
T1211,1213,5865.0
T1211,1214,5886.4
T1211,1215,5960.6
T1211,1216,5877.2
T1211,1217,5819.9
T1211,1218,5925.4
T1211,1219,5897.9
T1211,1220,5822.7
T1211,1221,5909.7
T1211,1222,6003.4
T1211,1223,5918.0
T1211,1224,5846.5
T1211,1225,5908.4
T1211,1226,5948.2
T1211,1227,6019.6
T1211,1228,6078.1
T1211,1229,6114.6
T1211,1230,6215.1
T1211,1231,6179.6
T1211,1232,6147.4
T1211,1233,6042.9
T1211,1234,6053.7
T1211,1235,6027.2
T1211,1236,5973.9
T1211,1237,5982.8
T1211,1238,5880.2
T1211,1239,5843.6
T1211,1240,5849.0
T1211,1241,5896.7
T1211,1242,5920.7
T1211,1243,5944.2
T1211,1244,5933.8
T1211,1245,5983.6
T1211,1246,6081.7
T1211,1247,6161.5
T1211,1248,6117.5
T1211,1249,6107.6
T1211,1250,6145.4
T1211,1251,6253.2
T1211,1252,6264.7
T1211,1253,6188.5
T1211,1254,6176.9
T1211,1255,6195.6
T1211,1256,6218.9
T1211,1257,6328.4
T1211,1258,6365.6
T1211,1259,6322.9
T1211,1260,6301.3
T1211,1261,6242.0
T1211,1262,6227.5
T1211,1263,6179.1
T1211,1264,6170.2
T1211,1265,6227.7
T1211,1266,6203.8
T1211,1267,6216.6
T1211,1268,6201.6
T1211,1269,6233.3
T1211,1270,6202.3
T1211,1271,6168.7
T1211,1272,6196.9
T1211,1273,6144.4
T1211,1274,6117.7
T1211,1275,6146.2
T1211,1276,6172.4
T1211,1277,6193.4
T1211,1278,6155.7
T1211,1279,6165.0
T1220,1196,4429.4
T1220,1197,4447.6
T1220,1198,4481.6
T1220,1199,4500.3
T1220,1200,4547.9
T1220,1201,4511.5
T1220,1202,4499.3
T1220,1203,4546.3
T1220,1204,4484.1
T1220,1205,4453.2
T1220,1206,4503.1
T1220,1207,4448.6
T1220,1208,4524.8
T1220,1209,4542.9
T1220,1210,4544.2
T1220,1211,4582.3
T1220,1212,4613.7
T1220,1213,4678.4
T1220,1214,4669.4
T1220,1215,4606.8
T1220,1216,4550.2
T1220,1217,4550.4
T1220,1218,4572.8
T1220,1219,4573.8
T1220,1220,4585.8
T1220,1221,4591.7
T1220,1222,4588.0
T1220,1223,4615.2
T1220,1224,4650.2
T1220,1225,4663.9
T1220,1226,4659.1
T1220,1227,4616.2
T1220,1228,4706.8
T1220,1229,4744.1
T1220,1230,4778.4
T1220,1231,4859.3
T1220,1232,4865.3
T1220,1233,4874.4
T1220,1234,4911.9
T1220,1235,4911.2
T1220,1236,4930.5
T1220,1237,4921.5
T1220,1238,4930.0
T1220,1239,4959.5
T1220,1240,4983.1
T1220,1241,4959.8
T1220,1242,4922.1
T1220,1243,5032.0
T1220,1244,5132.2
T1220,1245,5110.5
T1220,1246,5128.4
T1220,1247,5143.7
T1220,1248,5174.3
T1220,1249,5188.8
T1220,1250,5203.3
T1220,1251,5202.4
T1220,1252,5224.8
T1220,1253,5273.0
T1220,1254,5258.9
T1220,1255,5303.5
T1220,1256,5277.3
T1220,1257,5298.5
T1220,1258,5311.9
T1220,1259,5377.5
T1220,1260,5400.2
T1220,1261,5385.4
T1220,1262,5342.1
T1220,1263,5450.7
T1220,1264,5499.6
T1220,1265,5525.5
T1220,1266,5501.2
T1220,1267,5567.6
T1220,1268,5604.7
T1220,1269,5640.1
T1220,1270,5636.4
T1220,1271,5608.9
T1220,1272,5621.5
T1220,1273,5649.6
T1220,1274,5709.0
T1220,1275,5767.4
T1220,1276,5785.0
T1220,1277,5706.7
T1220,1278,5745.7
T1220,1279,5786.7
T1335,1196,1703.97
T1335,1197,1664.4
T1335,1198,1703.11
T1335,1199,1734.52
T1335,1200,1723.4
T1335,1201,1734.49
T1335,1202,1740.4
T1335,1203,1758.43
T1335,1204,1770.87
T1335,1205,1759.16
T1335,1206,1830.59
T1335,1207,1842.34
T1335,1208,1795.9
T1335,1209,1805.3
T1335,1210,1862.6
T1335,1211,1871.4
T1335,1212,1943.33
T1335,1213,1931.89
T1335,1214,1983.99
T1335,1215,2029.65
T1335,1216,2052.45
T1335,1217,1990.45
T1335,1218,2035.29
T1335,1219,2000.11
T1335,1220,1905.26
T1335,1221,1973.66
T1335,1222,1976.65
T1335,1223,1897.89
T1335,1224,1835.07
T1335,1225,1867.45
T1335,1226,1821.39
T1335,1227,1949.48
T1335,1228,1930.89
T1335,1229,1922.5
T1335,1230,1916.84
T1335,1231,1898.1
T1335,1232,1897.95
T1335,1233,1830.14
T1335,1234,1828.43
T1335,1235,1825.4
T1335,1236,1815.12
T1335,1237,1794.37
T1335,1238,1719.94
T1335,1239,1710.95
T1335,1240,1758.12
T1335,1241,1710.88
T1335,1242,1743.81
T1335,1243,1777.0
T1335,1244,1836.14
T1335,1245,1807.56
T1335,1246,1811.33
T1335,1247,1821.56
T1335,1248,1805.68
T1335,1249,1795.79
T1335,1250,1825.61
T1335,1251,1847.64
T1335,1252,1934.59
T1335,1253,1903.86
T1335,1254,1877.98
T1335,1255,1953.72
T1335,1256,1943.62
T1335,1257,1998.79
T1335,1258,1983.59
T1335,1259,1982.03
T1335,1260,2005.16
T1335,1261,1964.06
T1335,1262,1944.16
T1335,1263,1969.51
T1335,1264,1950.61
T1335,1265,1945.0
T1335,1266,1944.82
T1335,1267,1969.09
T1335,1268,1979.52
T1335,1269,1961.43
T1335,1270,1970.64
T1335,1271,1952.94
T1335,1272,1958.75
T1335,1273,1960.12
T1335,1274,1953.36
T1335,1275,1936.49
T1335,1276,1962.54
T1335,1277,1990.33
T1335,1278,1963.63
T1335,1279,1988.74
T1430,1196,7470.5
T1430,1197,7601.8
T1430,1198,7554.2
T1430,1199,7651.0
T1430,1200,7651.5
T1430,1201,7682.2
T1430,1202,7822.6
T1430,1203,7743.3
T1430,1204,7741.7
T1430,1205,7691.7
T1430,1206,7910.5
T1430,1207,7826.9
T1430,1208,7823.1
T1430,1209,7782.2
T1430,1210,7960.9
T1430,1211,7994.4
T1430,1212,8123.0
T1430,1213,8153.2
T1430,1214,8170.7
T1430,1215,8240.1
T1430,1216,8239.1
T1430,1217,8156.3
T1430,1218,8139.1
T1430,1219,8015.7
T1430,1220,7960.8
T1430,1221,8124.4
T1430,1222,8162.9
T1430,1223,8105.9
T1430,1224,8051.9
T1430,1225,8069.6
T1430,1226,8220.4
T1430,1227,8334.7
T1430,1228,8415.8
T1430,1229,8285.9
T1430,1230,8293.5
T1430,1231,8202.7
T1430,1232,8193.4
T1430,1233,8229.3
T1430,1234,8247.1
T1430,1235,8278.0
T1430,1236,8123.5
T1430,1237,8379.9
T1430,1238,8310.3
T1430,1239,8160.1
T1430,1240,8142.5
T1430,1241,8192.2
T1430,1242,8206.2
T1430,1243,8147.1
T1430,1244,8183.4
T1430,1245,8143.7
T1430,1246,8130.7
T1430,1247,8228.2
T1430,1248,8308.7
T1430,1249,8230.8
T1430,1250,8248.0
T1430,1251,8195.5
T1430,1252,8213.7
T1430,1253,8294.7
T1430,1254,8278.8
T1430,1255,8217.6
T1430,1256,8320.0
T1430,1257,8417.8
T1430,1258,8456.5
T1430,1259,8532.8
T1430,1260,8646.9
T1430,1261,8749.8
T1430,1262,8740.5
T1430,1263,8680.7
T1430,1264,8596.6
T1430,1265,8657.1
T1430,1266,8597.3
T1430,1267,8570.3
T1430,1268,8642.5
T1430,1269,8648.0
T1430,1270,8640.8
T1430,1271,8423.6
T1430,1272,8366.5
T1430,1273,8512.1
T1430,1274,8444.1
T1430,1275,8351.1
T1430,1276,8347.0
T1430,1277,8446.0
T1430,1278,8548.0
T1430,1279,8726.2
T1460,1196,6991.8
T1460,1197,7208.1
T1460,1198,7275.6
T1460,1199,7383.7
T1460,1200,7379.3
T1460,1201,7371.6
T1460,1202,7516.6
T1460,1203,7437.9
T1460,1204,7384.9
T1460,1205,7402.7
T1460,1206,7545.3
T1460,1207,7404.7
T1460,1208,7428.0
T1460,1209,7387.7
T1460,1210,7469.4
T1460,1211,7467.8
T1460,1212,7520.3
T1460,1213,7500.3
T1460,1214,7495.5
T1460,1215,7519.5
T1460,1216,7508.0
T1460,1217,7410.4
T1460,1218,7414.0
T1460,1219,7412.5
T1460,1220,7304.1
T1460,1221,7397.5
T1460,1222,7533.8
T1460,1223,7505.7
T1460,1224,7466.8
T1460,1225,7474.2
T1460,1226,7625.1
T1460,1227,7644.0
T1460,1228,7647.0
T1460,1229,7554.4
T1460,1230,7678.5
T1460,1231,7586.8
T1460,1232,7575.4
T1460,1233,7600.2
T1460,1234,7583.4
T1460,1235,7602.3
T1460,1236,7461.9
T1460,1237,7641.3
T1460,1238,7634.7
T1460,1239,7545.2
T1460,1240,7534.0
T1460,1241,7534.4
T1460,1242,7543.1
T1460,1243,7556.5
T1460,1244,7584.3
T1460,1245,7573.7
T1460,1246,7659.0
T1460,1247,7736.1
T1460,1248,7771.5
T1460,1249,7735.9
T1460,1250,7687.9
T1460,1251,7685.7
T1460,1252,7756.5
T1460,1253,7761.5
T1460,1254,7767.2
T1460,1255,7662.2
T1460,1256,7782.5
T1460,1257,7895.2
T1460,1258,7890.8
T1460,1259,7964.2
T1460,1260,7982.4
T1460,1261,8008.6
T1460,1262,7986.5
T1460,1263,7899.4
T1460,1264,7833.6
T1460,1265,7910.1
T1460,1266,7871.1
T1460,1267,7868.7
T1460,1268,7893.6
T1460,1269,7910.2
T1460,1270,7956.2
T1460,1271,7891.7
T1460,1272,7780.9
T1460,1273,7895.4
T1460,1274,7844.1
T1460,1275,7739.5
T1460,1276,7744.5
T1460,1277,7784.7
T1460,1278,7879.8
T1460,1279,8013.5
T1486,1196,5511.4
T1486,1197,5634.6
T1486,1198,5662.2
T1486,1199,5739.3
T1486,1200,5628.9
T1486,1201,5600.7
T1486,1202,5715.8
T1486,1203,5542.3
T1486,1204,5357.4
T1486,1205,5212.7
T1486,1206,5285.2
T1486,1207,5185.7
T1486,1208,5080.7
T1486,1209,5333.8
T1486,1210,5310.1
T1486,1211,5427.9
T1486,1212,5686.7
T1486,1213,5710.0
T1486,1214,5811.1
T1486,1215,5805.0
T1486,1216,5615.4
T1486,1217,5528.4
T1486,1218,5580.0
T1486,1219,5547.2
T1486,1220,5469.7
T1486,1221,5434.0
T1486,1222,5610.8
T1486,1223,5500.1
T1486,1224,5567.2
T1486,1225,5440.8
T1486,1226,5470.1
T1486,1227,5519.3
T1486,1228,5655.8
T1486,1229,5594.9
T1486,1230,5672.8
T1486,1231,5650.4
T1486,1232,5666.7
T1486,1233,5592.9
T1486,1234,5608.7
T1486,1235,5512.9
T1486,1236,5407.2
T1486,1237,5420.0
T1486,1238,5407.8
T1486,1239,5363.6
T1486,1240,5450.5
T1486,1241,5444.5
T1486,1242,5430.0
T1486,1243,5327.0
T1486,1244,5228.4
T1486,1245,5184.3
T1486,1246,5227.7
T1486,1247,5290.3
T1486,1248,5271.4
T1486,1249,5143.6
T1486,1250,5185.8
T1486,1251,5221.0
T1486,1252,5330.4
T1486,1253,5303.4
T1486,1254,5303.7
T1486,1255,5260.4
T1486,1256,5380.1
T1486,1257,5473.0
T1486,1258,5462.7
T1486,1259,5485.2
T1486,1260,5623.2
T1486,1261,5642.7
T1486,1262,5639.8
T1486,1263,5570.5
T1486,1264,5531.8
T1486,1265,5567.7
T1486,1266,5562.3
T1486,1267,5531.8
T1486,1268,5487.2
T1486,1269,5448.6
T1486,1270,5519.6
T1486,1271,5480.3
T1486,1272,5510.5
T1486,1273,5544.8
T1486,1274,5579.5
T1486,1275,5489.5
T1486,1276,5529.1
T1486,1277,5506.0
T1486,1278,5520.9
T1486,1279,5446.7
T1558,1196,793.62
T1558,1197,806.75
T1558,1198,810.76
T1558,1199,828.76
T1558,1200,822.09
T1558,1201,817.74
T1558,1202,830.99
T1558,1203,816.54
T1558,1204,810.39
T1558,1205,808.62
T1558,1206,827.28
T1558,1207,820.19
T1558,1208,809.04
T1558,1209,820.79
T1558,1210,838.59
T1558,1211,846.6
T1558,1212,875.8
T1558,1213,875.7
T1558,1214,884.5
T1558,1215,893.84
T1558,1216,892.27
T1558,1217,902.72
T1558,1218,928.78
T1558,1219,928.2
T1558,1220,900.22
T1558,1221,894.19
T1558,1222,908.48
T1558,1223,895.13
T1558,1224,894.28
T1558,1225,899.83
T1558,1226,897.77
T1558,1227,893.76
T1558,1228,915.81
T1558,1229,925.2
T1558,1230,931.66
T1558,1231,943.83
T1558,1232,954.79
T1558,1233,943.28
T1558,1234,951.16
T1558,1235,948.41
T1558,1236,954.47
T1558,1237,976.04
T1558,1238,974.35
T1558,1239,943.16
T1558,1240,939.95
T1558,1241,950.45
T1558,1242,963.85
T1558,1243,953.11
T1558,1244,957.48
T1558,1245,956.71
T1558,1246,956.66
T1558,1247,968.18
T1558,1248,960.37
T1558,1249,947.24
T1558,1250,965.45
T1558,1251,976.7
T1558,1252,1000.64
T1558,1253,1006.75
T1558,1254,1006.25
T1558,1255,1012.77
T1558,1256,1024.97
T1558,1257,1038.49
T1558,1258,1031.38
T1558,1259,1028.47
T1558,1260,1041.79
T1558,1261,1050.15
T1558,1262,1053.84
T1558,1263,1055.29
T1558,1264,1055.23
T1558,1265,1074.7
T1558,1266,1094.57
T1558,1267,1096.86
T1558,1268,1113.99
T1558,1269,1131.79
T1558,1270,1114.24
T1558,1271,1119.89
T1558,1272,1106.92
T1558,1273,1127.46
T1558,1274,1114.35
T1558,1275,1078.72
T1558,1276,1092.22
T1558,1277,1119.4
T1558,1278,1127.87
T1558,1279,1113.94
T1571,1196,7877.3
T1571,1197,7831.6
T1571,1198,7787.0
T1571,1199,7743.7
T1571,1200,7754.0
T1571,1201,7818.5
T1571,1202,7849.3
T1571,1203,7774.5
T1571,1204,7888.4
T1571,1205,7966.8
T1571,1206,8098.4
T1571,1207,7944.2
T1571,1208,7957.1
T1571,1209,7925.3
T1571,1210,7953.7
T1571,1211,8008.3
T1571,1212,8106.3
T1571,1213,8098.2
T1571,1214,8133.9
T1571,1215,8221.1
T1571,1216,8240.5
T1571,1217,8276.4
T1571,1218,8294.5
T1571,1219,8242.0
T1571,1220,8282.5
T1571,1221,8318.1
T1571,1222,8259.1
T1571,1223,8283.9
T1571,1224,8249.8
T1571,1225,8291.2
T1571,1226,8333.2
T1571,1227,8355.4
T1571,1228,8556.2
T1571,1229,8683.0
T1571,1230,8595.9
T1571,1231,8639.8
T1571,1232,8690.8
T1571,1233,8481.2
T1571,1234,8552.5
T1571,1235,8468.2
T1571,1236,8405.8
T1571,1237,8475.6
T1571,1238,8464.6
T1571,1239,8394.7
T1571,1240,8407.1
T1571,1241,8522.3
T1571,1242,8520.1
T1571,1243,8551.8
T1571,1244,8612.5
T1571,1245,8679.8
T1571,1246,8655.9
T1571,1247,8668.2
T1571,1248,8680.8
T1571,1249,8659.9
T1571,1250,8598.9
T1571,1251,8598.3
T1571,1252,8489.3
T1571,1253,8432.3
T1571,1254,8462.2
T1571,1255,8571.5
T1571,1256,8562.4
T1571,1257,8584.1
T1571,1258,8596.8
T1571,1259,8637.4
T1571,1260,8629.9
T1571,1261,8489.0
T1571,1262,8550.5
T1571,1263,8443.9
T1571,1264,8423.7
T1571,1265,8420.4
T1571,1266,8465.0
T1571,1267,8416.8
T1571,1268,8561.1
T1571,1269,8712.5
T1571,1270,8827.4
T1571,1271,8802.8
T1571,1272,8788.6
T1571,1273,8805.3
T1571,1274,8660.8
T1571,1275,8596.3
T1571,1276,8626.5
T1571,1277,8688.1
T1571,1278,8624.3
T1571,1279,8740.2
T1585,1196,1211.99
T1585,1197,1203.26
T1585,1198,1206.37
T1585,1199,1196.27
T1585,1200,1197.28
T1585,1201,1206.82
T1585,1202,1208.81
T1585,1203,1208.56
T1585,1204,1219.97
T1585,1205,1229.5
T1585,1206,1246.72
T1585,1207,1230.79
T1585,1208,1244.46
T1585,1209,1237.49
T1585,1210,1241.26
T1585,1211,1246.9
T1585,1212,1253.46
T1585,1213,1253.08
T1585,1214,1266.23
T1585,1215,1276.39
T1585,1216,1283.74
T1585,1217,1276.38
T1585,1218,1268.21
T1585,1219,1257.98
T1585,1220,1261.96
T1585,1221,1267.17
T1585,1222,1260.38
T1585,1223,1261.74
T1585,1224,1253.27
T1585,1225,1262.85
T1585,1226,1268.14
T1585,1227,1273.3
T1585,1228,1305.78
T1585,1229,1322.65
T1585,1230,1314.88
T1585,1231,1317.67
T1585,1232,1321.29
T1585,1233,1299.14
T1585,1234,1307.32
T1585,1235,1297.16
T1585,1236,1289.18
T1585,1237,1296.02
T1585,1238,1283.56
T1585,1239,1275.17
T1585,1240,1274.61
T1585,1241,1284.95
T1585,1242,1289.73
T1585,1243,1304.47
T1585,1244,1314.96
T1585,1245,1332.46
T1585,1246,1326.42
T1585,1247,1328.07
T1585,1248,1323.49
T1585,1249,1320.08
T1585,1250,1301.45
T1585,1251,1307.02
T1585,1252,1293.27
T1585,1253,1281.9
T1585,1254,1279.75
T1585,1255,1305.56
T1585,1256,1297.38
T1585,1257,1302.26
T1585,1258,1316.09
T1585,1259,1321.38
T1585,1260,1319.76
T1585,1261,1290.08
T1585,1262,1299.87
T1585,1263,1288.38
T1585,1264,1285.53
T1585,1265,1287.28
T1585,1266,1306.45
T1585,1267,1306.0
T1585,1268,1335.78
T1585,1269,1348.76
T1585,1270,1369.23
T1585,1271,1370.06
T1585,1272,1367.33
T1585,1273,1365.45
T1585,1274,1355.87
T1585,1275,1363.7
T1585,1276,1368.25
T1585,1277,1388.67
T1585,1278,1380.24
T1585,1279,1406.05
T2021,1196,7374.3
T2021,1197,7337.3
T2021,1198,7316.7
T2021,1199,7323.8
T2021,1200,7362.8
T2021,1201,7297.5
T2021,1202,7334.8
T2021,1203,7282.3
T2021,1204,7274.8
T2021,1205,7324.2
T2021,1206,7335.9
T2021,1207,7218.4
T2021,1208,7184.8
T2021,1209,7244.7
T2021,1210,7213.4
T2021,1211,7247.1
T2021,1212,7313.7
T2021,1213,7302.4
T2021,1214,7202.1
T2021,1215,7255.7
T2021,1216,7232.2
T2021,1217,7240.6
T2021,1218,7281.8
T2021,1219,7293.4
T2021,1220,7331.9
T2021,1221,7337.0
T2021,1222,7366.0
T2021,1223,7338.8
T2021,1224,7348.7
T2021,1225,7406.9
T2021,1226,7465.1
T2021,1227,7461.7
T2021,1228,7470.6
T2021,1229,7528.1
T2021,1230,7529.7
T2021,1231,7534.3
T2021,1232,7585.4
T2021,1233,7462.8
T2021,1234,7465.8
T2021,1235,7413.9
T2021,1236,7449.2
T2021,1237,7503.0
T2021,1238,7566.6
T2021,1239,7600.1
T2021,1240,7639.1
T2021,1241,7713.3
T2021,1242,7658.2
T2021,1243,7699.9
T2021,1244,7657.1
T2021,1245,7677.4
T2021,1246,7823.9
T2021,1247,7904.8
T2021,1248,7914.5
T2021,1249,7930.4
T2021,1250,7911.7
T2021,1251,8000.3
T2021,1252,8001.4
T2021,1253,7953.6
T2021,1254,7979.5
T2021,1255,7856.4
T2021,1256,7815.8
T2021,1257,7853.3
T2021,1258,7814.9
T2021,1259,7750.5
T2021,1260,7685.5
T2021,1261,7668.6
T2021,1262,7645.4
T2021,1263,7565.4
T2021,1264,7576.7
T2021,1265,7610.7
T2021,1266,7478.2
T2021,1267,7500.0
T2021,1268,7499.3
T2021,1269,7579.7
T2021,1270,7555.1
T2021,1271,7557.4
T2021,1272,7531.7
T2021,1273,7541.5
T2021,1274,7507.7
T2021,1275,7483.2
T2021,1276,7498.4
T2021,1277,7560.0
T2021,1278,7470.8
T2021,1279,7442.5
T2025,1196,3735.3
T2025,1197,3758.0
T2025,1198,3745.8
T2025,1199,3766.9
T2025,1200,3753.3
T2025,1201,3780.9
T2025,1202,3798.4
T2025,1203,3784.4
T2025,1204,3795.2
T2025,1205,3728.5
T2025,1206,3763.5
T2025,1207,3765.7
T2025,1208,3722.1
T2025,1209,3766.6
T2025,1210,3800.8
T2025,1211,3855.7
T2025,1212,3935.1
T2025,1213,3920.6
T2025,1214,3875.6
T2025,1215,3926.0
T2025,1216,3882.9
T2025,1217,3860.9
T2025,1218,3918.7
T2025,1219,3831.4
T2025,1220,3821.8
T2025,1221,3910.4
T2025,1222,3868.4
T2025,1223,3786.8
T2025,1224,3802.9
T2025,1225,3870.1
T2025,1226,3889.9
T2025,1227,3947.8
T2025,1228,3967.5
T2025,1229,3969.7
T2025,1230,3955.5
T2025,1231,3939.0
T2025,1232,3939.2
T2025,1233,3903.1
T2025,1234,3965.2
T2025,1235,3951.1
T2025,1236,3949.7
T2025,1237,3948.5
T2025,1238,3827.4
T2025,1239,3823.9
T2025,1240,3844.9
T2025,1241,3903.9
T2025,1242,3896.1
T2025,1243,3883.8
T2025,1244,4006.8
T2025,1245,4038.8
T2025,1246,3998.0
T2025,1247,4007.2
T2025,1248,3986.3
T2025,1249,3948.2
T2025,1250,3953.0
T2025,1251,3933.3
T2025,1252,3896.7
T2025,1253,3870.8
T2025,1254,3933.9
T2025,1255,3955.6
T2025,1256,3988.9
T2025,1257,4078.2
T2025,1258,4158.8
T2025,1259,4104.1
T2025,1260,4106.9
T2025,1261,4045.7
T2025,1262,4040.6
T2025,1263,4001.6
T2025,1264,4022.4
T2025,1265,4011.5
T2025,1266,4040.6
T2025,1267,4068.3
T2025,1268,4100.7
T2025,1269,4122.5
T2025,1270,4120.6
T2025,1271,4046.5
T2025,1272,4064.1
T2025,1273,4065.7
T2025,1274,4003.9
T2025,1275,4023.8
T2025,1276,4023.4
T2025,1277,4093.3
T2025,1278,4108.8
T2025,1279,4113.3
T2580,1196,1230.04
T2580,1197,1241.93
T2580,1198,1232.68
T2580,1199,1237.39
T2580,1200,1237.59
T2580,1201,1236.64
T2580,1202,1232.84
T2580,1203,1232.06
T2580,1204,1224.47
T2580,1205,1215.63
T2580,1206,1215.09
T2580,1207,1204.12
T2580,1208,1210.31
T2580,1209,1214.24
T2580,1210,1213.13
T2580,1211,1215.44
T2580,1212,1232.05
T2580,1213,1223.99
T2580,1214,1239.6
T2580,1215,1242.02
T2580,1216,1237.89
T2580,1217,1230.19
T2580,1218,1243.07
T2580,1219,1236.04
T2580,1220,1235.89
T2580,1221,1231.69
T2580,1222,1232.52
T2580,1223,1244.84
T2580,1224,1238.84
T2580,1225,1239.58
T2580,1226,1244.08
T2580,1227,1242.58
T2580,1228,1256.04
T2580,1229,1263.42
T2580,1230,1265.28
T2580,1231,1260.89
T2580,1232,1259.87
T2580,1233,1256.35
T2580,1234,1259.33
T2580,1235,1254.13
T2580,1236,1263.97
T2580,1237,1253.92
T2580,1238,1261.42
T2580,1239,1256.88
T2580,1240,1259.16
T2580,1241,1270.89
T2580,1242,1273.59
T2580,1243,1266.79
T2580,1244,1273.46
T2580,1245,1269.72
T2580,1246,1267.22
T2580,1247,1269.58
T2580,1248,1266.69
T2580,1249,1263.8
T2580,1250,1269.92
T2580,1251,1271.86
T2580,1252,1271.16
T2580,1253,1266.99
T2580,1254,1276.39
T2580,1255,1267.25
T2580,1256,1265.85
T2580,1257,1286.14
T2580,1258,1298.62
T2580,1259,1302.51
T2580,1260,1306.23
T2580,1261,1302.91
T2580,1262,1307.35
T2580,1263,1309.96
T2580,1264,1305.36
T2580,1265,1312.89
T2580,1266,1318.43
T2580,1267,1319.22
T2580,1268,1319.12
T2580,1269,1317.09
T2580,1270,1313.47
T2580,1271,1307.93
T2580,1272,1311.27
T2580,1273,1310.65
T2580,1274,1309.7
T2580,1275,1314.01
T2580,1276,1310.94
T2580,1277,1320.92
T2580,1278,1319.64
T2580,1279,1320.42
T2663,1196,13930.0
T2663,1197,13937.8
T2663,1198,13839.9
T2663,1199,13732.2
T2663,1200,13790.8
T2663,1201,13788.8
T2663,1202,13819.6
T2663,1203,13775.3
T2663,1204,13639.2
T2663,1205,13493.3
T2663,1206,13182.6
T2663,1207,13150.6
T2663,1208,13233.2
T2663,1209,13416.7
T2663,1210,13520.7
T2663,1211,13518.9
T2663,1212,13623.6
T2663,1213,13706.7
T2663,1214,13959.0
T2663,1215,13979.0
T2663,1216,13955.7
T2663,1217,14050.6
T2663,1218,14237.2
T2663,1219,14245.3
T2663,1220,14313.7
T2663,1221,14259.9
T2663,1222,14229.5
T2663,1223,14326.7
T2663,1224,14435.4
T2663,1225,14443.1
T2663,1226,14477.2
T2663,1227,14354.2
T2663,1228,14318.0
T2663,1229,14283.8
T2663,1230,14173.9
T2663,1231,13768.9
T2663,1232,13720.6
T2663,1233,13835.3
T2663,1234,13928.0
T2663,1235,13844.1
T2663,1236,13810.9
T2663,1237,13883.1
T2663,1238,8950.8
T2663,1239,8845.6
T2663,1240,8363.4
T2663,1241,8372.0
T2663,1242,8697.0
T2663,1243,8445.5
T2663,1244,8611.4
T2663,1245,8912.3
T2663,1246,8832.4
T2663,1247,8850.5
T2663,1248,8951.8
T2663,1249,9110.8
T2663,1250,9143.2
T2663,1251,9046.9
T2663,1252,8847.8
T2663,1253,8778.0
T2663,1254,8820.5
T2663,1255,9010.2
T2663,1256,8994.4
T2663,1257,9274.1
T2663,1258,9213.0
T2663,1259,9428.9
T2663,1260,9376.7
T2663,1261,9269.9
T2663,1262,9264.4
T2663,1263,9409.4
T2663,1264,9310.4
T2663,1265,9159.2
T2663,1266,9208.0
T2663,1267,9244.1
T2663,1268,9324.8
T2663,1269,9287.1
T2663,1270,9457.1
T2663,1271,9329.5
T2663,1272,9435.4
T2663,1273,9494.3
T2663,1274,9496.6
T2663,1275,9433.3
T2663,1276,9475.2
T2663,1277,9389.5
T2663,1278,9438.3
T2663,1279,9279.5
T2667,1196,6713.1
T2667,1197,6728.4
T2667,1198,6795.3
T2667,1199,6850.9
T2667,1200,6891.1
T2667,1201,6900.7
T2667,1202,6864.1
T2667,1203,6882.9
T2667,1204,6844.0
T2667,1205,6835.4
T2667,1206,6936.7
T2667,1207,6858.4
T2667,1208,6893.4
T2667,1209,6970.2
T2667,1210,6973.9
T2667,1211,7071.7
T2667,1212,7109.4
T2667,1213,7114.2
T2667,1214,7136.5
T2667,1215,7161.7
T2667,1216,7095.0
T2667,1217,7075.9
T2667,1218,7111.7
T2667,1219,7009.9
T2667,1220,7038.7
T2667,1221,7023.0
T2667,1222,6998.3
T2667,1223,6929.6
T2667,1224,7013.4
T2667,1225,7060.5
T2667,1226,7122.9
T2667,1227,7122.0
T2667,1228,7098.0
T2667,1229,7151.6
T2667,1230,7139.9
T2667,1231,7171.9
T2667,1232,7203.4
T2667,1233,7125.3
T2667,1234,7224.0
T2667,1235,7218.1
T2667,1236,7202.1
T2667,1237,7137.0
T2667,1238,7046.0
T2667,1239,7043.4
T2667,1240,7017.5
T2667,1241,7085.2
T2667,1242,7106.5
T2667,1243,7183.2
T2667,1244,7241.7
T2667,1245,7248.1
T2667,1246,7263.2
T2667,1247,7253.8
T2667,1248,7178.7
T2667,1249,7250.1
T2667,1250,7273.9
T2667,1251,7330.6
T2667,1252,7336.9
T2667,1253,7310.1
T2667,1254,7422.4
T2667,1255,7427.1
T2667,1256,7448.0
T2667,1257,7397.2
T2667,1258,7420.6
T2667,1259,7455.9
T2667,1260,7463.8
T2667,1261,7386.5
T2667,1262,7369.7
T2667,1263,7283.1
T2667,1264,7323.8
T2667,1265,7349.9
T2667,1266,7346.0
T2667,1267,7508.6
T2667,1268,7588.6
T2667,1269,7557.5
T2667,1270,7555.4
T2667,1271,7498.0
T2667,1272,7501.3
T2667,1273,7519.3
T2667,1274,7488.6
T2667,1275,7526.6
T2667,1276,7502.7
T2667,1277,7552.8
T2667,1278,7550.4
T2667,1279,7608.8
T2685,1196,8141.6
T2685,1197,8103.1
T2685,1198,8112.3
T2685,1199,8135.4
T2685,1200,8002.4
T2685,1201,8042.7
T2685,1202,7970.9
T2685,1203,8003.6
T2685,1204,8035.2
T2685,1205,8116.9
T2685,1206,8111.0
T2685,1207,8015.1
T2685,1208,7979.4
T2685,1209,7894.1
T2685,1210,7938.0
T2685,1211,7951.8
T2685,1212,7977.6
T2685,1213,7934.3
T2685,1214,8010.5
T2685,1215,8034.8
T2685,1216,8025.2
T2685,1217,7923.0
T2685,1218,7979.5
T2685,1219,7919.6
T2685,1220,7868.6
T2685,1221,7920.2
T2685,1222,7930.9
T2685,1223,8019.2
T2685,1224,8073.3
T2685,1225,8109.1
T2685,1226,8092.7
T2685,1227,8083.4
T2685,1228,8100.4
T2685,1229,8046.7
T2685,1230,8158.9
T2685,1231,8226.1
T2685,1232,8323.6
T2685,1233,8453.1
T2685,1234,8518.1
T2685,1235,8580.7
T2685,1236,8668.2
T2685,1237,8703.5
T2685,1238,8862.7
T2685,1239,8898.6
T2685,1240,8943.7
T2685,1241,9134.0
T2685,1242,9078.1
T2685,1243,9095.6
T2685,1244,9104.1
T2685,1245,9031.5
T2685,1246,9102.3
T2685,1247,9119.1
T2685,1248,9201.5
T2685,1249,9132.0
T2685,1250,9158.6
T2685,1251,9158.4
T2685,1252,9014.0
T2685,1253,9068.5
T2685,1254,9019.6
T2685,1255,9032.1
T2685,1256,9273.1
T2685,1257,9288.7
T2685,1258,9239.5
T2685,1259,9111.7
T2685,1260,9096.2
T2685,1261,9118.5
T2685,1262,9202.4
T2685,1263,9370.7
T2685,1264,9441.1
T2685,1265,9318.7
T2685,1266,9301.0
T2685,1267,9128.5
T2685,1268,9216.2
T2685,1269,9284.7
T2685,1270,9377.9
T2685,1271,9450.3
T2685,1272,9441.5
T2685,1273,9465.8
T2685,1274,9541.5
T2685,1275,9481.8
T2685,1276,9702.5
T2685,1277,9662.0
T2685,1278,9734.9
T2685,1279,9748.7
T2697,1196,5949.1
T2697,1197,5840.0
T2697,1198,5952.6
T2697,1199,5726.4
T2697,1200,5625.1
T2697,1201,5608.0
T2697,1202,5723.8
T2697,1203,5451.6
T2697,1204,5350.3
T2697,1205,5290.7
T2697,1206,5251.4
T2697,1207,5137.0
T2697,1208,5161.2
T2697,1209,5196.3
T2697,1210,5398.1
T2697,1211,5209.2
T2697,1212,5076.4
T2697,1213,4973.5
T2697,1214,4937.8
T2697,1215,4878.8
T2697,1216,5165.3
T2697,1217,5352.1
T2697,1218,5394.8
T2697,1219,5322.8
T2697,1220,5645.8
T2697,1221,5777.3
T2697,1222,5418.8
T2697,1223,5453.2
T2697,1224,5328.5
T2697,1225,5600.9
T2697,1226,5590.8
T2697,1227,5559.0
T2697,1228,5542.2
T2697,1229,5615.1
T2697,1230,5896.4
T2697,1231,5968.4
T2697,1232,5810.4
T2697,1233,6163.9
T2697,1234,6288.6
T2697,1235,6131.5
T2697,1236,5986.7
T2697,1237,6161.5
T2697,1238,6247.6
T2697,1239,6084.0
T2697,1240,5870.3
T2697,1241,5805.7
T2697,1242,5700.0
T2697,1243,5971.4
T2697,1244,5772.5
T2697,1245,5734.2
T2697,1246,5743.9
T2697,1247,5919.5
T2697,1248,5816.6
T2697,1249,5945.6
T2697,1250,5901.6
T2697,1251,5669.5
T2697,1252,5744.5
T2697,1253,5918.5
T2697,1254,5732.7
T2697,1255,5763.2
T2697,1256,5855.9
T2697,1257,5831.4
T2697,1258,5537.9
T2697,1259,5711.9
T2697,1260,5391.0
T2697,1261,5633.6
T2697,1262,5867.9
T2697,1263,5468.4
T2697,1264,5387.8
T2697,1265,5328.9
T2697,1266,5368.3
T2697,1267,5365.2
T2697,1268,4947.3
T2697,1269,5211.6
T2697,1270,5233.6
T2697,1271,4970.3
T2697,1272,4780.4
T2697,1273,4370.9
T2697,1274,4105.1
T2697,1275,3933.9
T2697,1276,3768.0
T2697,1277,3899.4
T2697,1278,4263.3
T2697,1279,4164.4
T2705,1196,8388.9
T2705,1197,8370.4
T2705,1198,8329.4
T2705,1199,8257.3
T2705,1200,8329.2
T2705,1201,8326.1
T2705,1202,8337.3
T2705,1203,8436.9
T2705,1204,8488.4
T2705,1205,8571.1
T2705,1206,8587.7
T2705,1207,8522.3
T2705,1208,8549.3
T2705,1209,8525.4
T2705,1210,8558.4
T2705,1211,8514.9
T2705,1212,8546.6
T2705,1213,8498.9
T2705,1214,8494.3
T2705,1215,8502.1
T2705,1216,8521.6
T2705,1217,8589.5
T2705,1218,8605.9
T2705,1219,8578.1
T2705,1220,8669.1
T2705,1221,8674.8
T2705,1222,8734.6
T2705,1223,8775.5
T2705,1224,8733.4
T2705,1225,8794.8
T2705,1226,8784.9
T2705,1227,8787.1
T2705,1228,8808.2
T2705,1229,8704.5
T2705,1230,8713.8
T2705,1231,8788.8
T2705,1232,8841.5
T2705,1233,8854.1
T2705,1234,8945.1
T2705,1235,8937.6
T2705,1236,8859.4
T2705,1237,8922.8
T2705,1238,9017.6
T2705,1239,9058.0
T2705,1240,9061.6
T2705,1241,9112.4
T2705,1242,9174.6
T2705,1243,9129.8
T2705,1244,9150.3
T2705,1245,9190.8
T2705,1246,9145.9
T2705,1247,9089.0
T2705,1248,9112.3
T2705,1249,9021.0
T2705,1250,9001.0
T2705,1251,9104.3
T2705,1252,9104.6
T2705,1253,9112.3
T2705,1254,9123.7
T2705,1255,9009.2
T2705,1256,9025.7
T2705,1257,9000.9
T2705,1258,8926.6
T2705,1259,8924.9
T2705,1260,8948.8
T2705,1261,9068.8
T2705,1262,9039.8
T2705,1263,9065.8
T2705,1264,9022.8
T2705,1265,9049.0
T2705,1266,9104.2
T2705,1267,9182.5
T2705,1268,9228.6
T2705,1269,9278.2
T2705,1270,9232.0
T2705,1271,9255.2
T2705,1272,9261.8
T2705,1273,9201.3
T2705,1274,9110.6
T2705,1275,8943.3
T2705,1276,8875.1
T2705,1277,8946.2
T2705,1278,8850.0
T2705,1279,8746.1
T2716,1196,1209.306335605
T2716,1197,1237.905184164
T2716,1198,1212.552531008
T2716,1199,1095.708584529
T2716,1200,1183.205959887
T2716,1201,1181.525434579
T2716,1202,1120.376090979
T2716,1203,1118.000895101
T2716,1204,1085.455665522
T2716,1205,1017.66580851
T2716,1206,1018.124848267
T2716,1207,912.413210201
T2716,1208,848.250384436
T2716,1209,977.262758717
T2716,1210,990.934945336
T2716,1211,849.34079683
T2716,1212,910.355986811
T2716,1213,918.820665843
T2716,1214,1026.26721488
T2716,1215,1002.543041071
T2716,1216,916.550485588
T2716,1217,963.515364881
T2716,1218,956.143107873
T2716,1219,905.103260652
T2716,1220,990.775998667
T2716,1221,1005.165648612
T2716,1222,1053.100110813
T2716,1223,1072.6675853
T2716,1224,1059.46921089
T2716,1225,1100.529213952
T2716,1226,1055.572079463
T2716,1227,1008.325855964
T2716,1228,1049.777906619
T2716,1229,1052.903785046
T2716,1230,1035.275660538
T2716,1231,960.068230265
T2716,1232,1034.920985613
T2716,1233,1010.355478369
T2716,1234,988.189058401
T2716,1235,1019.225162384
T2716,1236,976.898595783
T2716,1237,863.056289746
T2716,1238,948.59431881
T2716,1239,984.850845217
T2716,1240,982.403169223
T2716,1241,1055.331288127
T2716,1242,1064.603015781
T2716,1243,960.623186374
T2716,1244,985.952207503
T2716,1245,987.061789901
T2716,1246,921.056071486
T2716,1247,931.334314396
T2716,1248,970.020368229
T2716,1249,966.762708122
T2716,1250,1005.149839583
T2716,1251,976.432230235
T2716,1252,967.005716094
T2716,1253,941.7568901
T2716,1254,954.794935729
T2716,1255,916.807723479
T2716,1256,878.111326538
T2716,1257,893.487542466
T2716,1258,866.974104837
T2716,1259,867.140012993
T2716,1260,862.744694602
T2716,1261,875.140425594
T2716,1262,900.543862511
T2716,1263,908.952191042
T2716,1264,925.861244093
T2716,1265,960.644497124
T2716,1266,1000.467967065
T2716,1267,1014.522449799
T2716,1268,964.967856864
T2716,1269,973.550805225
T2716,1270,960.036583933
T2716,1271,936.214846483
T2716,1272,967.08760713
T2716,1273,925.226694991
T2716,1274,940.084339062
T2716,1275,941.032100907
T2716,1276,917.881152468
T2716,1277,960.240268994
T2716,1278,937.742428576
T2716,1279,964.168178217
T2726,1196,7207.6
T2726,1197,7317.8
T2726,1198,7283.0
T2726,1199,6727.3
T2726,1200,7092.5
T2726,1201,7022.1
T2726,1202,6698.6
T2726,1203,6634.5
T2726,1204,6345.4
T2726,1205,5930.0
T2726,1206,5598.1
T2726,1207,5048.4
T2726,1208,4993.4
T2726,1209,5550.2
T2726,1210,5808.8
T2726,1211,5382.4
T2726,1212,5309.1
T2726,1213,5397.4
T2726,1214,5634.5
T2726,1215,5477.8
T2726,1216,5159.2
T2726,1217,5141.6
T2726,1218,5108.1
T2726,1219,4699.7
T2726,1220,5041.8
T2726,1221,5177.5
T2726,1222,5140.9
T2726,1223,5313.3
T2726,1224,5458.0
T2726,1225,5670.7
T2726,1226,5449.1
T2726,1227,5167.3
T2726,1228,5294.9
T2726,1229,5154.8
T2726,1230,5007.7
T2726,1231,4764.9
T2726,1232,5020.1
T2726,1233,4898.1
T2726,1234,4605.2
T2726,1235,4625.8
T2726,1236,4161.0
T2726,1237,3767.6
T2726,1238,4131.2
T2726,1239,4392.6
T2726,1240,4579.6
T2726,1241,4772.9
T2726,1242,4997.0
T2726,1243,4470.2
T2726,1244,4624.5
T2726,1245,4721.1
T2726,1246,4591.2
T2726,1247,4951.6
T2726,1248,5056.8
T2726,1249,4968.4
T2726,1250,4910.6
T2726,1251,4758.9
T2726,1252,4827.0
T2726,1253,4713.0
T2726,1254,5097.0
T2726,1255,5019.0
T2726,1256,5013.2
T2726,1257,5029.2
T2726,1258,4878.0
T2726,1259,4868.7
T2726,1260,4852.3
T2726,1261,4882.5
T2726,1262,4882.1
T2726,1263,5027.6
T2726,1264,5136.5
T2726,1265,5229.7
T2726,1266,5277.6
T2726,1267,5343.4
T2726,1268,5090.8
T2726,1269,5173.6
T2726,1270,5038.6
T2726,1271,4875.7
T2726,1272,4926.6
T2726,1273,4704.7
T2726,1274,4723.2
T2726,1275,4746.6
T2726,1276,4381.8
T2726,1277,4624.3
T2726,1278,4344.5
T2726,1279,4357.1
T2732,1196,793.57
T2732,1197,829.58
T2732,1198,836.55
T2732,1199,838.65
T2732,1200,806.67
T2732,1201,812.49
T2732,1202,832.02
T2732,1203,822.05
T2732,1204,859.77
T2732,1205,875.77
T2732,1206,885.61
T2732,1207,877.18
T2732,1208,875.85
T2732,1209,877.13
T2732,1210,877.1
T2732,1211,901.35
T2732,1212,887.57
T2732,1213,897.88
T2732,1214,901.06
T2732,1215,904.08
T2732,1216,910.8
T2732,1217,894.7
T2732,1218,861.63
T2732,1219,851.13
T2732,1220,846.28
T2732,1221,848.46
T2732,1222,868.45
T2732,1223,874.13
T2732,1224,849.21
T2732,1225,841.0
T2732,1226,830.96
T2732,1227,805.37
T2732,1228,808.78
T2732,1229,802.53
T2732,1230,825.15
T2732,1231,809.35
T2732,1232,806.79
T2732,1233,840.93
T2732,1234,853.94
T2732,1235,875.56
T2732,1236,853.54
T2732,1237,846.8
T2732,1238,847.75
T2732,1239,847.85
T2732,1240,863.83
T2732,1241,862.27
T2732,1242,862.3
T2732,1243,875.76
T2732,1244,879.14
T2732,1245,890.93
T2732,1246,890.3
T2732,1247,885.61
T2732,1248,874.76
T2732,1249,900.02
T2732,1250,900.34
T2732,1251,907.08
T2732,1252,908.12
T2732,1253,905.84
T2732,1254,911.0
T2732,1255,919.54
T2732,1256,944.23
T2732,1257,942.53
T2732,1258,945.44
T2732,1259,964.86
T2732,1260,967.87
T2732,1261,971.58
T2732,1262,980.33
T2732,1263,986.8
T2732,1264,990.57
T2732,1265,992.56
T2732,1266,965.46
T2732,1267,987.6
T2732,1268,993.16
T2732,1269,996.76
T2732,1270,1007.23
T2732,1271,1013.84
T2732,1272,1009.7
T2732,1273,1009.53
T2732,1274,1010.92
T2732,1275,1012.68
T2732,1276,1024.75
T2732,1277,1046.94
T2732,1278,1082.45
T2732,1279,1098.18
T2809,1196,6361.5
T2809,1197,6487.0
T2809,1198,6552.4
T2809,1199,6603.9
T2809,1200,6572.0
T2809,1201,6588.7
T2809,1202,6607.9
T2809,1203,6620.0
T2809,1204,6578.3
T2809,1205,6503.9
T2809,1206,6558.4
T2809,1207,6583.1
T2809,1208,6587.8
T2809,1209,6692.1
T2809,1210,6672.3
T2809,1211,6809.3
T2809,1212,6897.4
T2809,1213,6895.9
T2809,1214,6768.6
T2809,1215,6773.8
T2809,1216,6769.8
T2809,1217,6741.0
T2809,1218,6817.2
T2809,1219,6709.5
T2809,1220,6610.7
T2809,1221,6725.1
T2809,1222,6840.6
T2809,1223,6766.3
T2809,1224,6770.6
T2809,1225,6855.5
T2809,1226,6980.3
T2809,1227,7019.6
T2809,1228,7007.7
T2809,1229,7031.9
T2809,1230,7174.6
T2809,1231,7151.5
T2809,1232,7081.5
T2809,1233,7036.7
T2809,1234,7117.3
T2809,1235,7083.2
T2809,1236,7087.8
T2809,1237,7005.2
T2809,1238,6811.9
T2809,1239,6841.0
T2809,1240,6835.1
T2809,1241,6858.5
T2809,1242,6913.8
T2809,1243,6967.5
T2809,1244,7007.0
T2809,1245,7064.0
T2809,1246,7093.9
T2809,1247,7113.3
T2809,1248,7053.1
T2809,1249,7114.3
T2809,1250,7069.9
T2809,1251,7068.5
T2809,1252,7035.8
T2809,1253,6865.7
T2809,1254,6956.5
T2809,1255,6989.8
T2809,1256,7092.6
T2809,1257,7200.6
T2809,1258,7265.5
T2809,1259,7221.8
T2809,1260,7135.5
T2809,1261,7029.7
T2809,1262,6985.7
T2809,1263,6920.5
T2809,1264,6961.9
T2809,1265,7010.6
T2809,1266,7021.4
T2809,1267,7136.4
T2809,1268,7174.9
T2809,1269,7207.0
T2809,1270,7216.5
T2809,1271,7180.8
T2809,1272,7123.1
T2809,1273,7124.4
T2809,1274,7083.9
T2809,1275,7140.4
T2809,1276,7143.0
T2809,1277,7143.6
T2809,1278,7188.2
T2809,1279,7253.5
T2827,1196,11436.7
T2827,1197,11684.1
T2827,1198,11382.5
T2827,1199,11323.9
T2827,1200,11056.3
T2827,1201,11361.1
T2827,1202,11105.5
T2827,1203,10771.2
T2827,1204,10677.8
T2827,1205,10328.6
T2827,1206,10662.7
T2827,1207,11007.4
T2827,1208,10923.3
T2827,1209,10987.3
T2827,1210,10515.8
T2827,1211,10488.9
T2827,1212,9865.3
T2827,1213,9950.9
T2827,1214,9710.3
T2827,1215,9895.4
T2827,1216,10708.1
T2827,1217,10798.1
T2827,1218,11295.6
T2827,1219,11227.7
T2827,1220,11062.9
T2827,1221,11249.3
T2827,1222,11534.6
T2827,1223,11686.0
T2827,1224,11716.0
T2827,1225,11563.0
T2827,1226,11414.1
T2827,1227,11014.8
T2827,1228,11016.7
T2827,1229,10462.4
T2827,1230,10756.8
T2827,1231,10941.2
T2827,1232,10915.9
T2827,1233,10948.0
T2827,1234,10995.9
T2827,1235,11172.4
T2827,1236,11057.7
T2827,1237,10999.6
T2827,1238,10866.3
T2827,1239,10473.3
T2827,1240,10371.5
T2827,1241,10269.2
T2827,1242,10352.7
T2827,1243,10575.5
T2827,1244,10445.7
T2827,1245,10649.5
T2827,1246,10490.3
T2827,1247,10678.9
T2827,1248,10265.9
T2827,1249,9984.4
T2827,1250,9739.0
T2827,1251,9595.3
T2827,1252,9298.2
T2827,1253,9103.5
T2827,1254,9782.4
T2827,1255,9833.9
T2827,1256,9799.1
T2827,1257,9861.4
T2827,1258,9890.5
T2827,1259,9735.8
T2827,1260,9748.4
T2827,1261,9754.1
T2827,1262,9628.0
T2827,1263,9367.7
T2827,1264,9259.0
T2827,1265,9241.7
T2827,1266,9450.4
T2827,1267,9857.5
T2827,1268,10077.3
T2827,1269,9866.6
T2827,1270,9886.2
T2827,1271,10122.1
T2827,1272,10289.6
T2827,1273,10449.4
T2827,1274,10597.1
T2827,1275,10638.9
T2827,1276,10845.7
T2827,1277,11037.1
T2827,1278,11046.1
T2827,1279,10695.1
T2922,1196,1284.62
T2922,1197,1328.28
T2922,1198,1354.48
T2922,1199,1361.19
T2922,1200,1344.12
T2922,1201,1361.62
T2922,1202,1385.57
T2922,1203,1396.75
T2922,1204,1334.27
T2922,1205,1323.02
T2922,1206,1332.71
T2922,1207,1337.42
T2922,1208,1319.12
T2922,1209,1339.1
T2922,1210,1324.47
T2922,1211,1335.39
T2922,1212,1389.13
T2922,1213,1385.89
T2922,1214,1377.97
T2922,1215,1355.26
T2922,1216,1378.93
T2922,1217,1366.21
T2922,1218,1374.35
T2922,1219,1386.53
T2922,1220,1347.33
T2922,1221,1359.4
T2922,1222,1370.14
T2922,1223,1340.71
T2922,1224,1356.54
T2922,1225,1348.39
T2922,1226,1348.4
T2922,1227,1316.05
T2922,1228,1309.21
T2922,1229,1313.24
T2922,1230,1367.63
T2922,1231,1364.28
T2922,1232,1370.6
T2922,1233,1366.82
T2922,1234,1343.31
T2922,1235,1328.01
T2922,1236,1315.25
T2922,1237,1327.13
T2922,1238,1330.5
T2922,1239,1333.5
T2922,1240,1365.52
T2922,1241,1344.88
T2922,1242,1359.16
T2922,1243,1368.39
T2922,1244,1369.48
T2922,1245,1363.44
T2922,1246,1400.17
T2922,1247,1412.52
T2922,1248,1407.58
T2922,1249,1403.97
T2922,1250,1390.63
T2922,1251,1394.96
T2922,1252,1412.63
T2922,1253,1409.54
T2922,1254,1415.81
T2922,1255,1417.33
T2922,1256,1418.02
T2922,1257,1441.44
T2922,1258,1439.73
T2922,1259,1435.91
T2922,1260,1441.51
T2922,1261,1445.06
T2922,1262,1432.19
T2922,1263,1414.63
T2922,1264,1398.54
T2922,1265,1417.24
T2922,1266,1407.47
T2922,1267,1418.12
T2922,1268,1418.99
T2922,1269,1438.57
T2922,1270,1460.4
T2922,1271,1442.99
T2922,1272,1441.34
T2922,1273,1444.23
T2922,1274,1451.61
T2922,1275,1418.25
T2922,1276,1415.05
T2922,1277,1420.6
T2922,1278,1418.29
T2922,1279,1417.56
T2956,1196,5845.5
T2956,1197,5935.3
T2956,1198,5811.2
T2956,1199,5710.1
T2956,1200,5763.0
T2956,1201,5663.7
T2956,1202,5375.6
T2956,1203,5387.4
T2956,1204,5257.4
T2956,1205,5301.8
T2956,1206,5340.7
T2956,1207,5344.0
T2956,1208,5355.4
T2956,1209,5448.6
T2956,1210,5375.6
T2956,1211,5524.2
T2956,1212,5517.4
T2956,1213,5528.8
T2956,1214,5562.7
T2956,1215,5549.0
T2956,1216,5420.0
T2956,1217,5377.0
T2956,1218,5231.9
T2956,1219,5270.6
T2956,1220,5392.1
T2956,1221,5518.6
T2956,1222,5457.2
T2956,1223,5365.3
T2956,1224,5280.3
T2956,1225,5401.2
T2956,1226,5495.4
T2956,1227,5497.2
T2956,1228,5463.0
T2956,1229,5531.7
T2956,1230,5594.5
T2956,1231,5665.8
T2956,1232,5624.3
T2956,1233,5608.0
T2956,1234,5708.9
T2956,1235,5614.2
T2956,1236,5591.1
T2956,1237,5589.2
T2956,1238,5534.3
T2956,1239,5537.3
T2956,1240,5494.6
T2956,1241,5574.0
T2956,1242,5548.2
T2956,1243,5597.8
T2956,1244,5561.3
T2956,1245,5545.3
T2956,1246,5516.4
T2956,1247,5619.7
T2956,1248,5572.9
T2956,1249,5571.8
T2956,1250,5537.0
T2956,1251,5461.5
T2956,1252,5503.1
T2956,1253,5517.1
T2956,1254,5452.1
T2956,1255,5354.6
T2956,1256,5325.9
T2956,1257,5283.4
T2956,1258,5246.8
T2956,1259,5199.7
T2956,1260,5138.5
T2956,1261,5085.8
T2956,1262,5085.2
T2956,1263,5135.7
T2956,1264,5115.3
T2956,1265,5078.8
T2956,1266,5079.5
T2956,1267,5147.4
T2956,1268,5055.7
T2956,1269,5006.3
T2956,1270,5034.4
T2956,1271,5133.6
T2956,1272,5263.8
T2956,1273,5350.3
T2956,1274,5333.3
T2956,1275,5346.0
T2956,1276,5272.1
T2956,1277,5213.7
T2956,1278,5364.9
T2956,1279,5381.4
T2970,1196,1345.26
T2970,1197,1342.24
T2970,1198,1336.75
T2970,1199,1326.98
T2970,1200,1319.56
T2970,1201,1330.26
T2970,1202,1336.94
T2970,1203,1331.27
T2970,1204,1348.82
T2970,1205,1338.99
T2970,1206,1358.04
T2970,1207,1347.89
T2970,1208,1360.02
T2970,1209,1368.49
T2970,1210,1391.59
T2970,1211,1406.75
T2970,1212,1406.82
T2970,1213,1413.86
T2970,1214,1410.63
T2970,1215,1426.42
T2970,1216,1422.55
T2970,1217,1419.53
T2970,1218,1439.83
T2970,1219,1424.27
T2970,1220,1435.93
T2970,1221,1449.1
T2970,1222,1429.06
T2970,1223,1427.27
T2970,1224,1418.56
T2970,1225,1428.36
T2970,1226,1429.59
T2970,1227,1449.86
T2970,1228,1472.96
T2970,1229,1472.62
T2970,1230,1453.97
T2970,1231,1452.85
T2970,1232,1466.09
T2970,1233,1447.5
T2970,1234,1463.46
T2970,1235,1456.87
T2970,1236,1473.09
T2970,1237,1494.09
T2970,1238,1469.81
T2970,1239,1456.71
T2970,1240,1474.12
T2970,1241,1492.06
T2970,1242,1510.02
T2970,1243,1522.1
T2970,1244,1528.6
T2970,1245,1539.09
T2970,1246,1531.38
T2970,1247,1541.76
T2970,1248,1548.13
T2970,1249,1548.74
T2970,1250,1536.23
T2970,1251,1530.9
T2970,1252,1514.19
T2970,1253,1513.37
T2970,1254,1513.01
T2970,1255,1535.1
T2970,1256,1529.9
T2970,1257,1552.95
T2970,1258,1560.34
T2970,1259,1568.22
T2970,1260,1567.17
T2970,1261,1547.09
T2970,1262,1559.98
T2970,1263,1543.49
T2970,1264,1544.58
T2970,1265,1543.58
T2970,1266,1558.18
T2970,1267,1545.47
T2970,1268,1568.48
T2970,1269,1576.37
T2970,1270,1581.63
T2970,1271,1565.58
T2970,1272,1569.69
T2970,1273,1576.08
T2970,1274,1566.6
T2970,1275,1555.8
T2970,1276,1552.08
T2970,1277,1572.71
T2970,1278,1565.2
T2970,1279,1585.89
T3023,1196,1861.06
T3023,1197,1867.82
T3023,1198,1855.44
T3023,1199,1841.02
T3023,1200,1831.19
T3023,1201,1853.0
T3023,1202,1857.61
T3023,1203,1839.21
T3023,1204,1855.66
T3023,1205,1842.93
T3023,1206,1858.77
T3023,1207,1848.12
T3023,1208,1874.15
T3023,1209,1881.72
T3023,1210,1897.45
T3023,1211,1908.76
T3023,1212,1914.72
T3023,1213,1894.7
T3023,1214,1882.89
T3023,1215,1907.04
T3023,1216,1873.21
T3023,1217,1874.93
T3023,1218,1864.7
T3023,1219,1887.99
T3023,1220,1905.02
T3023,1221,1919.93
T3023,1222,1901.74
T3023,1223,1922.98
T3023,1224,1911.23
T3023,1225,1893.02
T3023,1226,1889.68
T3023,1227,1894.68
T3023,1228,1903.5
T3023,1229,1936.89
T3023,1230,1910.61
T3023,1231,1917.06
T3023,1232,1931.2
T3023,1233,1905.66
T3023,1234,1959.6
T3023,1235,1979.12
T3023,1236,2007.92
T3023,1237,2052.45
T3023,1238,2011.24
T3023,1239,1965.9
T3023,1240,1997.63
T3023,1241,2018.1
T3023,1242,2040.99
T3023,1243,2039.4
T3023,1244,2053.36
T3023,1245,2070.95
T3023,1246,2051.18
T3023,1247,2040.27
T3023,1248,2026.55
T3023,1249,2019.12
T3023,1250,2059.2
T3023,1251,2053.04
T3023,1252,2035.71
T3023,1253,2059.51
T3023,1254,2040.62
T3023,1255,2079.7
T3023,1256,2093.02
T3023,1257,2111.14
T3023,1258,2134.5
T3023,1259,2110.37
T3023,1260,2147.55
T3023,1261,2108.71
T3023,1262,2124.48
T3023,1263,2062.68
T3023,1264,2087.18
T3023,1265,2084.62
T3023,1266,2104.33
T3023,1267,2080.07
T3023,1268,2125.22
T3023,1269,2169.94
T3023,1270,2154.74
T3023,1271,2159.07
T3023,1272,2184.5
T3023,1273,2125.84
T3023,1274,2100.27
T3023,1275,2073.72
T3023,1276,2068.77
T3023,1277,2084.34
T3023,1278,2053.88
T3023,1279,2082.47
T3126,1196,10121.8
T3126,1197,10233.5
T3126,1198,10330.2
T3126,1199,10160.3
T3126,1200,10193.8
T3126,1201,10346.8
T3126,1202,10663.9
T3126,1203,10726.7
T3126,1204,10875.8
T3126,1205,10909.1
T3126,1206,11144.2
T3126,1207,10988.0
T3126,1208,10832.8
T3126,1209,10734.2
T3126,1210,10577.3
T3126,1211,10602.4
T3126,1212,10703.0
T3126,1213,10531.2
T3126,1214,10757.4
T3126,1215,10955.0
T3126,1216,10813.9
T3126,1217,10871.6
T3126,1218,10867.2
T3126,1219,10953.9
T3126,1220,10989.9
T3126,1221,10949.3
T3126,1222,10634.9
T3126,1223,10662.4
T3126,1224,10676.2
T3126,1225,10753.9
T3126,1226,10807.4
T3126,1227,10835.8
T3126,1228,11004.7
T3126,1229,10920.7
T3126,1230,10819.9
T3126,1231,10396.8
T3126,1232,10076.7
T3126,1233,9869.7
T3126,1234,9761.3
T3126,1235,9225.0
T3126,1236,9476.5
T3126,1237,9473.7
T3126,1238,9698.6
T3126,1239,9875.0
T3126,1240,9948.1
T3126,1241,9803.5
T3126,1242,9606.4
T3126,1243,9686.8
T3126,1244,9549.7
T3126,1245,9745.1
T3126,1246,9735.0
T3126,1247,9874.7
T3126,1248,10096.2
T3126,1249,10109.6
T3126,1250,10176.8
T3126,1251,10112.4
T3126,1252,9960.8
T3126,1253,10158.9
T3126,1254,10129.0
T3126,1255,10168.3
T3126,1256,10415.6
T3126,1257,10548.3
T3126,1258,10548.3
T3126,1259,10599.7
T3126,1260,10650.9
T3126,1261,10664.1
T3126,1262,10569.9
T3126,1263,10510.5
T3126,1264,10685.8
T3126,1265,10612.8
T3126,1266,10559.7
T3126,1267,10297.5
T3126,1268,10418.1
T3126,1269,10501.7
T3126,1270,10481.1
T3126,1271,10459.9
T3126,1272,10579.9
T3126,1273,10512.8
T3126,1274,10463.2
T3126,1275,10491.3
T3126,1276,10603.4
T3126,1277,10841.2
T3126,1278,10969.7
T3126,1279,10976.8
T3154,1196,5958.4
T3154,1197,5936.2
T3154,1198,5890.5
T3154,1199,5855.3
T3154,1200,5849.9
T3154,1201,5940.4
T3154,1202,5950.1
T3154,1203,6056.0
T3154,1204,6123.1
T3154,1205,6073.3
T3154,1206,6156.0
T3154,1207,6144.3
T3154,1208,6163.2
T3154,1209,6167.8
T3154,1210,6372.5
T3154,1211,6430.6
T3154,1212,6451.1
T3154,1213,6419.5
T3154,1214,6422.2
T3154,1215,6517.7
T3154,1216,6555.2
T3154,1217,6534.4
T3154,1218,6587.7
T3154,1219,6539.2
T3154,1220,6590.2
T3154,1221,6643.7
T3154,1222,6551.3
T3154,1223,6527.4
T3154,1224,6475.7
T3154,1225,6532.6
T3154,1226,6540.1
T3154,1227,6617.1
T3154,1228,6651.6
T3154,1229,6687.4
T3154,1230,6575.4
T3154,1231,6594.0
T3154,1232,6589.7
T3154,1233,6551.7
T3154,1234,6560.7
T3154,1235,6568.3
T3154,1236,6694.6
T3154,1237,6747.5
T3154,1238,6664.2
T3154,1239,6614.8
T3154,1240,6712.5
T3154,1241,6817.0
T3154,1242,6825.2
T3154,1243,6748.0
T3154,1244,6788.3
T3154,1245,6875.2
T3154,1246,6834.7
T3154,1247,6866.7
T3154,1248,6965.9
T3154,1249,6926.8
T3154,1250,6862.5
T3154,1251,6913.2
T3154,1252,6801.5
T3154,1253,6876.4
T3154,1254,6807.6
T3154,1255,6912.3
T3154,1256,6964.8
T3154,1257,7014.2
T3154,1258,7037.1
T3154,1259,7024.7
T3154,1260,6974.4
T3154,1261,6849.3
T3154,1262,6787.4
T3154,1263,6809.1
T3154,1264,6773.7
T3154,1265,6797.7
T3154,1266,6862.0
T3154,1267,6822.1
T3154,1268,6894.9
T3154,1269,6932.5
T3154,1270,6962.1
T3154,1271,6880.9
T3154,1272,6869.8
T3154,1273,6936.1
T3154,1274,7000.5
T3154,1275,6998.2
T3154,1276,6981.5
T3154,1277,7120.9
T3154,1278,7032.5
T3154,1279,7100.6
T3175,1196,1404.83
T3175,1197,1402.01
T3175,1198,1404.66
T3175,1199,1398.75
T3175,1200,1403.61
T3175,1201,1403.9
T3175,1202,1405.15
T3175,1203,1388.26
T3175,1204,1379.74
T3175,1205,1380.37
T3175,1206,1393.66
T3175,1207,1377.8
T3175,1208,1382.25
T3175,1209,1382.44
T3175,1210,1392.69
T3175,1211,1419.12
T3175,1212,1425.1
T3175,1213,1414.39
T3175,1214,1407.25
T3175,1215,1427.25
T3175,1216,1404.05
T3175,1217,1404.31
T3175,1218,1414.23
T3175,1219,1415.24
T3175,1220,1405.59
T3175,1221,1420.45
T3175,1222,1406.81
T3175,1223,1421.79
T3175,1224,1408.66
T3175,1225,1409.85
T3175,1226,1419.04
T3175,1227,1430.14
T3175,1228,1423.61
T3175,1229,1435.33
T3175,1230,1434.52
T3175,1231,1431.49
T3175,1232,1440.3
T3175,1233,1416.18
T3175,1234,1427.46
T3175,1235,1411.89
T3175,1236,1414.78
T3175,1237,1426.84
T3175,1238,1420.73
T3175,1239,1416.67
T3175,1240,1429.17
T3175,1241,1447.46
T3175,1242,1456.77
T3175,1243,1465.02
T3175,1244,1468.33
T3175,1245,1484.9
T3175,1246,1512.81
T3175,1247,1526.71
T3175,1248,1525.16
T3175,1249,1538.98
T3175,1250,1532.33
T3175,1251,1558.27
T3175,1252,1549.44
T3175,1253,1554.57
T3175,1254,1550.67
T3175,1255,1567.82
T3175,1256,1553.76
T3175,1257,1566.64
T3175,1258,1559.95
T3175,1259,1549.01
T3175,1260,1538.6
T3175,1261,1520.91
T3175,1262,1517.96
T3175,1263,1491.0
T3175,1264,1483.2
T3175,1265,1494.18
T3175,1266,1498.9
T3175,1267,1488.73
T3175,1268,1502.14
T3175,1269,1531.19
T3175,1270,1536.98
T3175,1271,1530.54
T3175,1272,1534.66
T3175,1273,1531.13
T3175,1274,1526.13
T3175,1275,1519.97
T3175,1276,1521.93
T3175,1277,1535.03
T3175,1278,1500.68
T3175,1279,1519.91
T3243,1196,1134.11891255
T3243,1197,1133.69616454
T3243,1198,1148.00368498
T3243,1199,1141.645909
T3243,1200,1135.94825518
T3243,1201,1146.31391932
T3243,1202,1134.6417872
T3243,1203,1126.42064322
T3243,1204,1125.47122157
T3243,1205,1122.38456016
T3243,1206,1138.6458035
T3243,1207,1114.23582075
T3243,1208,1136.2507623
T3243,1209,1135.63978781
T3243,1210,1140.83955674
T3243,1211,1168.73208878
T3243,1212,1167.42246242
T3243,1213,1159.32584843
T3243,1214,1166.87584026
T3243,1215,1170.02174391
T3243,1216,1153.53838216
T3243,1217,1148.1081971
T3243,1218,1147.02993443
T3243,1219,1134.7013568
T3243,1220,1134.1821299
T3243,1221,1147.32325953
T3243,1222,1136.56058455
T3243,1223,1143.24625975
T3243,1224,1143.61484663
T3243,1225,1154.88267184
T3243,1226,1161.1007695
T3243,1227,1166.44014434
T3243,1228,1159.33986976
T3243,1229,1178.61767988
T3243,1230,1189.71822021
T3243,1231,1177.85348943
T3243,1232,1187.42493909
T3243,1233,1170.46358301
T3243,1234,1177.98951105
T3243,1235,1178.77416271
T3243,1236,1183.2474118
T3243,1237,1187.83032567
T3243,1238,1164.95152762
T3243,1239,1152.30644743
T3243,1240,1169.52903298
T3243,1241,1174.18582011
T3243,1242,1179.7612652
T3243,1243,1189.19257762
T3243,1244,1200.05015537
T3243,1245,1213.40841228
T3243,1246,1209.37686169
T3243,1247,1219.02602519
T3243,1248,1204.00817422
T3243,1249,1205.49619199
T3243,1250,1204.86760391
T3243,1251,1210.14374646
T3243,1252,1207.08038857
T3243,1253,1210.57091931
T3243,1254,1204.67276811
T3243,1255,1233.65463764
T3243,1256,1216.72987629
T3243,1257,1228.42837188
T3243,1258,1233.36350276
T3243,1259,1231.78217798
T3243,1260,1225.03694593
T3243,1261,1206.5381471
T3243,1262,1205.40679733
T3243,1263,1188.0203793
T3243,1264,1189.21715408
T3243,1265,1190.44174204
T3243,1266,1209.34891141
T3243,1267,1199.44338235
T3243,1268,1234.02235016
T3243,1269,1239.41337705
T3243,1270,1248.01096917
T3243,1271,1242.65516093
T3243,1272,1250.6609338
T3243,1273,1267.87501563
T3243,1274,1277.03033451
T3243,1275,1266.61892702
T3243,1276,1268.83093648
T3243,1277,1275.29312631
T3243,1278,1256.7659509
T3243,1279,1270.56380007
T3255,1196,829.72
T3255,1197,800.78
T3255,1198,820.58
T3255,1199,831.22
T3255,1200,853.39
T3255,1201,820.92
T3255,1202,788.31
T3255,1203,775.23
T3255,1204,725.09
T3255,1205,702.8
T3255,1206,754.66
T3255,1207,770.41
T3255,1208,795.67
T3255,1209,815.39
T3255,1210,847.32
T3255,1211,851.81
T3255,1212,812.3
T3255,1213,826.03
T3255,1214,837.31
T3255,1215,793.12
T3255,1216,785.57
T3255,1217,776.87
T3255,1218,788.93
T3255,1219,759.08
T3255,1220,761.34
T3255,1221,762.1
T3255,1222,732.32
T3255,1223,723.86
T3255,1224,760.08
T3255,1225,779.53
T3255,1226,782.61
T3255,1227,802.13
T3255,1228,767.97
T3255,1229,781.94
T3255,1230,787.19
T3255,1231,800.31
T3255,1232,779.59
T3255,1233,827.81
T3255,1234,837.02
T3255,1235,841.6
T3255,1236,825.13
T3255,1237,819.54
T3255,1238,804.5
T3255,1239,795.59
T3255,1240,811.51
T3255,1241,848.22
T3255,1242,836.01
T3255,1243,822.26
T3255,1244,830.14
T3255,1245,823.51
T3255,1246,826.67
T3255,1247,846.41
T3255,1248,844.24
T3255,1249,828.42
T3255,1250,864.57
T3255,1251,881.73
T3255,1252,859.78
T3255,1253,849.07
T3255,1254,846.88
T3255,1255,851.34
T3255,1256,842.17
T3255,1257,841.41
T3255,1258,809.09
T3255,1259,793.31
T3255,1260,811.92
T3255,1261,768.53
T3255,1262,757.2
T3255,1263,763.68
T3255,1264,744.11
T3255,1265,758.96
T3255,1266,768.42
T3255,1267,794.83
T3255,1268,784.19
T3255,1269,773.57
T3255,1270,767.28
T3255,1271,775.9
T3255,1272,803.17
T3255,1273,805.23
T3255,1274,825.23
T3255,1275,836.28
T3255,1276,818.11
T3255,1277,799.19
T3255,1278,777.76
T3255,1279,786.86
T3278,1196,9607.1
T3278,1197,9614.9
T3278,1198,9665.4
T3278,1199,9716.3
T3278,1200,9666.1
T3278,1201,9727.5
T3278,1202,9778.9
T3278,1203,9850.3
T3278,1204,9918.2
T3278,1205,9937.3
T3278,1206,9857.3
T3278,1207,9774.9
T3278,1208,9813.2
T3278,1209,9890.5
T3278,1210,9897.3
T3278,1211,9902.2
T3278,1212,9918.8
T3278,1213,9872.8
T3278,1214,9901.5
T3278,1215,9943.5
T3278,1216,9966.7
T3278,1217,9958.8
T3278,1218,9971.2
T3278,1219,10051.5
T3278,1220,10187.8
T3278,1221,10135.7
T3278,1222,10190.1
T3278,1223,10165.2
T3278,1224,10302.8
T3278,1225,10265.1
T3278,1226,10273.3
T3278,1227,10301.4
T3278,1228,10314.8
T3278,1229,10315.9
T3278,1230,10378.7
T3278,1231,10477.7
T3278,1232,10476.4
T3278,1233,10448.3
T3278,1234,10544.6
T3278,1235,10517.5
T3278,1236,10578.4
T3278,1237,10540.7
T3278,1238,10554.3
T3278,1239,10573.8
T3278,1240,10464.6
T3278,1241,10331.2
T3278,1242,10296.6
T3278,1243,10483.5
T3278,1244,10524.5
T3278,1245,10537.6
T3278,1246,10582.0
T3278,1247,10701.7
T3278,1248,10747.0
T3278,1249,10741.6
T3278,1250,10767.7
T3278,1251,10714.8
T3278,1252,10769.7
T3278,1253,10861.7
T3278,1254,10854.3
T3278,1255,10766.6
T3278,1256,10776.0
T3278,1257,10799.1
T3278,1258,10892.9
T3278,1259,10976.6
T3278,1260,10907.4
T3278,1261,10919.5
T3278,1262,11026.4
T3278,1263,10991.5
T3278,1264,11083.3
T3278,1265,11275.6
T3278,1266,11226.5
T3278,1267,11036.5
T3278,1268,11121.5
T3278,1269,11279.4
T3278,1270,11165.9
T3278,1271,11357.0
T3278,1272,11354.9
T3278,1273,11430.8
T3278,1274,11383.9
T3278,1275,11440.8
T3278,1276,11457.6
T3278,1277,11556.9
T3278,1278,11587.2
T3278,1279,11518.8
T3285,1196,1553.99
T3285,1197,1567.53
T3285,1198,1588.91
T3285,1199,1577.58
T3285,1200,1544.07
T3285,1201,1543.8
T3285,1202,1550.3
T3285,1203,1524.94
T3285,1204,1514.62
T3285,1205,1498.86
T3285,1206,1510.02
T3285,1207,1467.51
T3285,1208,1485.63
T3285,1209,1485.58
T3285,1210,1514.06
T3285,1211,1547.8
T3285,1212,1553.18
T3285,1213,1535.76
T3285,1214,1529.53
T3285,1215,1533.74
T3285,1216,1518.57
T3285,1217,1510.23
T3285,1218,1522.05
T3285,1219,1528.52
T3285,1220,1517.7
T3285,1221,1533.56
T3285,1222,1538.37
T3285,1223,1553.14
T3285,1224,1546.27
T3285,1225,1556.19
T3285,1226,1575.85
T3285,1227,1581.41
T3285,1228,1568.18
T3285,1229,1585.43
T3285,1230,1595.97
T3285,1231,1585.76
T3285,1232,1593.86
T3285,1233,1574.82
T3285,1234,1584.0
T3285,1235,1562.48
T3285,1236,1550.99
T3285,1237,1579.92
T3285,1238,1572.71
T3285,1239,1560.52
T3285,1240,1571.4
T3285,1241,1584.65
T3285,1242,1605.62
T3285,1243,1626.53
T3285,1244,1631.74
T3285,1245,1640.8
T3285,1246,1660.13
T3285,1247,1675.38
T3285,1248,1671.37
T3285,1249,1680.93
T3285,1250,1659.46
T3285,1251,1661.5
T3285,1252,1653.33
T3285,1253,1656.66
T3285,1254,1663.57
T3285,1255,1686.05
T3285,1256,1679.04
T3285,1257,1693.99
T3285,1258,1690.53
T3285,1259,1693.09
T3285,1260,1666.51
T3285,1261,1623.55
T3285,1262,1623.12
T3285,1263,1587.48
T3285,1264,1591.05
T3285,1265,1596.43
T3285,1266,1613.89
T3285,1267,1606.83
T3285,1268,1627.78
T3285,1269,1639.88
T3285,1270,1649.23
T3285,1271,1636.04
T3285,1272,1633.69
T3285,1273,1641.34
T3285,1274,1649.27
T3285,1275,1631.26
T3285,1276,1628.99
T3285,1277,1627.82
T3285,1278,1606.99
T3285,1279,1625.82
T3293,1196,4967.1
T3293,1197,4946.5
T3293,1198,4932.7
T3293,1199,4973.0
T3293,1200,4989.3
T3293,1201,5024.3
T3293,1202,5010.6
T3293,1203,4996.0
T3293,1204,4988.3
T3293,1205,4915.4
T3293,1206,4984.3
T3293,1207,4889.6
T3293,1208,4903.8
T3293,1209,5009.7
T3293,1210,5154.4
T3293,1211,5275.5
T3293,1212,5287.7
T3293,1213,5303.8
T3293,1214,5296.8
T3293,1215,5374.4
T3293,1216,5342.9
T3293,1217,5351.7
T3293,1218,5394.0
T3293,1219,5338.3
T3293,1220,5294.7
T3293,1221,5380.7
T3293,1222,5408.5
T3293,1223,5604.4
T3293,1224,5519.8
T3293,1225,5526.6
T3293,1226,5439.4
T3293,1227,5507.5
T3293,1228,5475.3
T3293,1229,5493.2
T3293,1230,5415.7
T3293,1231,5410.7
T3293,1232,5431.5
T3293,1233,5348.6
T3293,1234,5424.4
T3293,1235,5316.6
T3293,1236,5283.4
T3293,1237,5404.4
T3293,1238,5349.5
T3293,1239,5292.1
T3293,1240,5404.1
T3293,1241,5475.6
T3293,1242,5498.1
T3293,1243,5558.3
T3293,1244,5603.6
T3293,1245,5641.5
T3293,1246,5555.5
T3293,1247,5594.6
T3293,1248,5606.4
T3293,1249,5709.2
T3293,1250,5704.6
T3293,1251,5752.4
T3293,1252,5673.8
T3293,1253,5754.4
T3293,1254,5760.8
T3293,1255,5860.9
T3293,1256,5855.0
T3293,1257,5961.7
T3293,1258,6014.5
T3293,1259,6043.3
T3293,1260,5992.8
T3293,1261,5862.0
T3293,1262,5940.3
T3293,1263,5850.2
T3293,1264,5854.7
T3293,1265,5834.0
T3293,1266,5889.2
T3293,1267,5829.0
T3293,1268,5919.4
T3293,1269,5993.3
T3293,1270,5974.3
T3293,1271,5831.0
T3293,1272,5938.6
T3293,1273,6036.8
T3293,1274,5932.9
T3293,1275,5818.9
T3293,1276,5805.0
T3293,1277,5834.4
T3293,1278,5765.8
T3293,1279,5848.7
T3317,1196,886.28738091
T3317,1197,890.82044024
T3317,1198,897.7852154
T3317,1199,911.07399489
T3317,1200,909.00255711
T3317,1201,923.43945841
T3317,1202,931.06676056
T3317,1203,922.38971529
T3317,1204,927.86339082
T3317,1205,925.47664039
T3317,1206,945.65965678
T3317,1207,953.21005109
T3317,1208,950.59119405
T3317,1209,963.91303336
T3317,1210,969.51057203
T3317,1211,972.55991796
T3317,1212,990.04934527
T3317,1213,994.88732193
T3317,1214,995.13580802
T3317,1215,1009.4371903
T3317,1216,984.73019795
T3317,1217,972.36528681
T3317,1218,1007.20821687
T3317,1219,993.27041594
T3317,1220,973.34090022
T3317,1221,976.00055031
T3317,1222,972.14737219
T3317,1223,962.57154272
T3317,1224,963.19363196
T3317,1225,952.83680849
T3317,1226,959.94319753
T3317,1227,974.19012266
T3317,1228,992.44751814
T3317,1229,984.65717467
T3317,1230,985.50495549
T3317,1231,986.87892095
T3317,1232,997.86635422
T3317,1233,976.34812832
T3317,1234,979.32769163
T3317,1235,985.61035966
T3317,1236,988.76790184
T3317,1237,985.40214217
T3317,1238,954.03534424
T3317,1239,938.44464295
T3317,1240,930.37390655
T3317,1241,935.1289901
T3317,1242,937.19695411
T3317,1243,954.4248133
T3317,1244,967.42931522
T3317,1245,971.38006657
T3317,1246,968.8904044
T3317,1247,971.67473188
T3317,1248,962.41967794
T3317,1249,955.17503265
T3317,1250,973.80686506
T3317,1251,970.92710464
T3317,1252,963.76048324
T3317,1253,951.11977525
T3317,1254,956.68616483
T3317,1255,974.66621353
T3317,1256,980.28570105
T3317,1257,972.72348499
T3317,1258,965.32790776
T3317,1259,972.5964336
T3317,1260,982.11130011
T3317,1261,984.69912438
T3317,1262,983.83780796
T3317,1263,984.80592493
T3317,1264,983.35594498
T3317,1265,978.3159672
T3317,1266,981.03182112
T3317,1267,1012.27993324
T3317,1268,1024.72173873
T3317,1269,1044.21019256
T3317,1270,1040.863801
T3317,1271,1032.97342152
T3317,1272,1018.61368837
T3317,1273,1026.53552589
T3317,1274,1002.40869686
T3317,1275,992.66555727
T3317,1276,996.77314451
T3317,1277,1014.7861553
T3317,1278,1020.52663227
T3317,1279,1016.40498628
T3327,1196,3395.2
T3327,1197,3363.1
T3327,1198,3443.1
T3327,1199,3503.9
T3327,1200,3447.3
T3327,1201,3425.2
T3327,1202,3463.5
T3327,1203,3456.3
T3327,1204,3360.2
T3327,1205,3339.9
T3327,1206,3478.1
T3327,1207,3395.0
T3327,1208,3359.7
T3327,1209,3398.1
T3327,1210,3422.3
T3327,1211,3407.9
T3327,1212,3488.2
T3327,1213,3472.9
T3327,1214,3515.6
T3327,1215,3527.8
T3327,1216,3518.5
T3327,1217,3421.9
T3327,1218,3544.1
T3327,1219,3551.0
T3327,1220,3454.8
T3327,1221,3537.2
T3327,1222,3540.8
T3327,1223,3544.0
T3327,1224,3600.6
T3327,1225,3575.3
T3327,1226,3569.5
T3327,1227,3665.1
T3327,1228,3718.2
T3327,1229,3799.1
T3327,1230,3809.2
T3327,1231,3751.8
T3327,1232,3771.5
T3327,1233,3685.3
T3327,1234,3699.7
T3327,1235,3744.4
T3327,1236,3661.7
T3327,1237,3684.1
T3327,1238,3578.1
T3327,1239,3555.1
T3327,1240,3600.2
T3327,1241,3597.3
T3327,1242,3661.5
T3327,1243,3643.9
T3327,1244,3733.0
T3327,1245,3689.0
T3327,1246,3729.9
T3327,1247,3773.3
T3327,1248,3853.1
T3327,1249,3791.1
T3327,1250,3824.8
T3327,1251,3807.1
T3327,1252,3888.2
T3327,1253,3857.3
T3327,1254,3842.1
T3327,1255,3902.8
T3327,1256,3928.3
T3327,1257,3988.5
T3327,1258,4015.7
T3327,1259,4011.3
T3327,1260,4038.3
T3327,1261,4104.2
T3327,1262,4110.6
T3327,1263,4065.8
T3327,1264,3974.7
T3327,1265,3986.3
T3327,1266,3996.5
T3327,1267,4086.2
T3327,1268,4114.3
T3327,1269,4193.6
T3327,1270,4195.6
T3327,1271,4116.5
T3327,1272,4024.6
T3327,1273,4068.9
T3327,1274,4037.8
T3327,1275,3988.4
T3327,1276,3998.2
T3327,1277,4043.1
T3327,1278,4065.9
T3327,1279,4076.6
T3334,1196,7669.0
T3334,1197,7694.1
T3334,1198,7752.6
T3334,1199,7819.3
T3334,1200,7723.1
T3334,1201,7902.9
T3334,1202,7978.1
T3334,1203,8002.6
T3334,1204,7847.3
T3334,1205,7702.8
T3334,1206,7830.9
T3334,1207,7864.5
T3334,1208,7916.8
T3334,1209,7971.7
T3334,1210,8029.8
T3334,1211,8104.0
T3334,1212,8106.7
T3334,1213,8138.9
T3334,1214,8196.8
T3334,1215,8196.1
T3334,1216,8112.4
T3334,1217,7989.0
T3334,1218,8021.1
T3334,1219,7968.0
T3334,1220,7815.9
T3334,1221,7806.7
T3334,1222,7803.5
T3334,1223,7655.8
T3334,1224,7724.2
T3334,1225,7766.9
T3334,1226,7775.3
T3334,1227,7811.1
T3334,1228,7872.1
T3334,1229,7913.8
T3334,1230,8074.3
T3334,1231,8127.5
T3334,1232,8144.8
T3334,1233,8108.7
T3334,1234,8196.4
T3334,1235,8209.9
T3334,1236,8177.0
T3334,1237,8141.3
T3334,1238,7945.8
T3334,1239,7920.4
T3334,1240,8022.3
T3334,1241,8094.0
T3334,1242,8174.2
T3334,1243,8177.6
T3334,1244,8355.8
T3334,1245,8470.8
T3334,1246,8475.6
T3334,1247,8547.9
T3334,1248,8496.7
T3334,1249,8450.1
T3334,1250,8452.0
T3334,1251,8510.2
T3334,1252,8583.6
T3334,1253,8448.9
T3334,1254,8521.5
T3334,1255,8607.4
T3334,1256,8672.6
T3334,1257,8754.9
T3334,1258,8878.3
T3334,1259,8954.5
T3334,1260,8980.0
T3334,1261,8937.9
T3334,1262,9003.9
T3334,1263,8958.9
T3334,1264,8853.4
T3334,1265,8809.4
T3334,1266,8897.3
T3334,1267,9036.1
T3334,1268,9208.1
T3334,1269,9199.8
T3334,1270,9209.4
T3334,1271,9191.8
T3334,1272,9157.3
T3334,1273,9270.1
T3334,1274,9244.2
T3334,1275,9248.5
T3334,1276,9355.5
T3334,1277,9451.3
T3334,1278,9521.9
T3334,1279,9502.3
T3362,1196,5852.5
T3362,1197,5906.1
T3362,1198,5940.5
T3362,1199,5999.4
T3362,1200,5965.9
T3362,1201,5999.8
T3362,1202,6041.4
T3362,1203,6007.1
T3362,1204,5928.3
T3362,1205,5810.5
T3362,1206,5969.0
T3362,1207,5923.6
T3362,1208,5840.2
T3362,1209,5943.0
T3362,1210,6024.5
T3362,1211,6055.8
T3362,1212,6153.7
T3362,1213,6144.4
T3362,1214,6134.6
T3362,1215,6160.2
T3362,1216,6087.5
T3362,1217,6047.8
T3362,1218,6204.8
T3362,1219,6157.6
T3362,1220,6072.0
T3362,1221,6176.9
T3362,1222,6240.9
T3362,1223,6179.2
T3362,1224,6223.2
T3362,1225,6217.5
T3362,1226,6308.2
T3362,1227,6381.7
T3362,1228,6377.6
T3362,1229,6341.3
T3362,1230,6345.7
T3362,1231,6362.1
T3362,1232,6426.4
T3362,1233,6328.0
T3362,1234,6387.9
T3362,1235,6392.8
T3362,1236,6302.1
T3362,1237,6298.4
T3362,1238,6163.4
T3362,1239,6067.4
T3362,1240,6100.6
T3362,1241,6149.5
T3362,1242,6213.6
T3362,1243,6170.1
T3362,1244,6235.2
T3362,1245,6243.2
T3362,1246,6275.3
T3362,1247,6294.3
T3362,1248,6261.9
T3362,1249,6235.3
T3362,1250,6302.7
T3362,1251,6296.1
T3362,1252,6293.5
T3362,1253,6220.5
T3362,1254,6236.4
T3362,1255,6279.9
T3362,1256,6363.6
T3362,1257,6444.1
T3362,1258,6447.6
T3362,1259,6476.5
T3362,1260,6485.4
T3362,1261,6485.5
T3362,1262,6422.1
T3362,1263,6375.5
T3362,1264,6314.3
T3362,1265,6313.0
T3362,1266,6310.6
T3362,1267,6324.4
T3362,1268,6363.7
T3362,1269,6422.6
T3362,1270,6409.3
T3362,1271,6339.8
T3362,1272,6315.4
T3362,1273,6406.4
T3362,1274,6369.5
T3362,1275,6312.4
T3362,1276,6338.8
T3362,1277,6393.2
T3362,1278,6431.4
T3362,1279,6419.6
T3404,1196,12096.5
T3404,1197,11949.7
T3404,1198,12180.6
T3404,1199,12317.8
T3404,1200,12384.3
T3404,1201,12439.5
T3404,1202,12499.1
T3404,1203,12577.5
T3404,1204,12227.9
T3404,1205,12284.2
T3404,1206,12867.0
T3404,1207,12905.8
T3404,1208,12847.1
T3404,1209,12863.7
T3404,1210,12967.3
T3404,1211,12924.3
T3404,1212,13086.7
T3404,1213,12999.3
T3404,1214,13168.3
T3404,1215,13495.6
T3404,1216,13603.5
T3404,1217,13264.0
T3404,1218,13555.5
T3404,1219,13435.2
T3404,1220,13015.5
T3404,1221,13412.2
T3404,1222,13454.2
T3404,1223,13028.6
T3404,1224,12661.3
T3404,1225,12821.1
T3404,1226,12752.4
T3404,1227,13277.3
T3404,1228,13387.0
T3404,1229,13368.9
T3404,1230,13309.6
T3404,1231,13090.9
T3404,1232,13110.2
T3404,1233,12640.2
T3404,1234,12589.8
T3404,1235,12747.2
T3404,1236,12553.2
T3404,1237,12526.0
T3404,1238,12058.8
T3404,1239,12038.7
T3404,1240,12354.9
T3404,1241,12263.4
T3404,1242,12358.2
T3404,1243,12656.5
T3404,1244,13015.6
T3404,1245,13001.6
T3404,1246,13245.2
T3404,1247,13404.7
T3404,1248,13278.5
T3404,1249,13228.8
T3404,1250,13495.0
T3404,1251,13701.8
T3404,1252,13972.7
T3404,1253,13761.7
T3404,1254,13607.7
T3404,1255,14025.7
T3404,1256,13857.8
T3404,1257,14192.5
T3404,1258,14184.6
T3404,1259,14013.5
T3404,1260,13852.8
T3404,1261,13751.0
T3404,1262,13625.6
T3404,1263,13707.3
T3404,1264,13608.9
T3404,1265,13617.0
T3404,1266,13550.8
T3404,1267,13678.6
T3404,1268,13711.4
T3404,1269,13745.9
T3404,1270,13665.5
T3404,1271,13508.5
T3404,1272,13520.1
T3404,1273,13350.8
T3404,1274,13337.5
T3404,1275,13443.0
T3404,1276,13560.5
T3404,1277,13579.6
T3404,1278,13370.7
T3404,1279,13420.2
T3446,1196,4445.7
T3446,1197,4539.4
T3446,1198,4545.4
T3446,1199,4602.6
T3446,1200,4557.6
T3446,1201,4563.9
T3446,1202,4594.1
T3446,1203,4568.6
T3446,1204,4503.8
T3446,1205,4469.1
T3446,1206,4507.8
T3446,1207,4449.4
T3446,1208,4393.9
T3446,1209,4412.9
T3446,1210,4449.0
T3446,1211,4437.9
T3446,1212,4485.9
T3446,1213,4468.5
T3446,1214,4455.2
T3446,1215,4479.2
T3446,1216,4517.3
T3446,1217,4485.0
T3446,1218,4535.8
T3446,1219,4526.3
T3446,1220,4424.1
T3446,1221,4418.7
T3446,1222,4464.0
T3446,1223,4450.1
T3446,1224,4481.4
T3446,1225,4513.1
T3446,1226,4528.8
T3446,1227,4511.2
T3446,1228,4515.0
T3446,1229,4492.1
T3446,1230,4560.8
T3446,1231,4548.6
T3446,1232,4528.6
T3446,1233,4493.3
T3446,1234,4478.3
T3446,1235,4494.9
T3446,1236,4482.8
T3446,1237,4495.7
T3446,1238,4483.7
T3446,1239,4472.7
T3446,1240,4488.8
T3446,1241,4498.2
T3446,1242,4507.3
T3446,1243,4512.5
T3446,1244,4557.6
T3446,1245,4565.4
T3446,1246,4629.5
T3446,1247,4679.7
T3446,1248,4677.1
T3446,1249,4621.9
T3446,1250,4648.2
T3446,1251,4649.5
T3446,1252,4700.3
T3446,1253,4753.8
T3446,1254,4760.3
T3446,1255,4759.7
T3446,1256,4789.1
T3446,1257,4854.3
T3446,1258,4833.2
T3446,1259,4849.3
T3446,1260,4898.6
T3446,1261,4891.3
T3446,1262,4914.8
T3446,1263,4896.8
T3446,1264,4845.4
T3446,1265,4862.9
T3446,1266,4890.1
T3446,1267,4968.7
T3446,1268,5016.1
T3446,1269,5045.3
T3446,1270,5043.2
T3446,1271,5013.6
T3446,1272,4973.3
T3446,1273,5013.6
T3446,1274,5012.5
T3446,1275,4963.8
T3446,1276,4961.8
T3446,1277,4965.5
T3446,1278,5004.8
T3446,1279,5004.7
T3460,1196,6930.3
T3460,1197,7061.8
T3460,1198,7154.8
T3460,1199,7166.6
T3460,1200,7201.9
T3460,1201,7282.8
T3460,1202,7409.7
T3460,1203,7417.0
T3460,1204,7581.2
T3460,1205,7370.8
T3460,1206,7538.8
T3460,1207,7598.6
T3460,1208,7491.4
T3460,1209,7551.5
T3460,1210,7697.3
T3460,1211,7607.8
T3460,1212,7574.7
T3460,1213,7431.6
T3460,1214,7289.3
T3460,1215,7389.1
T3460,1216,7351.4
T3460,1217,7173.7
T3460,1218,7281.4
T3460,1219,7324.3
T3460,1220,7225.2
T3460,1221,7398.8
T3460,1222,7457.6
T3460,1223,7352.8
T3460,1224,7328.0
T3460,1225,7391.3
T3460,1226,7555.2
T3460,1227,7766.7
T3460,1228,7831.9
T3460,1229,7718.2
T3460,1230,7761.1
T3460,1231,7801.2
T3460,1232,7944.7
T3460,1233,7727.6
T3460,1234,7797.0
T3460,1235,7749.4
T3460,1236,7683.4
T3460,1237,7663.9
T3460,1238,7369.2
T3460,1239,7148.5
T3460,1240,7168.6
T3460,1241,7085.5
T3460,1242,7288.4
T3460,1243,7169.6
T3460,1244,7195.1
T3460,1245,7398.8
T3460,1246,7553.2
T3460,1247,7489.0
T3460,1248,7397.8
T3460,1249,7365.1
T3460,1250,7401.9
T3460,1251,7312.7
T3460,1252,7313.5
T3460,1253,7178.5
T3460,1254,7155.5
T3460,1255,7278.2
T3460,1256,7324.1
T3460,1257,7534.6
T3460,1258,7480.0
T3460,1259,7456.7
T3460,1260,7386.8
T3460,1261,7403.5
T3460,1262,7331.6
T3460,1263,7277.9
T3460,1264,7292.2
T3460,1265,7239.0
T3460,1266,7266.1
T3460,1267,7363.5
T3460,1268,7476.4
T3460,1269,7575.9
T3460,1270,7713.0
T3460,1271,7823.5
T3460,1272,7773.4
T3460,1273,7878.7
T3460,1274,7841.5
T3460,1275,7812.4
T3460,1276,7823.9
T3460,1277,7928.5
T3460,1278,7980.8
T3460,1279,7943.1
T3482,1196,8188.3
T3482,1197,8267.2
T3482,1198,8273.0
T3482,1199,8383.6
T3482,1200,8316.8
T3482,1201,8263.1
T3482,1202,8385.9
T3482,1203,8269.5
T3482,1204,8289.6
T3482,1205,8094.3
T3482,1206,8198.6
T3482,1207,8071.6
T3482,1208,7819.6
T3482,1209,7996.9
T3482,1210,8112.5
T3482,1211,8162.5
T3482,1212,8379.3
T3482,1213,8364.7
T3482,1214,8385.1
T3482,1215,8432.9
T3482,1216,8354.5
T3482,1217,8335.8
T3482,1218,8465.5
T3482,1219,8499.4
T3482,1220,8431.0
T3482,1221,8484.8
T3482,1222,8603.8
T3482,1223,8615.5
T3482,1224,8666.0
T3482,1225,8659.6
T3482,1226,8717.5
T3482,1227,8701.1
T3482,1228,8754.8
T3482,1229,8662.5
T3482,1230,8701.5
T3482,1231,8834.6
T3482,1232,8889.2
T3482,1233,8818.8
T3482,1234,8926.6
T3482,1235,8922.3
T3482,1236,8784.1
T3482,1237,8877.3
T3482,1238,8863.1
T3482,1239,8708.1
T3482,1240,8741.5
T3482,1241,8836.8
T3482,1242,8837.8
T3482,1243,8728.5
T3482,1244,8749.7
T3482,1245,8687.9
T3482,1246,8705.9
T3482,1247,8741.4
T3482,1248,8732.1
T3482,1249,8610.4
T3482,1250,8679.3
T3482,1251,8630.7
T3482,1252,8714.0
T3482,1253,8722.5
T3482,1254,8737.2
T3482,1255,8678.3
T3482,1256,8830.7
T3482,1257,8974.2
T3482,1258,8981.6
T3482,1259,9026.7
T3482,1260,9168.5
T3482,1261,9249.0
T3482,1262,9230.6
T3482,1263,9166.8
T3482,1264,9120.2
T3482,1265,9172.1
T3482,1266,9210.0
T3482,1267,9191.3
T3482,1268,9270.3
T3482,1269,9385.7
T3482,1270,9401.6
T3482,1271,9394.6
T3482,1272,9251.4
T3482,1273,9336.5
T3482,1274,9272.1
T3482,1275,9143.5
T3482,1276,9217.4
T3482,1277,9311.1
T3482,1278,9406.3
T3482,1279,9380.6
T3502,1196,3853.8
T3502,1197,3867.5
T3502,1198,3894.2
T3502,1199,3902.9
T3502,1200,3844.8
T3502,1201,3850.9
T3502,1202,3882.9
T3502,1203,3891.8
T3502,1204,3826.3
T3502,1205,3761.0
T3502,1206,3788.7
T3502,1207,3750.9
T3502,1208,3720.1
T3502,1209,3782.9
T3502,1210,3833.1
T3502,1211,3810.2
T3502,1212,3853.8
T3502,1213,3843.5
T3502,1214,3875.6
T3502,1215,3848.5
T3502,1216,3841.3
T3502,1217,3810.1
T3502,1218,3900.6
T3502,1219,3880.3
T3502,1220,3824.2
T3502,1221,3845.0
T3502,1222,3924.4
T3502,1223,3857.6
T3502,1224,3911.4
T3502,1225,3900.6
T3502,1226,3890.3
T3502,1227,3883.8
T3502,1228,3946.5
T3502,1229,3907.0
T3502,1230,3970.0
T3502,1231,4002.4
T3502,1232,4009.3
T3502,1233,4017.7
T3502,1234,4041.4
T3502,1235,4052.4
T3502,1236,4016.2
T3502,1237,4027.9
T3502,1238,3974.5
T3502,1239,3931.5
T3502,1240,3947.6
T3502,1241,3993.6
T3502,1242,4017.6
T3502,1243,3994.1
T3502,1244,4011.9
T3502,1245,4020.6
T3502,1246,4030.4
T3502,1247,4055.2
T3502,1248,4026.4
T3502,1249,3955.1
T3502,1250,3974.5
T3502,1251,4000.1
T3502,1252,4020.3
T3502,1253,4037.4
T3502,1254,4055.5
T3502,1255,4066.2
T3502,1256,4085.4
T3502,1257,4137.9
T3502,1258,4201.7
T3502,1259,4271.7
T3502,1260,4299.5
T3502,1261,4249.1
T3502,1262,4234.1
T3502,1263,4232.4
T3502,1264,4163.5
T3502,1265,4179.0
T3502,1266,4251.1
T3502,1267,4284.6
T3502,1268,4322.0
T3502,1269,4331.1
T3502,1270,4322.5
T3502,1271,4302.3
T3502,1272,4269.2
T3502,1273,4339.3
T3502,1274,4335.0
T3502,1275,4291.2
T3502,1276,4304.1
T3502,1277,4309.3
T3502,1278,4327.8
T3502,1279,4357.4
T3528,1196,5769.7
T3528,1197,5804.1
T3528,1198,5792.9
T3528,1199,5816.5
T3528,1200,5740.9
T3528,1201,5694.7
T3528,1202,5718.2
T3528,1203,5726.2
T3528,1204,5638.8
T3528,1205,5489.5
T3528,1206,5578.7
T3528,1207,5525.8
T3528,1208,5468.2
T3528,1209,5592.1
T3528,1210,5772.2
T3528,1211,5813.5
T3528,1212,5973.4
T3528,1213,5966.4
T3528,1214,5979.7
T3528,1215,5976.4
T3528,1216,5924.0
T3528,1217,5854.3
T3528,1218,5941.6
T3528,1219,5866.1
T3528,1220,5809.9
T3528,1221,5899.4
T3528,1222,5922.0
T3528,1223,5860.1
T3528,1224,5874.8
T3528,1225,5859.7
T3528,1226,5893.8
T3528,1227,5956.4
T3528,1228,5940.6
T3528,1229,5883.2
T3528,1230,5866.3
T3528,1231,5854.6
T3528,1232,5854.0
T3528,1233,5827.5
T3528,1234,5853.3
T3528,1235,5845.5
T3528,1236,5801.5
T3528,1237,5897.9
T3528,1238,5828.2
T3528,1239,5759.0
T3528,1240,5797.3
T3528,1241,5862.6
T3528,1242,5928.1
T3528,1243,5890.0
T3528,1244,5914.4
T3528,1245,5895.7
T3528,1246,5886.9
T3528,1247,5958.1
T3528,1248,5983.4
T3528,1249,5903.8
T3528,1250,6021.6
T3528,1251,6063.0
T3528,1252,6085.7
T3528,1253,6114.3
T3528,1254,6080.4
T3528,1255,6073.0
T3528,1256,6199.0
T3528,1257,6237.4
T3528,1258,6293.0
T3528,1259,6340.0
T3528,1260,6353.2
T3528,1261,6307.2
T3528,1262,6236.3
T3528,1263,6208.7
T3528,1264,6147.5
T3528,1265,6176.3
T3528,1266,6177.9
T3528,1267,6177.8
T3528,1268,6224.6
T3528,1269,6222.8
T3528,1270,6136.0
T3528,1271,5962.5
T3528,1272,5940.6
T3528,1273,6012.6
T3528,1274,5985.4
T3528,1275,5996.7
T3528,1276,5987.9
T3528,1277,6137.4
T3528,1278,6225.3
T3528,1279,6196.8
T3591,1196,7931.8
T3591,1197,8039.4
T3591,1198,8064.7
T3591,1199,8138.5
T3591,1200,8017.3
T3591,1201,7968.0
T3591,1202,7883.9
T3591,1203,7774.2
T3591,1204,7728.9
T3591,1205,7682.3
T3591,1206,7715.9
T3591,1207,7526.7
T3591,1208,7578.0
T3591,1209,7541.0
T3591,1210,7768.9
T3591,1211,7836.7
T3591,1212,7896.7
T3591,1213,7867.9
T3591,1214,7875.5
T3591,1215,7985.0
T3591,1216,7895.2
T3591,1217,7867.5
T3591,1218,7894.6
T3591,1219,7825.2
T3591,1220,7875.5
T3591,1221,7957.4
T3591,1222,7846.3
T3591,1223,7853.9
T3591,1224,7927.0
T3591,1225,8014.1
T3591,1226,8084.5
T3591,1227,8047.1
T3591,1228,8023.9
T3591,1229,8032.1
T3591,1230,8050.2
T3591,1231,8052.3
T3591,1232,8081.0
T3591,1233,7941.1
T3591,1234,8031.7
T3591,1235,8055.1
T3591,1236,8041.1
T3591,1237,8125.8
T3591,1238,8103.8
T3591,1239,8093.6
T3591,1240,8233.1
T3591,1241,8241.4
T3591,1242,8286.5
T3591,1243,8327.1
T3591,1244,8362.9
T3591,1245,8453.5
T3591,1246,8450.1
T3591,1247,8564.3
T3591,1248,8584.3
T3591,1249,8596.0
T3591,1250,8629.2
T3591,1251,8607.4
T3591,1252,8514.9
T3591,1253,8538.7
T3591,1254,8515.4
T3591,1255,8797.5
T3591,1256,8762.9
T3591,1257,8833.8
T3591,1258,8757.5
T3591,1259,8808.8
T3591,1260,8881.9
T3591,1261,8803.0
T3591,1262,8803.1
T3591,1263,8768.0
T3591,1264,8764.7
T3591,1265,8773.1
T3591,1266,8830.0
T3591,1267,8690.3
T3591,1268,8744.3
T3591,1269,8959.4
T3591,1270,8845.6
T3591,1271,8723.3
T3591,1272,8771.8
T3591,1273,8869.5
T3591,1274,8727.3
T3591,1275,8529.2
T3591,1276,8552.5
T3591,1277,8531.4
T3591,1278,8451.6
T3591,1279,8514.4
T675,1196,13052.2
T675,1197,12950.7
T675,1198,13023.1
T675,1199,13016.6
T675,1200,13149.6
T675,1201,13071.3
T675,1202,12925.2
T675,1203,12870.9
T675,1204,12965.8
T675,1205,12730.7
T675,1206,12753.7
T675,1207,12897.0
T675,1208,12864.8
T675,1209,12790.4
T675,1210,12866.8
T675,1211,12757.8
T675,1212,12693.5
T675,1213,12645.7
T675,1214,12557.1
T675,1215,12586.3
T675,1216,12641.9
T675,1217,12650.6
T675,1218,12690.3
T675,1219,12678.9
T675,1220,12755.3
T675,1221,12760.4
T675,1222,12737.2
T675,1223,12979.3
T675,1224,12744.7
T675,1225,12792.6
T675,1226,12760.1
T675,1227,12851.0
T675,1228,12704.4
T675,1229,12758.9
T675,1230,12839.5
T675,1231,13019.3
T675,1232,13104.7
T675,1233,13153.3
T675,1234,13206.3
T675,1235,13321.8
T675,1236,13290.0
T675,1237,13408.8
T675,1238,13339.4
T675,1239,13577.7
T675,1240,13584.9
T675,1241,13658.7
T675,1242,13556.8
T675,1243,13830.6
T675,1244,13630.5
T675,1245,13781.3
T675,1246,13837.0
T675,1247,13796.1
T675,1248,13580.9
T675,1249,13454.6
T675,1250,13396.0
T675,1251,13550.1
T675,1252,13594.7
T675,1253,13590.3
T675,1254,13584.1
T675,1255,13640.8
T675,1256,13525.8
T675,1257,13517.4
T675,1258,13588.0
T675,1259,13572.5
T675,1260,13640.9
T675,1261,13616.0
T675,1262,13715.4
T675,1263,13705.3
T675,1264,13693.4
T675,1265,13595.7
T675,1266,13635.6
T675,1267,13727.5
T675,1268,13504.7
T675,1269,13628.9
T675,1270,13469.7
T675,1271,13342.5
T675,1272,13331.8
T675,1273,13605.3
T675,1274,13878.5
T675,1275,13894.6
T675,1276,13930.8
T675,1277,13992.4
T675,1278,14209.2
T675,1279,14209.2
T701,1196,15428.6
T701,1197,15359.9
T701,1198,15579.3
T701,1199,15571.9
T701,1200,15671.0
T701,1201,15698.5
T701,1202,15830.2
T701,1203,15721.5
T701,1204,15757.4
T701,1205,15746.1
T701,1206,15573.2
T701,1207,15638.0
T701,1208,15592.1
T701,1209,15286.8
T701,1210,15315.1
T701,1211,14984.6
T701,1212,15041.6
T701,1213,15005.5
T701,1214,15249.2
T701,1215,15315.6
T701,1216,15184.9
T701,1217,15122.9
T701,1218,15255.6
T701,1219,15235.3
T701,1220,15265.4
T701,1221,15076.6
T701,1222,14976.5
T701,1223,14984.9
T701,1224,14983.1
T701,1225,15021.5
T701,1226,15032.7
T701,1227,15035.3
T701,1228,14889.1
T701,1229,14839.3
T701,1230,15122.1
T701,1231,15122.5
T701,1232,15212.8
T701,1233,15189.8
T701,1234,15399.9
T701,1235,15293.1
T701,1236,15156.9
T701,1237,15018.5
T701,1238,14915.0
T701,1239,14711.3
T701,1240,14761.6
T701,1241,14587.7
T701,1242,14605.5
T701,1243,14706.7
T701,1244,14684.4
T701,1245,14573.1
T701,1246,14566.2
T701,1247,14530.7
T701,1248,14673.6
T701,1249,14668.6
T701,1250,14428.0
T701,1251,14550.7
T701,1252,14616.7
T701,1253,14663.5
T701,1254,14764.7
T701,1255,14765.7
T701,1256,14894.2
T701,1257,15039.6
T701,1258,15117.0
T701,1259,14944.0
T701,1260,15014.5
T701,1261,14868.2
T701,1262,15013.4
T701,1263,14908.9
T701,1264,15027.5
T701,1265,14837.9
T701,1266,14938.8
T701,1267,14877.4
T701,1268,14936.9
T701,1269,14954.9
T701,1270,15180.9
T701,1271,15088.2
T701,1272,14997.2
T701,1273,14980.2
T701,1274,14772.2
T701,1275,14783.8
T701,1276,14576.0
T701,1277,14358.7
T701,1278,14221.0
T701,1279,14136.6
T755,1196,1515.68
T755,1197,1504.41
T755,1198,1536.04
T755,1199,1534.78
T755,1200,1552.78
T755,1201,1580.38
T755,1202,1592.97
T755,1203,1574.44
T755,1204,1610.72
T755,1205,1596.05
T755,1206,1585.34
T755,1207,1583.52
T755,1208,1583.63
T755,1209,1589.47
T755,1210,1569.2
T755,1211,1598.65
T755,1212,1600.61
T755,1213,1582.96
T755,1214,1562.36
T755,1215,1568.27
T755,1216,1586.0
T755,1217,1568.49
T755,1218,1537.09
T755,1219,1554.05
T755,1220,1582.31
T755,1221,1569.71
T755,1222,1568.13
T755,1223,1598.93
T755,1224,1617.77
T755,1225,1618.64
T755,1226,1635.92
T755,1227,1624.4
T755,1228,1638.26
T755,1229,1630.45
T755,1230,1613.08
T755,1231,1630.98
T755,1232,1623.98
T755,1233,1591.81
T755,1234,1583.68
T755,1235,1566.83
T755,1236,1575.78
T755,1237,1590.55
T755,1238,1607.5
T755,1239,1615.02
T755,1240,1608.78
T755,1241,1611.84
T755,1242,1614.74
T755,1243,1623.28
T755,1244,1589.34
T755,1245,1565.33
T755,1246,1567.05
T755,1247,1591.26
T755,1248,1540.02
T755,1249,1585.88
T755,1250,1602.12
T755,1251,1632.97
T755,1252,1613.78
T755,1253,1612.17
T755,1254,1560.47
T755,1255,1555.05
T755,1256,1506.36
T755,1257,1468.72
T755,1258,1487.56
T755,1259,1483.04
T755,1260,1516.13
T755,1261,1534.45
T755,1262,1561.36
T755,1263,1553.01
T755,1264,1519.64
T755,1265,1533.82
T755,1266,1516.96
T755,1267,1496.58
T755,1268,1484.13
T755,1269,1486.44
T755,1270,1479.91
T755,1271,1497.13
T755,1272,1516.27
T755,1273,1515.12
T755,1274,1535.95
T755,1275,1540.81
T755,1276,1551.85
T755,1277,1561.96
T755,1278,1562.76
T755,1279,1539.84
T866,1196,18465.3
T866,1197,18439.2
T866,1198,18772.5
T866,1199,18763.8
T866,1200,18595.7
T866,1201,18335.6
T866,1202,17987.8
T866,1203,17986.4
T866,1204,17920.4
T866,1205,17906.8
T866,1206,17997.8
T866,1207,17446.5
T866,1208,17103.2
T866,1209,17643.2
T866,1210,17539.7
T866,1211,17071.1
T866,1212,16381.9
T866,1213,16388.9
T866,1214,16267.3
T866,1215,15725.6
T866,1216,16577.8
T866,1217,16418.9
T866,1218,16565.8
T866,1219,16418.8
T866,1220,16061.5
T866,1221,15548.1
T866,1222,15233.4
T866,1223,14702.4
T866,1224,14224.3
T866,1225,14921.6
T866,1226,15036.2
T866,1227,14828.8
T866,1228,15233.3
T866,1229,15739.7
T866,1230,15833.1
T866,1231,15765.9
T866,1232,15669.7
T866,1233,15784.4
T866,1234,15361.5
T866,1235,14749.7
T866,1236,14738.4
T866,1237,15005.4
T866,1238,15392.2
T866,1239,15705.6
T866,1240,15808.6
T866,1241,15934.1
T866,1242,15916.6
T866,1243,15865.8
T866,1244,15792.9
T866,1245,16204.3
T866,1246,16156.9
T866,1247,16211.4
T866,1248,16026.1
T866,1249,16166.2
T866,1250,16037.3
T866,1251,15472.2
T866,1252,15239.5
T866,1253,15149.5
T866,1254,15381.1
T866,1255,15397.7
T866,1256,15595.9
T866,1257,15649.1
T866,1258,15600.7
T866,1259,15376.1
T866,1260,15417.0
T866,1261,15253.1
T866,1262,15243.3
T866,1263,15192.8
T866,1264,15338.3
T866,1265,15841.0
T866,1266,16124.6
T866,1267,16377.4
T866,1268,16578.7
T866,1269,16501.8
T866,1270,16493.4
T866,1271,16659.8
T866,1272,16625.8
T866,1273,16510.7
T866,1274,16921.3
T866,1275,16854.9
T866,1276,16866.1
T866,1277,16885.5
T866,1278,16969.3
T866,1279,17024.3
T867,1196,3887.6
T867,1197,3894.4
T867,1198,3918.9
T867,1199,3948.2
T867,1200,3926.8
T867,1201,3993.8
T867,1202,4007.7
T867,1203,4013.4
T867,1204,4000.5
T867,1205,3908.1
T867,1206,4003.2
T867,1207,4014.8
T867,1208,4023.3
T867,1209,4164.8
T867,1210,4159.6
T867,1211,4254.6
T867,1212,4351.0
T867,1213,4428.7
T867,1214,4480.2
T867,1215,4499.0
T867,1216,4374.3
T867,1217,4338.2
T867,1218,4403.5
T867,1219,4263.1
T867,1220,4223.9
T867,1221,4280.2
T867,1222,4249.4
T867,1223,4127.5
T867,1224,4214.4
T867,1225,4309.1
T867,1226,4350.7
T867,1227,4386.3
T867,1228,4403.6
T867,1229,4388.3
T867,1230,4462.0
T867,1231,4481.3
T867,1232,4463.4
T867,1233,4441.2
T867,1234,4466.5
T867,1235,4512.1
T867,1236,4528.6
T867,1237,4423.0
T867,1238,4206.7
T867,1239,4177.5
T867,1240,4105.3
T867,1241,4184.4
T867,1242,4239.1
T867,1243,4300.7
T867,1244,4382.0
T867,1245,4392.7
T867,1246,4387.9
T867,1247,4381.5
T867,1248,4280.5
T867,1249,4313.0
T867,1250,4288.5
T867,1251,4334.7
T867,1252,4353.7
T867,1253,4271.4
T867,1254,4372.6
T867,1255,4517.2
T867,1256,4548.1
T867,1257,4650.5
T867,1258,4700.0
T867,1259,4714.1
T867,1260,4740.9
T867,1261,4672.5
T867,1262,4649.0
T867,1263,4599.5
T867,1264,4670.8
T867,1265,4675.9
T867,1266,4758.5
T867,1267,4906.1
T867,1268,4939.1
T867,1269,4856.0
T867,1270,4906.6
T867,1271,4953.2
T867,1272,4941.8
T867,1273,4954.1
T867,1274,4838.1
T867,1275,4959.1
T867,1276,4983.0
T867,1277,5124.6
T867,1278,5083.7
T867,1279,5127.0
T903,1196,1055.64
T903,1197,1062.16
T903,1198,1050.72
T903,1199,1014.52
T903,1200,1024.11
T903,1201,1020.76
T903,1202,1009.18
T903,1203,1007.86
T903,1204,997.25
T903,1205,1011.09
T903,1206,1056.4
T903,1207,1029.93
T903,1208,1046.83
T903,1209,1054.16
T903,1210,1054.57
T903,1211,1054.62
T903,1212,1060.34
T903,1213,1061.45
T903,1214,1034.5
T903,1215,1054.88
T903,1216,1032.11
T903,1217,1058.73
T903,1218,1100.69
T903,1219,1097.23
T903,1220,1079.61
T903,1221,1083.24
T903,1222,1119.07
T903,1223,1101.41
T903,1224,1114.15
T903,1225,1125.33
T903,1226,1105.15
T903,1227,1056.4
T903,1228,1065.34
T903,1229,1057.08
T903,1230,1034.25
T903,1231,1043.62
T903,1232,998.72
T903,1233,984.89
T903,1234,948.87
T903,1235,981.25
T903,1236,963.23
T903,1237,970.59
T903,1238,1010.06
T903,1239,1002.07
T903,1240,994.08
T903,1241,991.73
T903,1242,988.23
T903,1243,953.03
T903,1244,945.6
T903,1245,920.97
T903,1246,946.9
T903,1247,920.97
T903,1248,915.54
T903,1249,910.58
T903,1250,919.38
T903,1251,903.12
T903,1252,944.18
T903,1253,944.02
T903,1254,931.12
T903,1255,947.49
T903,1256,940.38
T903,1257,950.64
T903,1258,980.66
T903,1259,977.2
T903,1260,996.68
T903,1261,1004.71
T903,1262,1014.46
T903,1263,1008.18
T903,1264,963.2
T903,1265,956.93
T903,1266,953.8
T903,1267,960.8
T903,1268,961.42
T903,1269,960.59
T903,1270,953.61
T903,1271,958.25
T903,1272,960.26
T903,1273,953.14
T903,1274,965.65
T903,1275,968.81
T903,1276,982.02
T903,1277,974.17
T903,1278,989.73
T903,1279,986.02
T931,1196,12884.9
T931,1197,12762.9
T931,1198,12762.4
T931,1199,12802.6
T931,1200,12381.2
T931,1201,12560.1
T931,1202,12582.6
T931,1203,12700.4
T931,1204,11732.3
T931,1205,10970.7
T931,1206,11710.8
T931,1207,11425.9
T931,1208,10838.7
T931,1209,11375.5
T931,1210,11350.1
T931,1211,11561.7
T931,1212,11813.5
T931,1213,11966.9
T931,1214,12057.0
T931,1215,11899.3
T931,1216,12048.6
T931,1217,12149.4
T931,1218,12332.8
T931,1219,12393.0
T931,1220,11994.9
T931,1221,11892.4
T931,1222,11700.1
T931,1223,11060.3
T931,1224,11288.9
T931,1225,11148.3
T931,1226,10985.5
T931,1227,10681.5
T931,1228,10998.1
T931,1229,10847.1
T931,1230,11122.1
T931,1231,11249.5
T931,1232,11163.7
T931,1233,11079.9
T931,1234,10841.8
T931,1235,10677.2
T931,1236,10568.1
T931,1237,10687.2
T931,1238,10409.8
T931,1239,10293.4
T931,1240,10687.6
T931,1241,10834.4
T931,1242,10912.3
T931,1243,10917.1
T931,1244,10780.4
T931,1245,10644.9
T931,1246,10792.5
T931,1247,11038.5
T931,1248,11049.7
T931,1249,10997.6
T931,1250,10945.3
T931,1251,10977.0
T931,1252,11042.0
T931,1253,11200.2
T931,1254,11315.8
T931,1255,11382.2
T931,1256,11461.6
T931,1257,11705.0
T931,1258,11656.2
T931,1259,11554.7
T931,1260,11750.6
T931,1261,11788.3
T931,1262,11739.2
T931,1263,11676.5
T931,1264,11556.5
T931,1265,11476.0
T931,1266,11206.0
T931,1267,11282.1
T931,1268,11250.9
T931,1269,11164.9
T931,1270,10989.2
T931,1271,10683.6
T931,1272,10933.7
T931,1273,10843.3
T931,1274,10835.0
T931,1275,10777.5
T931,1276,10715.1
T931,1277,10760.9
T931,1278,10743.8
T931,1279,10758.5
T972,1196,1108.26
T972,1197,1126.45
T972,1198,1130.25
T972,1199,1126.88
T972,1200,1131.35
T972,1201,1133.72
T972,1202,1137.57
T972,1203,1122.95
T972,1204,1098.29
T972,1205,1056.14
T972,1206,1054.46
T972,1207,1077.79
T972,1208,1068.92
T972,1209,1064.33
T972,1210,1036.89
T972,1211,974.52
T972,1212,989.55
T972,1213,989.54
T972,1214,1025.28
T972,1215,1037.71
T972,1216,1037.71
T972,1217,1052.81
T972,1218,1028.52
T972,1219,1003.4
T972,1220,1017.66
T972,1221,1048.17
T972,1222,1036.07
T972,1223,1015.96
T972,1224,1038.72
T972,1225,1031.49
T972,1226,1039.04
T972,1227,1031.75
T972,1228,1025.21
T972,1229,1015.18
T972,1230,1005.12
T972,1231,1007.0
T972,1232,1009.44
T972,1233,1027.88
T972,1234,1030.43
T972,1235,1016.56
T972,1236,1010.47
T972,1237,983.24
T972,1238,984.11
T972,1239,960.34
T972,1240,952.47
T972,1241,965.59
T972,1242,959.74
T972,1243,938.4
T972,1244,938.4
T972,1245,939.46
T972,1246,943.97
T972,1247,949.16
T972,1248,969.26
T972,1249,976.07
T972,1250,993.64
T972,1251,996.74
T972,1252,1002.61
T972,1253,1003.1
T972,1254,1003.93
T972,1255,992.64
T972,1256,976.2
T972,1257,957.12
T972,1258,962.82
T972,1259,952.43
T972,1260,947.76
T972,1261,961.99
T972,1262,991.74
T972,1263,996.73
T972,1264,996.34
T972,1265,990.97
T972,1266,973.51
T972,1267,983.09
T972,1268,985.5
T972,1269,991.06
T972,1270,982.93
T972,1271,982.93
T972,1272,978.9
T972,1273,997.07
T972,1274,987.73
T972,1275,987.73
T972,1276,987.73
T972,1277,960.48
T972,1278,971.44
T972,1279,981.27
T977,1196,13186.2
T977,1197,13221.8
T977,1198,13192.0
T977,1199,13266.5
T977,1200,13131.9
T977,1201,13100.4
T977,1202,13230.3
T977,1203,12938.3
T977,1204,12522.2
T977,1205,12011.0
T977,1206,12497.0
T977,1207,12550.0
T977,1208,12150.0
T977,1209,12346.7
T977,1210,12538.6
T977,1211,12697.6
T977,1212,13035.1
T977,1213,13221.2
T977,1214,13351.7
T977,1215,13535.0
T977,1216,13450.0
T977,1217,13571.1
T977,1218,13922.9
T977,1219,14126.8
T977,1220,13598.1
T977,1221,13492.7
T977,1222,13367.8
T977,1223,12797.8
T977,1224,13161.7
T977,1225,13051.4
T977,1226,13014.7
T977,1227,12687.3
T977,1228,12823.5
T977,1229,13154.7
T977,1230,13474.4
T977,1231,13749.0
T977,1232,14238.1
T977,1233,14044.1
T977,1234,13957.8
T977,1235,13466.3
T977,1236,13398.6
T977,1237,13426.9
T977,1238,13526.9
T977,1239,13269.2
T977,1240,13539.9
T977,1241,13533.5
T977,1242,13601.1
T977,1243,13618.2
T977,1244,13615.9
T977,1245,13368.2
T977,1246,13620.0
T977,1247,13829.5
T977,1248,13807.3
T977,1249,14137.9
T977,1250,13986.0
T977,1251,14062.9
T977,1252,14208.4
T977,1253,14303.3
T977,1254,14210.7
T977,1255,14319.9
T977,1256,14292.4
T977,1257,14313.7
T977,1258,14263.4
T977,1259,13942.1
T977,1260,13917.1
T977,1261,14149.2
T977,1262,14064.4
T977,1263,13965.2
T977,1264,13735.2
T977,1265,13703.4
T977,1266,13409.3
T977,1267,13649.8
T977,1268,13652.6
T977,1269,13830.3
T977,1270,13706.1
T977,1271,13559.5
T977,1272,13613.8
T977,1273,13766.9
T977,1274,13627.4
T977,1275,13247.4
T977,1276,13465.7
T977,1277,13442.2
T977,1278,13375.3
T977,1279,13316.3
T980,1196,880.02
T980,1197,874.14
T980,1198,880.1
T980,1199,884.9
T980,1200,916.99
T980,1201,919.92
T980,1202,896.61
T980,1203,901.68
T980,1204,909.91
T980,1205,907.09
T980,1206,904.12
T980,1207,894.3
T980,1208,892.18
T980,1209,899.86
T980,1210,876.31
T980,1211,893.37
T980,1212,897.3
T980,1213,929.94
T980,1214,926.36
T980,1215,913.79
T980,1216,918.77
T980,1217,908.24
T980,1218,928.3
T980,1219,909.02
T980,1220,922.95
T980,1221,948.12
T980,1222,958.45
T980,1223,963.24
T980,1224,974.64
T980,1225,980.82
T980,1226,972.48
T980,1227,954.93
T980,1228,931.29
T980,1229,939.74
T980,1230,929.29
T980,1231,933.42
T980,1232,927.24
T980,1233,927.72
T980,1234,945.59
T980,1235,943.38
T980,1236,935.74
T980,1237,947.47
T980,1238,953.31
T980,1239,959.01
T980,1240,955.46
T980,1241,956.18
T980,1242,941.33
T980,1243,950.99
T980,1244,938.94
T980,1245,930.08
T980,1246,957.12
T980,1247,963.82
T980,1248,951.13
T980,1249,951.62
T980,1250,939.9
T980,1251,936.07
T980,1252,918.26
T980,1253,912.36
T980,1254,892.05
T980,1255,895.53
T980,1256,877.94
T980,1257,887.81
T980,1258,884.98
T980,1259,885.76
T980,1260,866.39
T980,1261,885.95
T980,1262,875.99
T980,1263,862.69
T980,1264,866.64
T980,1265,852.28
T980,1266,849.44
T980,1267,853.21
T980,1268,851.36
T980,1269,863.76
T980,1270,834.11
T980,1271,840.48
T980,1272,840.26
T980,1273,852.02
T980,1274,823.85
T980,1275,837.89
T980,1276,827.41
T980,1277,825.18
T980,1278,808.99
T980,1279,799.47
