series,hour_num,value
T180,793,17.2
T180,794,16.7
T180,795,16.3
T180,796,15.9
T180,797,15.5
T180,798,15.2
T180,799,15.6
T180,800,17.0
T180,801,18.4
T180,802,19.8
T180,803,21.1
T180,804,22.1
T180,805,22.9
T180,806,23.5
T180,807,23.9
T180,808,24.2
T180,809,24.0
T180,810,23.6
T180,811,22.9
T180,812,21.7
T180,813,20.1
T180,814,19.2
T180,815,18.4
T180,816,17.9
T180,817,17.3
T180,818,16.8
T180,819,16.4
T180,820,16.0
T180,821,15.6
T180,822,15.3
T180,823,15.7
T180,824,17.1
T180,825,18.5
T180,826,19.8
T180,827,21.1
T180,828,22.1
T180,829,22.9
T180,830,23.4
T180,831,23.9
T180,832,24.1
T180,833,23.9
T180,834,23.6
T180,835,22.9
T180,836,21.7
T180,837,20.1
T180,838,19.2
T180,839,18.5
T180,840,17.9
T180,841,17.3
T180,842,16.9
T180,843,16.5
T180,844,16.1
T180,845,15.7
T180,846,15.4
T180,847,15.8
T180,848,17.2
T180,849,18.6
T180,850,19.9
T180,851,21.2
T180,852,22.2
T180,853,22.9
T180,854,23.6
T180,855,24.0
T180,856,24.3
T180,857,24.1
T180,858,23.7
T180,859,23.1
T180,860,21.8
T180,861,20.3
T180,862,19.3
T180,863,18.7
T180,864,18.1
T180,865,17.5
T180,866,17.1
T180,867,16.7
T180,868,16.2
T180,869,15.9
T180,870,15.6
T180,871,16.0
T180,872,17.3
T180,873,18.8
T180,874,20.1
T180,875,21.3
T180,876,22.3
T180,877,23.1
T180,878,23.7
T180,879,24.2
T180,880,24.3
T180,881,24.2
T180,882,23.8
T180,883,23.2
T180,884,22.0
T180,885,20.4
T180,886,19.5
T180,887,18.8
T180,888,18.2
T180,889,17.6
T180,890,17.2
T180,891,16.8
T180,892,16.4
T180,893,16.0
T180,894,15.7
T180,895,16.1
T180,896,17.4
T180,897,18.9
T180,898,20.2
T180,899,21.4
T180,900,22.3
T180,901,23.2
T180,902,23.8
T180,903,24.3
T180,904,24.5
T180,905,24.4
T180,906,24.0
T180,907,23.3
T180,908,22.2
T180,909,20.6
T180,910,19.6
T180,911,18.9
T180,912,18.3
T180,913,17.8
T180,914,17.3
T180,915,16.9
T180,916,16.5
T180,917,16.1
T180,918,15.8
T180,919,16.3
T180,920,17.7
T180,921,19.1
T180,922,20.4
T180,923,21.6
T180,924,22.6
T180,925,23.4
T180,926,24.0
T180,927,24.5
T180,928,24.7
T180,929,24.6
T180,930,24.3
T180,931,23.6
T180,932,22.4
T180,933,20.8
T180,934,19.8
T180,935,19.1
T180,936,18.6
T194,793,16.7
T194,794,16.5
T194,795,16.2
T194,796,16.0
T194,797,15.8
T194,798,15.9
T194,799,16.7
T194,800,17.8
T194,801,19.0
T194,802,20.2
T194,803,21.2
T194,804,22.1
T194,805,22.7
T194,806,23.1
T194,807,23.3
T194,808,23.3
T194,809,23.1
T194,810,22.7
T194,811,21.9
T194,812,20.6
T194,813,19.3
T194,814,18.4
T194,815,17.8
T194,816,17.3
T194,817,16.7
T194,818,16.6
T194,819,16.3
T194,820,16.1
T194,821,15.9
T194,822,15.9
T194,823,16.8
T194,824,17.9
T194,825,19.1
T194,826,20.3
T194,827,21.3
T194,828,22.2
T194,829,22.8
T194,830,23.2
T194,831,23.4
T194,832,23.4
T194,833,23.2
T194,834,22.7
T194,835,21.9
T194,836,20.7
T194,837,19.3
T194,838,18.5
T194,839,17.9
T194,840,17.4
T194,841,16.8
T194,842,16.6
T194,843,16.3
T194,844,16.2
T194,845,15.9
T194,846,15.9
T194,847,16.8
T194,848,17.9
T194,849,19.2
T194,850,20.4
T194,851,21.4
T194,852,22.2
T194,853,22.8
T194,854,23.2
T194,855,23.5
T194,856,23.5
T194,857,23.3
T194,858,22.8
T194,859,22.1
T194,860,20.8
T194,861,19.4
T194,862,18.6
T194,863,18.0
T194,864,17.5
T194,865,16.9
T194,866,16.8
T194,867,16.4
T194,868,16.2
T194,869,16.0
T194,870,16.1
T194,871,16.9
T194,872,18.1
T194,873,19.3
T194,874,20.4
T194,875,21.4
T194,876,22.3
T194,877,22.9
T194,878,23.3
T194,879,23.6
T194,880,23.6
T194,881,23.3
T194,882,22.9
T194,883,22.2
T194,884,20.8
T194,885,19.5
T194,886,18.7
T194,887,18.1
T194,888,17.6
T194,889,16.9
T194,890,16.8
T194,891,16.5
T194,892,16.3
T194,893,16.1
T194,894,16.1
T194,895,16.9
T194,896,18.1
T194,897,19.3
T194,898,20.5
T194,899,21.5
T194,900,22.3
T194,901,23.0
T194,902,23.3
T194,903,23.6
T194,904,23.7
T194,905,23.4
T194,906,22.9
T194,907,22.2
T194,908,20.9
T194,909,19.6
T194,910,18.7
T194,911,18.1
T194,912,17.6
T194,913,17.1
T194,914,16.9
T194,915,16.6
T194,916,16.4
T194,917,16.2
T194,918,16.2
T194,919,17.1
T194,920,18.2
T194,921,19.4
T194,922,20.6
T194,923,21.6
T194,924,22.4
T194,925,23.1
T194,926,23.4
T194,927,23.7
T194,928,23.8
T194,929,23.5
T194,930,23.0
T194,931,22.3
T194,932,21.1
T194,933,19.7
T194,934,18.9
T194,935,18.3
T194,936,17.8
T195,793,17.1
T195,794,17.0
T195,795,16.8
T195,796,16.6
T195,797,16.3
T195,798,16.1
T195,799,16.6
T195,800,17.9
T195,801,19.4
T195,802,20.4
T195,803,21.2
T195,804,21.7
T195,805,21.9
T195,806,22.2
T195,807,22.4
T195,808,22.6
T195,809,22.6
T195,810,22.4
T195,811,21.9
T195,812,21.3
T195,813,20.2
T195,814,19.1
T195,815,18.3
T195,816,17.9
T195,817,17.4
T195,818,17.3
T195,819,17.0
T195,820,16.8
T195,821,16.5
T195,822,16.3
T195,823,16.8
T195,824,18.1
T195,825,19.6
T195,826,20.6
T195,827,21.4
T195,828,21.9
T195,829,22.2
T195,830,22.4
T195,831,22.7
T195,832,22.8
T195,833,22.8
T195,834,22.6
T195,835,22.1
T195,836,21.4
T195,837,20.3
T195,838,19.2
T195,839,18.5
T195,840,18.0
T195,841,17.6
T195,842,17.4
T195,843,17.1
T195,844,16.9
T195,845,16.6
T195,846,16.4
T195,847,16.9
T195,848,18.3
T195,849,19.7
T195,850,20.8
T195,851,21.6
T195,852,22.1
T195,853,22.3
T195,854,22.6
T195,855,22.9
T195,856,23.1
T195,857,22.9
T195,858,22.8
T195,859,22.3
T195,860,21.7
T195,861,20.5
T195,862,19.4
T195,863,18.7
T195,864,18.2
T195,865,17.8
T195,866,17.6
T195,867,17.3
T195,868,17.0
T195,869,16.8
T195,870,16.6
T195,871,17.1
T195,872,18.4
T195,873,19.9
T195,874,21.0
T195,875,21.7
T195,876,22.2
T195,877,22.4
T195,878,22.7
T195,879,22.9
T195,880,23.2
T195,881,23.1
T195,882,22.8
T195,883,22.4
T195,884,21.7
T195,885,20.6
T195,886,19.5
T195,887,18.7
T195,888,18.2
T195,889,17.9
T195,890,17.6
T195,891,17.3
T195,892,17.0
T195,893,16.7
T195,894,16.5
T195,895,17.1
T195,896,18.5
T195,897,19.9
T195,898,21.0
T195,899,21.8
T195,900,22.3
T195,901,22.5
T195,902,22.8
T195,903,23.0
T195,904,23.2
T195,905,23.1
T195,906,22.9
T195,907,22.5
T195,908,21.8
T195,909,20.7
T195,910,19.5
T195,911,18.8
T195,912,18.3
T195,913,18.0
T195,914,17.6
T195,915,17.4
T195,916,17.1
T195,917,16.8
T195,918,16.6
T195,919,17.2
T195,920,18.6
T195,921,20.1
T195,922,21.2
T195,923,21.9
T195,924,22.4
T195,925,22.7
T195,926,22.9
T195,927,23.1
T195,928,23.3
T195,929,23.2
T195,930,23.0
T195,931,22.6
T195,932,21.9
T195,933,20.8
T195,934,19.7
T195,935,18.9
T195,936,18.4
T205,793,16.2
T205,794,15.7
T205,795,15.3
T205,796,15.1
T205,797,14.8
T205,798,14.7
T205,799,15.0
T205,800,16.9
T205,801,19.3
T205,802,21.4
T205,803,22.9
T205,804,24.1
T205,805,24.9
T205,806,25.6
T205,807,25.9
T205,808,26.1
T205,809,25.9
T205,810,25.2
T205,811,23.8
T205,812,21.0
T205,813,19.3
T205,814,18.2
T205,815,17.5
T205,816,16.9
T205,817,16.4
T205,818,15.9
T205,819,15.6
T205,820,15.3
T205,821,15.1
T205,822,14.9
T205,823,15.2
T205,824,17.2
T205,825,19.6
T205,826,21.6
T205,827,23.1
T205,828,24.2
T205,829,25.1
T205,830,25.7
T205,831,26.1
T205,832,26.2
T205,833,26.0
T205,834,25.3
T205,835,23.9
T205,836,21.1
T205,837,19.4
T205,838,18.4
T205,839,17.7
T205,840,17.1
T205,841,16.6
T205,842,16.1
T205,843,15.8
T205,844,15.4
T205,845,15.2
T205,846,15.0
T205,847,15.4
T205,848,17.3
T205,849,19.7
T205,850,21.8
T205,851,23.3
T205,852,24.4
T205,853,25.2
T205,854,25.8
T205,855,26.2
T205,856,26.4
T205,857,26.1
T205,858,25.4
T205,859,24.1
T205,860,21.3
T205,861,19.6
T205,862,18.5
T205,863,17.8
T205,864,17.3
T205,865,16.8
T205,866,16.3
T205,867,15.9
T205,868,15.7
T205,869,15.4
T205,870,15.2
T205,871,15.6
T205,872,17.5
T205,873,19.9
T205,874,21.9
T205,875,23.4
T205,876,24.6
T205,877,25.4
T205,878,26.0
T205,879,26.3
T205,880,26.4
T205,881,26.2
T205,882,25.5
T205,883,24.2
T205,884,21.4
T205,885,19.7
T205,886,18.6
T205,887,17.9
T205,888,17.4
T205,889,16.9
T205,890,16.4
T205,891,16.1
T205,892,15.8
T205,893,15.6
T205,894,15.4
T205,895,15.7
T205,896,17.7
T205,897,20.1
T205,898,22.1
T205,899,23.6
T205,900,24.7
T205,901,25.6
T205,902,26.1
T205,903,26.4
T205,904,26.6
T205,905,26.3
T205,906,25.6
T205,907,24.3
T205,908,21.6
T205,909,19.9
T205,910,18.8
T205,911,18.2
T205,912,17.6
T205,913,17.1
T205,914,16.7
T205,915,16.3
T205,916,16.0
T205,917,15.7
T205,918,15.5
T205,919,15.9
T205,920,17.8
T205,921,20.2
T205,922,22.3
T205,923,23.8
T205,924,24.9
T205,925,25.7
T205,926,26.3
T205,927,26.7
T205,928,26.7
T205,929,26.4
T205,930,25.8
T205,931,24.4
T205,932,21.8
T205,933,20.0
T205,934,18.9
T205,935,18.3
T205,936,17.7
T207,793,18.6
T207,794,18.0
T207,795,17.4
T207,796,17.0
T207,797,16.6
T207,798,16.2
T207,799,16.2
T207,800,17.5
T207,801,19.4
T207,802,21.2
T207,803,22.8
T207,804,24.3
T207,805,25.6
T207,806,26.6
T207,807,27.3
T207,808,27.6
T207,809,27.6
T207,810,27.2
T207,811,26.4
T207,812,25.0
T207,813,22.6
T207,814,21.0
T207,815,19.9
T207,816,19.2
T207,817,18.7
T207,818,18.1
T207,819,17.6
T207,820,17.1
T207,821,16.7
T207,822,16.3
T207,823,16.3
T207,824,17.7
T207,825,19.6
T207,826,21.3
T207,827,22.9
T207,828,24.4
T207,829,25.7
T207,830,26.7
T207,831,27.4
T207,832,27.8
T207,833,27.8
T207,834,27.4
T207,835,26.6
T207,836,25.2
T207,837,22.8
T207,838,21.2
T207,839,20.1
T207,840,19.4
T207,841,18.8
T207,842,18.3
T207,843,17.8
T207,844,17.3
T207,845,16.8
T207,846,16.4
T207,847,16.4
T207,848,17.8
T207,849,19.8
T207,850,21.6
T207,851,23.2
T207,852,24.7
T207,853,26.1
T207,854,27.1
T207,855,27.8
T207,856,28.2
T207,857,28.1
T207,858,27.7
T207,859,26.9
T207,860,25.4
T207,861,23.1
T207,862,21.4
T207,863,20.4
T207,864,19.6
T207,865,19.0
T207,866,18.5
T207,867,17.9
T207,868,17.5
T207,869,17.1
T207,870,16.6
T207,871,16.6
T207,872,18.1
T207,873,20.1
T207,874,21.9
T207,875,23.6
T207,876,25.1
T207,877,26.4
T207,878,27.4
T207,879,28.2
T207,880,28.6
T207,881,28.6
T207,882,28.1
T207,883,27.3
T207,884,25.8
T207,885,23.4
T207,886,21.7
T207,887,20.7
T207,888,19.9
T207,889,19.3
T207,890,18.7
T207,891,18.2
T207,892,17.7
T207,893,17.3
T207,894,16.9
T207,895,16.9
T207,896,18.3
T207,897,20.3
T207,898,22.2
T207,899,23.9
T207,900,25.4
T207,901,26.7
T207,902,27.7
T207,903,28.5
T207,904,28.9
T207,905,28.8
T207,906,28.4
T207,907,27.6
T207,908,26.1
T207,909,23.7
T207,910,22.0
T207,911,20.9
T207,912,20.2
T207,913,19.6
T207,914,19.0
T207,915,18.5
T207,916,18.0
T207,917,17.6
T207,918,17.1
T207,919,17.1
T207,920,18.6
T207,921,20.6
T207,922,22.5
T207,923,24.2
T207,924,25.7
T207,925,27.1
T207,926,28.1
T207,927,28.9
T207,928,29.3
T207,929,29.2
T207,930,28.7
T207,931,27.9
T207,932,26.4
T207,933,24.0
T207,934,22.3
T207,935,21.2
T207,936,20.4
T225,793,17.1
T225,794,16.6
T225,795,16.1
T225,796,15.7
T225,797,15.4
T225,798,15.1
T225,799,15.0
T225,800,16.5
T225,801,18.4
T225,802,20.3
T225,803,21.7
T225,804,22.9
T225,805,23.9
T225,806,24.6
T225,807,25.2
T225,808,25.3
T225,809,25.3
T225,810,24.8
T225,811,24.0
T225,812,22.5
T225,813,20.4
T225,814,19.3
T225,815,18.6
T225,816,17.8
T225,817,17.2
T225,818,16.7
T225,819,16.2
T225,820,15.8
T225,821,15.5
T225,822,15.2
T225,823,15.2
T225,824,16.7
T225,825,18.6
T225,826,20.4
T225,827,21.9
T225,828,23.1
T225,829,24.1
T225,830,24.8
T225,831,25.3
T225,832,25.5
T225,833,25.4
T225,834,25.0
T225,835,24.2
T225,836,22.7
T225,837,20.6
T225,838,19.5
T225,839,18.7
T225,840,17.9
T225,841,17.4
T225,842,16.9
T225,843,16.4
T225,844,16.1
T225,845,15.7
T225,846,15.4
T225,847,15.4
T225,848,16.8
T225,849,18.8
T225,850,20.6
T225,851,22.1
T225,852,23.3
T225,853,24.3
T225,854,25.1
T225,855,25.6
T225,856,25.7
T225,857,25.7
T225,858,25.2
T225,859,24.3
T225,860,22.8
T225,861,20.8
T225,862,19.7
T225,863,18.9
T225,864,18.2
T225,865,17.7
T225,866,17.1
T225,867,16.6
T225,868,16.3
T225,869,15.9
T225,870,15.6
T225,871,15.6
T225,872,17.0
T225,873,18.9
T225,874,20.8
T225,875,22.2
T225,876,23.4
T225,877,24.4
T225,878,25.2
T225,879,25.7
T225,880,25.8
T225,881,25.8
T225,882,25.3
T225,883,24.4
T225,884,22.9
T225,885,20.9
T225,886,19.9
T225,887,19.1
T225,888,18.3
T225,889,17.7
T225,890,17.2
T225,891,16.8
T225,892,16.4
T225,893,16.1
T225,894,15.8
T225,895,15.7
T225,896,17.2
T225,897,19.1
T225,898,20.9
T225,899,22.3
T225,900,23.6
T225,901,24.6
T225,902,25.3
T225,903,25.8
T225,904,25.9
T225,905,25.9
T225,906,25.4
T225,907,24.5
T225,908,23.1
T225,909,21.1
T225,910,20.0
T225,911,19.2
T225,912,18.4
T225,913,17.9
T225,914,17.3
T225,915,16.9
T225,916,16.6
T225,917,16.2
T225,918,15.9
T225,919,15.9
T225,920,17.3
T225,921,19.3
T225,922,21.1
T225,923,22.4
T225,924,23.7
T225,925,24.7
T225,926,25.4
T225,927,25.9
T225,928,26.0
T225,929,26.0
T225,930,25.5
T225,931,24.6
T225,932,23.2
T225,933,21.2
T225,934,20.1
T225,935,19.3
T225,936,18.6
T234,793,14.8
T234,794,14.6
T234,795,14.3
T234,796,14.1
T234,797,13.9
T234,798,13.7
T234,799,13.6
T234,800,13.8
T234,801,15.4
T234,802,17.1
T234,803,18.5
T234,804,19.6
T234,805,20.4
T234,806,21.0
T234,807,21.3
T234,808,21.3
T234,809,21.1
T234,810,20.2
T234,811,18.9
T234,812,17.2
T234,813,16.2
T234,814,15.8
T234,815,15.4
T234,816,15.2
T234,817,14.9
T234,818,14.7
T234,819,14.4
T234,820,14.2
T234,821,14.0
T234,822,13.8
T234,823,13.7
T234,824,13.9
T234,825,15.6
T234,826,17.2
T234,827,18.7
T234,828,19.8
T234,829,20.6
T234,830,21.2
T234,831,21.4
T234,832,21.4
T234,833,21.1
T234,834,20.3
T234,835,19.1
T234,836,17.3
T234,837,16.3
T234,838,15.9
T234,839,15.6
T234,840,15.3
T234,841,15.1
T234,842,14.8
T234,843,14.5
T234,844,14.3
T234,845,14.2
T234,846,13.9
T234,847,13.9
T234,848,14.1
T234,849,15.7
T234,850,17.4
T234,851,18.8
T234,852,19.9
T234,853,20.7
T234,854,21.3
T234,855,21.6
T234,856,21.5
T234,857,21.2
T234,858,20.4
T234,859,19.2
T234,860,17.4
T234,861,16.5
T234,862,16.1
T234,863,15.7
T234,864,15.4
T234,865,15.2
T234,866,14.9
T234,867,14.7
T234,868,14.5
T234,869,14.3
T234,870,14.1
T234,871,14.0
T234,872,14.2
T234,873,15.9
T234,874,17.6
T234,875,18.9
T234,876,20.0
T234,877,20.9
T234,878,21.4
T234,879,21.7
T234,880,21.6
T234,881,21.3
T234,882,20.6
T234,883,19.3
T234,884,17.6
T234,885,16.6
T234,886,16.2
T234,887,15.8
T234,888,15.6
T234,889,15.3
T234,890,15.1
T234,891,14.8
T234,892,14.6
T234,893,14.4
T234,894,14.2
T234,895,14.1
T234,896,14.3
T234,897,16.0
T234,898,17.7
T234,899,19.1
T234,900,20.1
T234,901,20.9
T234,902,21.5
T234,903,21.7
T234,904,21.7
T234,905,21.4
T234,906,20.7
T234,907,19.4
T234,908,17.6
T234,909,16.7
T234,910,16.3
T234,911,15.9
T234,912,15.6
T234,913,15.3
T234,914,15.1
T234,915,14.8
T234,916,14.6
T234,917,14.4
T234,918,14.2
T234,919,14.1
T234,920,14.3
T234,921,16.1
T234,922,17.7
T234,923,19.1
T234,924,20.2
T234,925,21.1
T234,926,21.6
T234,927,21.9
T234,928,21.9
T234,929,21.6
T234,930,20.8
T234,931,19.6
T234,932,17.7
T234,933,16.8
T234,934,16.3
T234,935,15.9
T234,936,15.6
T236,793,15.0
T236,794,14.3
T236,795,13.8
T236,796,13.4
T236,797,13.0
T236,798,12.9
T236,799,13.4
T236,800,14.3
T236,801,15.4
T236,802,16.6
T236,803,17.7
T236,804,19.0
T236,805,20.2
T236,806,21.2
T236,807,22.0
T236,808,22.5
T236,809,22.7
T236,810,22.5
T236,811,21.8
T236,812,20.7
T236,813,19.1
T236,814,17.7
T236,815,16.7
T236,816,15.8
T236,817,15.1
T236,818,14.4
T236,819,13.9
T236,820,13.5
T236,821,13.1
T236,822,13.0
T236,823,13.6
T236,824,14.4
T236,825,15.5
T236,826,16.7
T236,827,17.9
T236,828,19.2
T236,829,20.4
T236,830,21.4
T236,831,22.2
T236,832,22.7
T236,833,22.9
T236,834,22.7
T236,835,22.1
T236,836,20.8
T236,837,19.2
T236,838,17.9
T236,839,16.8
T236,840,15.9
T236,841,15.3
T236,842,14.5
T236,843,14.0
T236,844,13.6
T236,845,13.2
T236,846,13.1
T236,847,13.7
T236,848,14.5
T236,849,15.6
T236,850,16.8
T236,851,18.0
T236,852,19.3
T236,853,20.5
T236,854,21.6
T236,855,22.3
T236,856,22.8
T236,857,23.0
T236,858,22.8
T236,859,22.1
T236,860,20.9
T236,861,19.4
T236,862,18.1
T236,863,16.9
T236,864,16.0
T236,865,15.3
T236,866,14.7
T236,867,14.1
T236,868,13.7
T236,869,13.3
T236,870,13.1
T236,871,13.7
T236,872,14.6
T236,873,15.7
T236,874,16.9
T236,875,18.1
T236,876,19.4
T236,877,20.7
T236,878,21.7
T236,879,22.6
T236,880,23.0
T236,881,23.2
T236,882,23.0
T236,883,22.3
T236,884,21.1
T236,885,19.6
T236,886,18.2
T236,887,17.1
T236,888,16.2
T236,889,15.4
T236,890,14.8
T236,891,14.2
T236,892,13.8
T236,893,13.4
T236,894,13.2
T236,895,13.8
T236,896,14.7
T236,897,15.8
T236,898,17.1
T236,899,18.3
T236,900,19.6
T236,901,20.9
T236,902,21.9
T236,903,22.7
T236,904,23.2
T236,905,23.4
T236,906,23.2
T236,907,22.5
T236,908,21.3
T236,909,19.7
T236,910,18.3
T236,911,17.2
T236,912,16.3
T236,913,15.6
T236,914,14.9
T236,915,14.3
T236,916,13.9
T236,917,13.5
T236,918,13.3
T236,919,13.9
T236,920,14.8
T236,921,15.9
T236,922,17.2
T236,923,18.4
T236,924,19.7
T236,925,20.9
T236,926,22.1
T236,927,22.8
T236,928,23.3
T236,929,23.5
T236,930,23.3
T236,931,22.7
T236,932,21.4
T236,933,19.8
T236,934,18.4
T236,935,17.3
T236,936,16.4
T242,793,11.7
T242,794,11.4
T242,795,11.2
T242,796,10.9
T242,797,10.7
T242,798,10.8
T242,799,11.4
T242,800,12.4
T242,801,13.3
T242,802,14.2
T242,803,14.8
T242,804,15.6
T242,805,16.1
T242,806,16.4
T242,807,16.8
T242,808,16.9
T242,809,16.8
T242,810,16.4
T242,811,15.9
T242,812,15.1
T242,813,13.9
T242,814,13.1
T242,815,12.4
T242,816,12.1
T242,817,11.7
T242,818,11.4
T242,819,11.2
T242,820,10.9
T242,821,10.8
T242,822,10.8
T242,823,11.4
T242,824,12.4
T242,825,13.4
T242,826,14.2
T242,827,14.9
T242,828,15.6
T242,829,16.2
T242,830,16.6
T242,831,16.8
T242,832,17.0
T242,833,16.8
T242,834,16.6
T242,835,16.0
T242,836,15.1
T242,837,14.0
T242,838,13.1
T242,839,12.4
T242,840,12.1
T242,841,11.7
T242,842,11.4
T242,843,11.2
T242,844,10.9
T242,845,10.7
T242,846,10.7
T242,847,11.4
T242,848,12.4
T242,849,13.4
T242,850,14.2
T242,851,14.9
T242,852,15.7
T242,853,16.3
T242,854,16.7
T242,855,17.0
T242,856,17.2
T242,857,17.0
T242,858,16.7
T242,859,16.1
T242,860,15.2
T242,861,14.1
T242,862,13.2
T242,863,12.5
T242,864,12.1
T242,865,11.7
T242,866,11.4
T242,867,11.2
T242,868,10.9
T242,869,10.7
T242,870,10.7
T242,871,11.4
T242,872,12.4
T242,873,13.4
T242,874,14.3
T242,875,15.0
T242,876,15.7
T242,877,16.3
T242,878,16.7
T242,879,17.1
T242,880,17.2
T242,881,17.1
T242,882,16.7
T242,883,16.2
T242,884,15.2
T242,885,14.1
T242,886,13.2
T242,887,12.6
T242,888,12.1
T242,889,11.8
T242,890,11.4
T242,891,11.2
T242,892,10.9
T242,893,10.7
T242,894,10.8
T242,895,11.4
T242,896,12.4
T242,897,13.4
T242,898,14.3
T242,899,15.0
T242,900,15.7
T242,901,16.3
T242,902,16.7
T242,903,17.0
T242,904,17.2
T242,905,17.1
T242,906,16.7
T242,907,16.1
T242,908,15.2
T242,909,14.0
T242,910,13.1
T242,911,12.5
T242,912,12.1
T242,913,11.8
T242,914,11.4
T242,915,11.1
T242,916,10.9
T242,917,10.7
T242,918,10.7
T242,919,11.3
T242,920,12.4
T242,921,13.4
T242,922,14.3
T242,923,15.1
T242,924,15.8
T242,925,16.3
T242,926,16.8
T242,927,17.1
T242,928,17.2
T242,929,17.1
T242,930,16.8
T242,931,16.2
T242,932,15.2
T242,933,14.1
T242,934,13.2
T242,935,12.6
T242,936,12.1
T247,793,21.9
T247,794,19.2
T247,795,17.4
T247,796,16.2
T247,797,15.4
T247,798,14.2
T247,799,13.7
T247,800,13.3
T247,801,12.9
T247,802,12.6
T247,803,13.7
T247,804,15.7
T247,805,17.9
T247,806,20.1
T247,807,22.1
T247,808,23.8
T247,809,25.4
T247,810,26.5
T247,811,27.3
T247,812,27.6
T247,813,27.4
T247,814,26.4
T247,815,24.6
T247,816,22.1
T247,817,19.3
T247,818,17.5
T247,819,16.3
T247,820,15.4
T247,821,14.3
T247,822,13.8
T247,823,13.4
T247,824,12.9
T247,825,12.7
T247,826,13.8
T247,827,15.8
T247,828,18.1
T247,829,20.2
T247,830,22.2
T247,831,23.9
T247,832,25.5
T247,833,26.7
T247,834,27.5
T247,835,27.8
T247,836,27.6
T247,837,26.6
T247,838,24.8
T247,839,22.2
T247,840,19.4
T247,841,17.7
T247,842,16.4
T247,843,15.6
T247,844,14.3
T247,845,13.9
T247,846,13.6
T247,847,13.1
T247,848,12.8
T247,849,13.9
T247,850,15.9
T247,851,18.2
T247,852,20.3
T247,853,22.4
T247,854,24.2
T247,855,25.7
T247,856,26.8
T247,857,27.7
T247,858,28.0
T247,859,27.8
T247,860,26.8
T247,861,24.9
T247,862,22.4
T247,863,19.6
T247,864,17.8
T247,865,16.5
T247,866,15.7
T247,867,14.4
T247,868,14.0
T247,869,13.6
T247,870,13.2
T247,871,12.9
T247,872,14.0
T247,873,16.1
T247,874,18.3
T247,875,20.5
T247,876,22.6
T247,877,24.3
T247,878,25.8
T247,879,26.9
T247,880,27.8
T247,881,28.1
T247,882,27.9
T247,883,26.9
T247,884,25.1
T247,885,22.5
T247,886,19.7
T247,887,17.8
T247,888,16.6
T247,889,15.7
T247,890,14.5
T247,891,14.1
T247,892,13.7
T247,893,13.3
T247,894,12.9
T247,895,14.1
T247,896,16.1
T247,897,18.4
T247,898,20.6
T247,899,22.7
T247,900,24.4
T247,901,26.0
T247,902,27.1
T247,903,27.9
T247,904,28.3
T247,905,28.1
T247,906,27.1
T247,907,25.3
T247,908,22.7
T247,909,19.9
T247,910,18.0
T247,911,16.8
T247,912,15.9
T247,913,14.6
T247,914,14.2
T247,915,13.8
T247,916,13.4
T247,917,13.1
T247,918,14.2
T247,919,16.3
T247,920,18.6
T247,921,20.8
T247,922,22.8
T247,923,24.7
T247,924,26.2
T247,925,27.3
T247,926,28.2
T247,927,28.5
T247,928,28.3
T247,929,27.3
T247,930,25.6
T247,931,23.0
T247,932,20.1
T247,933,18.2
T247,934,16.9
T247,935,16.1
T247,936,14.8
T249,793,13.3
T249,794,14.6
T249,795,16.8
T249,796,19.1
T249,797,21.1
T249,798,23.0
T249,799,24.6
T249,800,26.1
T249,801,27.2
T249,802,28.1
T249,803,28.2
T249,804,28.0
T249,805,27.0
T249,806,25.2
T249,807,22.8
T249,808,20.2
T249,809,18.6
T249,810,17.6
T249,811,16.7
T249,812,15.2
T249,813,14.7
T249,814,14.1
T249,815,13.7
T249,816,13.3
T249,817,14.6
T249,818,16.8
T249,819,19.2
T249,820,21.2
T249,821,23.1
T249,822,24.6
T249,823,26.1
T249,824,27.2
T249,825,28.0
T249,826,28.2
T249,827,28.0
T249,828,27.0
T249,829,25.3
T249,830,22.8
T249,831,20.3
T249,832,18.6
T249,833,17.6
T249,834,16.7
T249,835,15.3
T249,836,14.7
T249,837,14.2
T249,838,13.8
T249,839,13.4
T249,840,14.7
T249,841,16.9
T249,842,19.2
T249,843,21.2
T249,844,23.1
T249,845,24.7
T249,846,26.1
T249,847,27.3
T249,848,28.1
T249,849,28.3
T249,850,28.2
T249,851,27.2
T249,852,25.5
T249,853,23.0
T249,854,20.4
T249,855,18.7
T249,856,17.7
T249,857,16.8
T249,858,15.4
T249,859,14.8
T249,860,14.3
T249,861,13.9
T249,862,13.5
T249,863,14.8
T249,864,17.1
T249,865,19.3
T249,866,21.4
T249,867,23.3
T249,868,24.9
T249,869,26.3
T249,870,27.5
T249,871,28.3
T249,872,28.5
T249,873,28.3
T249,874,27.4
T249,875,25.7
T249,876,23.2
T249,877,20.5
T249,878,18.8
T249,879,17.8
T249,880,16.8
T249,881,15.6
T249,882,14.9
T249,883,14.4
T249,884,14.1
T249,885,13.6
T249,886,15.0
T249,887,17.2
T249,888,19.5
T249,889,21.5
T249,890,23.4
T249,891,25.0
T249,892,26.4
T249,893,27.7
T249,894,28.4
T249,895,28.7
T249,896,28.5
T249,897,27.5
T249,898,25.8
T249,899,23.3
T249,900,20.6
T249,901,18.9
T249,902,17.9
T249,903,16.9
T249,904,15.6
T249,905,14.9
T249,906,14.5
T249,907,14.1
T249,908,13.7
T249,909,15.1
T249,910,17.3
T249,911,19.6
T249,912,21.6
T249,913,23.6
T249,914,25.2
T249,915,26.6
T249,916,27.8
T249,917,28.6
T249,918,28.8
T249,919,28.6
T249,920,27.6
T249,921,25.9
T249,922,23.4
T249,923,20.7
T249,924,19.0
T249,925,17.9
T249,926,16.9
T249,927,15.7
T249,928,15.0
T249,929,14.6
T249,930,14.2
T249,931,13.8
T249,932,15.2
T249,933,17.4
T249,934,19.7
T249,935,21.7
T249,936,23.7
T261,793,17.3
T261,794,16.9
T261,795,15.9
T261,796,15.1
T261,797,14.3
T261,798,13.7
T261,799,14.3
T261,800,16.3
T261,801,18.2
T261,802,20.3
T261,803,22.3
T261,804,24.3
T261,805,26.0
T261,806,27.1
T261,807,28.1
T261,808,28.5
T261,809,28.6
T261,810,28.3
T261,811,27.5
T261,812,26.1
T261,813,23.6
T261,814,21.7
T261,815,20.2
T261,816,19.0
T261,817,17.0
T261,818,15.9
T261,819,15.2
T261,820,14.4
T261,821,13.7
T261,822,14.3
T261,823,16.3
T261,824,18.2
T261,825,20.3
T261,826,22.4
T261,827,24.4
T261,828,26.1
T261,829,27.3
T261,830,28.2
T261,831,28.7
T261,832,28.8
T261,833,28.4
T261,834,27.6
T261,835,26.2
T261,836,23.7
T261,837,21.8
T261,838,20.3
T261,839,19.1
T261,840,17.1
T261,841,16.1
T261,842,15.3
T261,843,14.5
T261,844,13.8
T261,845,14.4
T261,846,16.4
T261,847,18.2
T261,848,20.3
T261,849,22.4
T261,850,24.4
T261,851,26.2
T261,852,27.4
T261,853,28.3
T261,854,28.8
T261,855,28.8
T261,856,28.5
T261,857,27.7
T261,858,26.3
T261,859,23.7
T261,860,21.9
T261,861,20.4
T261,862,19.2
T261,863,17.2
T261,864,16.1
T261,865,15.3
T261,866,14.6
T261,867,13.9
T261,868,14.4
T261,869,16.4
T261,870,18.3
T261,871,20.4
T261,872,22.6
T261,873,24.5
T261,874,26.2
T261,875,27.4
T261,876,28.3
T261,877,28.8
T261,878,28.8
T261,879,28.6
T261,880,27.7
T261,881,26.3
T261,882,23.7
T261,883,21.9
T261,884,20.4
T261,885,19.3
T261,886,17.2
T261,887,16.1
T261,888,15.3
T261,889,14.6
T261,890,13.9
T261,891,14.4
T261,892,16.4
T261,893,18.3
T261,894,20.4
T261,895,22.6
T261,896,24.5
T261,897,26.2
T261,898,27.5
T261,899,28.4
T261,900,28.8
T261,901,28.9
T261,902,28.7
T261,903,27.8
T261,904,26.4
T261,905,23.8
T261,906,22.0
T261,907,20.5
T261,908,19.3
T261,909,17.3
T261,910,16.2
T261,911,15.4
T261,912,14.6
T261,913,13.9
T261,914,14.4
T261,915,16.4
T261,916,18.3
T261,917,20.4
T261,918,22.6
T261,919,24.6
T261,920,26.3
T261,921,27.6
T261,922,28.6
T261,923,29.0
T261,924,29.1
T261,925,28.7
T261,926,27.9
T261,927,26.4
T261,928,23.8
T261,929,22.1
T261,930,20.6
T261,931,19.4
T261,932,17.3
T261,933,16.2
T261,934,15.4
T261,935,14.7
T261,936,14.0
T268,793,17.7
T268,794,16.5
T268,795,16.0
T268,796,15.6
T268,797,15.2
T268,798,15.2
T268,799,17.3
T268,800,19.8
T268,801,22.0
T268,802,23.8
T268,803,25.4
T268,804,26.7
T268,805,27.8
T268,806,28.5
T268,807,28.8
T268,808,28.6
T268,809,28.1
T268,810,27.2
T268,811,25.7
T268,812,22.9
T268,813,20.6
T268,814,19.6
T268,815,18.6
T268,816,17.8
T268,817,16.6
T268,818,16.1
T268,819,15.7
T268,820,15.4
T268,821,15.3
T268,822,17.4
T268,823,19.9
T268,824,22.1
T268,825,23.9
T268,826,25.5
T268,827,26.7
T268,828,27.8
T268,829,28.5
T268,830,28.9
T268,831,28.7
T268,832,28.2
T268,833,27.2
T268,834,25.7
T268,835,23.0
T268,836,20.6
T268,837,19.6
T268,838,18.7
T268,839,18.0
T268,840,16.8
T268,841,16.3
T268,842,15.9
T268,843,15.6
T268,844,15.4
T268,845,17.6
T268,846,20.1
T268,847,22.3
T268,848,24.0
T268,849,25.6
T268,850,26.8
T268,851,27.8
T268,852,28.6
T268,853,28.9
T268,854,28.8
T268,855,28.2
T268,856,27.3
T268,857,25.8
T268,858,23.1
T268,859,20.7
T268,860,19.7
T268,861,18.8
T268,862,18.1
T268,863,16.8
T268,864,16.4
T268,865,16.0
T268,866,15.7
T268,867,15.6
T268,868,17.7
T268,869,20.2
T268,870,22.4
T268,871,24.2
T268,872,25.8
T268,873,26.9
T268,874,28.0
T268,875,28.8
T268,876,29.1
T268,877,28.9
T268,878,28.4
T268,879,27.4
T268,880,25.8
T268,881,23.2
T268,882,20.8
T268,883,19.9
T268,884,18.9
T268,885,18.3
T268,886,17.1
T268,887,16.6
T268,888,16.2
T268,889,15.8
T268,890,15.7
T268,891,17.8
T268,892,20.4
T268,893,22.6
T268,894,24.3
T268,895,26.0
T268,896,27.1
T268,897,28.2
T268,898,29.0
T268,899,29.3
T268,900,29.1
T268,901,28.5
T268,902,27.5
T268,903,26.0
T268,904,23.3
T268,905,21.1
T268,906,20.1
T268,907,19.2
T268,908,18.4
T268,909,17.2
T268,910,16.8
T268,911,16.4
T268,912,16.1
T268,913,15.9
T268,914,18.1
T268,915,20.6
T268,916,22.8
T268,917,24.6
T268,918,26.2
T268,919,27.3
T268,920,28.4
T268,921,29.1
T268,922,29.4
T268,923,29.2
T268,924,28.6
T268,925,27.6
T268,926,26.1
T268,927,23.4
T268,928,21.2
T268,929,20.2
T268,930,19.3
T268,931,18.6
T268,932,17.4
T268,933,17.1
T268,934,16.7
T268,935,16.3
T268,936,16.1
T273,793,17.5
T273,794,17.4
T273,795,17.0
T273,796,16.6
T273,797,16.2
T273,798,15.9
T273,799,15.8
T273,800,16.9
T273,801,18.5
T273,802,20.1
T273,803,21.3
T273,804,22.4
T273,805,23.2
T273,806,23.8
T273,807,24.3
T273,808,24.6
T273,809,24.7
T273,810,24.4
T273,811,23.9
T273,812,23.0
T273,813,21.6
T273,814,20.4
T273,815,19.6
T273,816,18.9
T273,817,17.8
T273,818,17.7
T273,819,17.3
T273,820,16.8
T273,821,16.4
T273,822,16.1
T273,823,16.1
T273,824,17.2
T273,825,18.8
T273,826,20.3
T273,827,21.5
T273,828,22.6
T273,829,23.4
T273,830,24.1
T273,831,24.6
T273,832,24.8
T273,833,24.8
T273,834,24.6
T273,835,24.1
T273,836,23.2
T273,837,21.8
T273,838,20.7
T273,839,19.8
T273,840,19.1
T273,841,18.0
T273,842,17.9
T273,843,17.5
T273,844,17.1
T273,845,16.7
T273,846,16.4
T273,847,16.3
T273,848,17.4
T273,849,18.9
T273,850,20.4
T273,851,21.7
T273,852,22.8
T273,853,23.6
T273,854,24.3
T273,855,24.7
T273,856,24.9
T273,857,25.0
T273,858,24.8
T273,859,24.3
T273,860,23.3
T273,861,21.9
T273,862,20.8
T273,863,20.0
T273,864,19.3
T273,865,18.2
T273,866,18.2
T273,867,17.7
T273,868,17.3
T273,869,16.9
T273,870,16.6
T273,871,16.6
T273,872,17.7
T273,873,19.2
T273,874,20.7
T273,875,21.9
T273,876,23.1
T273,877,23.8
T273,878,24.6
T273,879,25.0
T273,880,25.2
T273,881,25.2
T273,882,24.9
T273,883,24.4
T273,884,23.5
T273,885,22.1
T273,886,21.0
T273,887,20.2
T273,888,19.5
T273,889,18.4
T273,890,18.3
T273,891,17.9
T273,892,17.6
T273,893,17.2
T273,894,16.8
T273,895,16.8
T273,896,17.9
T273,897,19.4
T273,898,20.9
T273,899,22.2
T273,900,23.3
T273,901,24.1
T273,902,24.7
T273,903,25.2
T273,904,25.4
T273,905,25.4
T273,906,25.1
T273,907,24.7
T273,908,23.7
T273,909,22.3
T273,910,21.2
T273,911,20.3
T273,912,19.7
T273,913,18.7
T273,914,18.5
T273,915,18.1
T273,916,17.7
T273,917,17.3
T273,918,17.0
T273,919,16.9
T273,920,18.1
T273,921,19.6
T273,922,21.1
T273,923,22.3
T273,924,23.4
T273,925,24.3
T273,926,24.9
T273,927,25.4
T273,928,25.6
T273,929,25.6
T273,930,25.3
T273,931,24.8
T273,932,23.8
T273,933,22.4
T273,934,21.3
T273,935,20.4
T273,936,19.8
T277,793,15.0
T277,794,14.6
T277,795,14.3
T277,796,14.1
T277,797,13.8
T277,798,13.6
T277,799,13.5
T277,800,13.6
T277,801,15.1
T277,802,16.8
T277,803,18.3
T277,804,19.6
T277,805,20.6
T277,806,21.4
T277,807,21.9
T277,808,22.0
T277,809,21.8
T277,810,21.3
T277,811,20.2
T277,812,18.5
T277,813,17.4
T277,814,16.8
T277,815,16.2
T277,816,15.7
T277,817,15.2
T277,818,14.8
T277,819,14.4
T277,820,14.2
T277,821,14.0
T277,822,13.8
T277,823,13.6
T277,824,13.7
T277,825,15.2
T277,826,16.9
T277,827,18.4
T277,828,19.7
T277,829,20.7
T277,830,21.5
T277,831,22.0
T277,832,22.1
T277,833,21.9
T277,834,21.4
T277,835,20.3
T277,836,18.6
T277,837,17.6
T277,838,16.8
T277,839,16.3
T277,840,15.8
T277,841,15.3
T277,842,14.9
T277,843,14.6
T277,844,14.3
T277,845,14.1
T277,846,13.8
T277,847,13.7
T277,848,13.8
T277,849,15.3
T277,850,17.0
T277,851,18.6
T277,852,19.8
T277,853,20.8
T277,854,21.6
T277,855,22.1
T277,856,22.2
T277,857,22.0
T277,858,21.5
T277,859,20.4
T277,860,18.7
T277,861,17.6
T277,862,16.9
T277,863,16.3
T277,864,15.8
T277,865,15.3
T277,866,14.9
T277,867,14.6
T277,868,14.3
T277,869,14.0
T277,870,13.8
T277,871,13.7
T277,872,13.8
T277,873,15.4
T277,874,17.1
T277,875,18.7
T277,876,19.9
T277,877,20.9
T277,878,21.7
T277,879,22.2
T277,880,22.3
T277,881,22.1
T277,882,21.6
T277,883,20.6
T277,884,18.8
T277,885,17.7
T277,886,16.9
T277,887,16.4
T277,888,15.8
T277,889,15.3
T277,890,14.9
T277,891,14.6
T277,892,14.3
T277,893,14.0
T277,894,13.8
T277,895,13.6
T277,896,13.8
T277,897,15.4
T277,898,17.2
T277,899,18.7
T277,900,20.0
T277,901,21.0
T277,902,21.8
T277,903,22.3
T277,904,22.4
T277,905,22.2
T277,906,21.7
T277,907,20.7
T277,908,18.8
T277,909,17.7
T277,910,17.1
T277,911,16.4
T277,912,15.9
T277,913,15.4
T277,914,14.9
T277,915,14.6
T277,916,14.3
T277,917,14.1
T277,918,13.9
T277,919,13.7
T277,920,13.9
T277,921,15.6
T277,922,17.3
T277,923,18.8
T277,924,20.1
T277,925,21.1
T277,926,21.8
T277,927,22.3
T277,928,22.4
T277,929,22.3
T277,930,21.8
T277,931,20.7
T277,932,18.9
T277,933,17.9
T277,934,17.2
T277,935,16.6
T277,936,16.1
T292,793,16.6
T292,794,16.1
T292,795,15.7
T292,796,15.3
T292,797,14.9
T292,798,14.7
T292,799,14.4
T292,800,15.1
T292,801,16.8
T292,802,18.6
T292,803,20.2
T292,804,21.6
T292,805,22.7
T292,806,23.7
T292,807,24.3
T292,808,24.7
T292,809,24.7
T292,810,24.3
T292,811,23.3
T292,812,21.3
T292,813,19.7
T292,814,18.8
T292,815,18.1
T292,816,17.4
T292,817,16.8
T292,818,16.4
T292,819,15.9
T292,820,15.6
T292,821,15.2
T292,822,14.9
T292,823,14.6
T292,824,15.3
T292,825,17.0
T292,826,18.8
T292,827,20.4
T292,828,21.8
T292,829,22.9
T292,830,23.8
T292,831,24.5
T292,832,24.9
T292,833,24.9
T292,834,24.5
T292,835,23.4
T292,836,21.4
T292,837,19.8
T292,838,18.9
T292,839,18.2
T292,840,17.6
T292,841,16.9
T292,842,16.5
T292,843,16.0
T292,844,15.7
T292,845,15.3
T292,846,15.0
T292,847,14.8
T292,848,15.5
T292,849,17.2
T292,850,19.1
T292,851,20.7
T292,852,22.0
T292,853,23.1
T292,854,24.1
T292,855,24.7
T292,856,25.1
T292,857,25.1
T292,858,24.7
T292,859,23.7
T292,860,21.6
T292,861,20.0
T292,862,19.1
T292,863,18.3
T292,864,17.7
T292,865,17.1
T292,866,16.6
T292,867,16.2
T292,868,15.8
T292,869,15.4
T292,870,15.2
T292,871,14.9
T292,872,15.7
T292,873,17.4
T292,874,19.2
T292,875,20.8
T292,876,22.2
T292,877,23.3
T292,878,24.3
T292,879,24.9
T292,880,25.3
T292,881,25.3
T292,882,24.9
T292,883,23.8
T292,884,21.8
T292,885,20.2
T292,886,19.2
T292,887,18.5
T292,888,17.8
T292,889,17.3
T292,890,16.8
T292,891,16.3
T292,892,15.9
T292,893,15.6
T292,894,15.3
T292,895,15.1
T292,896,15.8
T292,897,17.5
T292,898,19.4
T292,899,21.0
T292,900,22.4
T292,901,23.5
T292,902,24.4
T292,903,25.1
T292,904,25.4
T292,905,25.4
T292,906,25.0
T292,907,24.0
T292,908,21.9
T292,909,20.3
T292,910,19.3
T292,911,18.7
T292,912,18.0
T292,913,17.4
T292,914,16.9
T292,915,16.4
T292,916,16.1
T292,917,15.7
T292,918,15.4
T292,919,15.2
T292,920,15.9
T292,921,17.7
T292,922,19.6
T292,923,21.2
T292,924,22.6
T292,925,23.7
T292,926,24.6
T292,927,25.2
T292,928,25.6
T292,929,25.6
T292,930,25.2
T292,931,24.1
T292,932,22.1
T292,933,20.5
T292,934,19.6
T292,935,18.8
T292,936,18.2
T294,793,17.6
T294,794,17.1
T294,795,16.7
T294,796,16.2
T294,797,15.9
T294,798,15.7
T294,799,16.8
T294,800,18.4
T294,801,20.1
T294,802,21.4
T294,803,22.5
T294,804,23.3
T294,805,24.1
T294,806,24.6
T294,807,24.9
T294,808,25.1
T294,809,24.9
T294,810,24.6
T294,811,23.8
T294,812,22.6
T294,813,20.7
T294,814,19.5
T294,815,18.8
T294,816,18.2
T294,817,17.7
T294,818,17.2
T294,819,16.7
T294,820,16.3
T294,821,15.9
T294,822,15.8
T294,823,16.8
T294,824,18.6
T294,825,20.1
T294,826,21.5
T294,827,22.6
T294,828,23.5
T294,829,24.2
T294,830,24.7
T294,831,25.1
T294,832,25.2
T294,833,25.0
T294,834,24.7
T294,835,23.9
T294,836,22.7
T294,837,20.8
T294,838,19.6
T294,839,18.9
T294,840,18.2
T294,841,17.8
T294,842,17.3
T294,843,16.8
T294,844,16.4
T294,845,16.1
T294,846,15.9
T294,847,16.9
T294,848,18.6
T294,849,20.2
T294,850,21.6
T294,851,22.7
T294,852,23.5
T294,853,24.2
T294,854,24.8
T294,855,25.1
T294,856,25.3
T294,857,25.1
T294,858,24.8
T294,859,24.0
T294,860,22.7
T294,861,20.9
T294,862,19.7
T294,863,18.9
T294,864,18.3
T294,865,17.8
T294,866,17.3
T294,867,16.9
T294,868,16.4
T294,869,16.1
T294,870,15.9
T294,871,16.9
T294,872,18.6
T294,873,20.2
T294,874,21.6
T294,875,22.7
T294,876,23.6
T294,877,24.3
T294,878,24.8
T294,879,25.2
T294,880,25.4
T294,881,25.2
T294,882,24.8
T294,883,24.1
T294,884,22.8
T294,885,21.0
T294,886,19.8
T294,887,19.1
T294,888,18.4
T294,889,18.0
T294,890,17.5
T294,891,17.1
T294,892,16.6
T294,893,16.3
T294,894,16.1
T294,895,17.1
T294,896,18.7
T294,897,20.4
T294,898,21.7
T294,899,22.8
T294,900,23.7
T294,901,24.4
T294,902,24.9
T294,903,25.3
T294,904,25.5
T294,905,25.3
T294,906,25.0
T294,907,24.2
T294,908,22.9
T294,909,21.1
T294,910,19.8
T294,911,19.1
T294,912,18.5
T294,913,18.1
T294,914,17.6
T294,915,17.1
T294,916,16.7
T294,917,16.3
T294,918,16.1
T294,919,17.1
T294,920,18.8
T294,921,20.4
T294,922,21.8
T294,923,22.9
T294,924,23.8
T294,925,24.5
T294,926,25.1
T294,927,25.3
T294,928,25.6
T294,929,25.4
T294,930,25.1
T294,931,24.3
T294,932,23.0
T294,933,21.1
T294,934,19.9
T294,935,19.1
T294,936,18.5
T299,793,17.1
T299,794,16.6
T299,795,16.1
T299,796,15.7
T299,797,15.3
T299,798,15.1
T299,799,15.2
T299,800,16.8
T299,801,18.4
T299,802,19.9
T299,803,21.3
T299,804,22.4
T299,805,23.3
T299,806,23.9
T299,807,24.4
T299,808,24.6
T299,809,24.3
T299,810,23.9
T299,811,23.1
T299,812,21.8
T299,813,20.3
T299,814,19.2
T299,815,18.4
T299,816,17.8
T299,817,17.3
T299,818,16.7
T299,819,16.3
T299,820,15.8
T299,821,15.5
T299,822,15.2
T299,823,15.4
T299,824,16.9
T299,825,18.6
T299,826,20.1
T299,827,21.4
T299,828,22.5
T299,829,23.4
T299,830,24.1
T299,831,24.5
T299,832,24.7
T299,833,24.4
T299,834,24.1
T299,835,23.3
T299,836,22.0
T299,837,20.4
T299,838,19.4
T299,839,18.6
T299,840,17.9
T299,841,17.4
T299,842,16.9
T299,843,16.4
T299,844,16.0
T299,845,15.7
T299,846,15.4
T299,847,15.6
T299,848,17.1
T299,849,18.8
T299,850,20.3
T299,851,21.6
T299,852,22.7
T299,853,23.6
T299,854,24.2
T299,855,24.7
T299,856,24.8
T299,857,24.6
T299,858,24.2
T299,859,23.4
T299,860,22.2
T299,861,20.7
T299,862,19.6
T299,863,18.8
T299,864,18.2
T299,865,17.6
T299,866,17.1
T299,867,16.7
T299,868,16.2
T299,869,15.9
T299,870,15.6
T299,871,15.8
T299,872,17.3
T299,873,19.1
T299,874,20.6
T299,875,21.9
T299,876,23.0
T299,877,23.8
T299,878,24.4
T299,879,24.9
T299,880,25.1
T299,881,24.9
T299,882,24.4
T299,883,23.7
T299,884,22.4
T299,885,20.9
T299,886,19.8
T299,887,19.0
T299,888,18.4
T299,889,17.8
T299,890,17.3
T299,891,16.9
T299,892,16.4
T299,893,16.1
T299,894,15.8
T299,895,16.0
T299,896,17.6
T299,897,19.3
T299,898,20.8
T299,899,22.1
T299,900,23.2
T299,901,24.0
T299,902,24.6
T299,903,25.1
T299,904,25.3
T299,905,25.1
T299,906,24.6
T299,907,23.8
T299,908,22.6
T299,909,21.1
T299,910,20.1
T299,911,19.2
T299,912,18.6
T299,913,17.9
T299,914,17.6
T299,915,17.1
T299,916,16.7
T299,917,16.3
T299,918,16.1
T299,919,16.3
T299,920,17.8
T299,921,19.5
T299,922,21.0
T299,923,22.3
T299,924,23.4
T299,925,24.2
T299,926,24.8
T299,927,25.3
T299,928,25.5
T299,929,25.3
T299,930,24.7
T299,931,23.9
T299,932,22.8
T299,933,21.3
T299,934,20.3
T299,935,19.4
T299,936,18.8
T300,793,17.1
T300,794,16.6
T300,795,16.1
T300,796,15.7
T300,797,15.3
T300,798,15.1
T300,799,15.2
T300,800,16.7
T300,801,18.3
T300,802,20.0
T300,803,21.3
T300,804,22.4
T300,805,23.2
T300,806,23.8
T300,807,24.3
T300,808,24.4
T300,809,24.4
T300,810,23.8
T300,811,22.8
T300,812,21.1
T300,813,19.8
T300,814,18.9
T300,815,18.3
T300,816,17.7
T300,817,17.2
T300,818,16.7
T300,819,16.2
T300,820,15.9
T300,821,15.5
T300,822,15.2
T300,823,15.4
T300,824,16.9
T300,825,18.6
T300,826,20.3
T300,827,21.6
T300,828,22.6
T300,829,23.4
T300,830,24.1
T300,831,24.5
T300,832,24.6
T300,833,24.5
T300,834,24.0
T300,835,22.9
T300,836,21.3
T300,837,19.9
T300,838,19.1
T300,839,18.4
T300,840,17.9
T300,841,17.3
T300,842,16.8
T300,843,16.4
T300,844,16.1
T300,845,15.7
T300,846,15.4
T300,847,15.6
T300,848,17.1
T300,849,18.8
T300,850,20.4
T300,851,21.7
T300,852,22.8
T300,853,23.6
T300,854,24.2
T300,855,24.7
T300,856,24.7
T300,857,24.6
T300,858,24.1
T300,859,23.0
T300,860,21.4
T300,861,20.1
T300,862,19.2
T300,863,18.6
T300,864,18.1
T300,865,17.5
T300,866,17.0
T300,867,16.6
T300,868,16.2
T300,869,15.9
T300,870,15.6
T300,871,15.8
T300,872,17.3
T300,873,19.0
T300,874,20.6
T300,875,21.9
T300,876,23.0
T300,877,23.8
T300,878,24.4
T300,879,24.8
T300,880,24.9
T300,881,24.8
T300,882,24.3
T300,883,23.2
T300,884,21.6
T300,885,20.2
T300,886,19.4
T300,887,18.7
T300,888,18.2
T300,889,17.7
T300,890,17.1
T300,891,16.7
T300,892,16.3
T300,893,16.0
T300,894,15.7
T300,895,15.9
T300,896,17.5
T300,897,19.2
T300,898,20.8
T300,899,22.1
T300,900,23.2
T300,901,23.9
T300,902,24.7
T300,903,25.1
T300,904,25.1
T300,905,24.9
T300,906,24.4
T300,907,23.4
T300,908,21.8
T300,909,20.3
T300,910,19.6
T300,911,18.9
T300,912,18.4
T300,913,17.8
T300,914,17.3
T300,915,16.8
T300,916,16.4
T300,917,16.1
T300,918,15.8
T300,919,16.1
T300,920,17.6
T300,921,19.3
T300,922,20.9
T300,923,22.3
T300,924,23.3
T300,925,24.2
T300,926,24.8
T300,927,25.2
T300,928,25.3
T300,929,25.2
T300,930,24.6
T300,931,23.6
T300,932,21.9
T300,933,20.5
T300,934,19.7
T300,935,19.0
T300,936,18.5
T306,793,18.2
T306,794,17.6
T306,795,17.1
T306,796,16.7
T306,797,16.3
T306,798,16.0
T306,799,16.4
T306,800,17.9
T306,801,19.6
T306,802,21.2
T306,803,22.6
T306,804,23.7
T306,805,24.6
T306,806,25.4
T306,807,26.0
T306,808,26.3
T306,809,26.2
T306,810,25.9
T306,811,25.2
T306,812,24.0
T306,813,22.1
T306,814,20.7
T306,815,19.8
T306,816,19.0
T306,817,18.4
T306,818,17.8
T306,819,17.3
T306,820,16.8
T306,821,16.4
T306,822,16.1
T306,823,16.6
T306,824,18.1
T306,825,19.8
T306,826,21.4
T306,827,22.8
T306,828,23.9
T306,829,24.8
T306,830,25.6
T306,831,26.2
T306,832,26.6
T306,833,26.4
T306,834,26.2
T306,835,25.5
T306,836,24.3
T306,837,22.4
T306,838,21.0
T306,839,20.1
T306,840,19.2
T306,841,18.6
T306,842,18.0
T306,843,17.6
T306,844,17.1
T306,845,16.7
T306,846,16.4
T306,847,16.8
T306,848,18.4
T306,849,20.1
T306,850,21.7
T306,851,23.1
T306,852,24.2
T306,853,25.2
T306,854,25.9
T306,855,26.6
T306,856,26.9
T306,857,26.7
T306,858,26.5
T306,859,25.8
T306,860,24.6
T306,861,22.7
T306,862,21.3
T306,863,20.4
T306,864,19.5
T306,865,18.9
T306,866,18.3
T306,867,17.8
T306,868,17.4
T306,869,17.0
T306,870,16.7
T306,871,17.1
T306,872,18.7
T306,873,20.3
T306,874,21.9
T306,875,23.4
T306,876,24.5
T306,877,25.5
T306,878,26.3
T306,879,26.9
T306,880,27.2
T306,881,27.1
T306,882,26.8
T306,883,26.1
T306,884,24.8
T306,885,22.9
T306,886,21.6
T306,887,20.6
T306,888,19.8
T306,889,19.2
T306,890,18.6
T306,891,18.1
T306,892,17.6
T306,893,17.2
T306,894,16.9
T306,895,17.3
T306,896,18.9
T306,897,20.6
T306,898,22.2
T306,899,23.6
T306,900,24.8
T306,901,25.7
T306,902,26.6
T306,903,27.2
T306,904,27.5
T306,905,27.4
T306,906,27.1
T306,907,26.4
T306,908,25.2
T306,909,23.3
T306,910,21.8
T306,911,20.9
T306,912,20.1
T306,913,19.4
T306,914,18.8
T306,915,18.4
T306,916,17.9
T306,917,17.5
T306,918,17.2
T306,919,17.6
T306,920,19.2
T306,921,20.9
T306,922,22.4
T306,923,23.9
T306,924,25.1
T306,925,26.1
T306,926,26.8
T306,927,27.5
T306,928,27.8
T306,929,27.7
T306,930,27.4
T306,931,26.7
T306,932,25.4
T306,933,23.6
T306,934,22.2
T306,935,21.2
T306,936,20.3
T319,793,16.9
T319,794,16.4
T319,795,15.9
T319,796,15.3
T319,797,14.8
T319,798,14.5
T319,799,14.2
T319,800,15.3
T319,801,17.7
T319,802,20.2
T319,803,22.1
T319,804,23.7
T319,805,24.7
T319,806,25.5
T319,807,26.1
T319,808,26.4
T319,809,26.4
T319,810,26.0
T319,811,25.1
T319,812,23.2
T319,813,21.0
T319,814,19.5
T319,815,18.5
T319,816,17.8
T319,817,17.2
T319,818,16.6
T319,819,16.1
T319,820,15.5
T319,821,15.0
T319,822,14.6
T319,823,14.3
T319,824,15.5
T319,825,17.9
T319,826,20.3
T319,827,22.3
T319,828,23.8
T319,829,24.9
T319,830,25.7
T319,831,26.3
T319,832,26.6
T319,833,26.7
T319,834,26.2
T319,835,25.2
T319,836,23.4
T319,837,21.2
T319,838,19.6
T319,839,18.7
T319,840,17.9
T319,841,17.3
T319,842,16.7
T319,843,16.2
T319,844,15.7
T319,845,15.2
T319,846,14.8
T319,847,14.4
T319,848,15.7
T319,849,18.1
T319,850,20.5
T319,851,22.4
T319,852,23.9
T319,853,25.1
T319,854,25.9
T319,855,26.4
T319,856,26.7
T319,857,26.7
T319,858,26.3
T319,859,25.3
T319,860,23.5
T319,861,21.3
T319,862,19.8
T319,863,18.8
T319,864,18.1
T319,865,17.4
T319,866,16.8
T319,867,16.3
T319,868,15.8
T319,869,15.3
T319,870,14.9
T319,871,14.6
T319,872,15.9
T319,873,18.2
T319,874,20.7
T319,875,22.6
T319,876,24.1
T319,877,25.2
T319,878,26.0
T319,879,26.6
T319,880,26.8
T319,881,26.8
T319,882,26.4
T319,883,25.5
T319,884,23.7
T319,885,21.5
T319,886,19.9
T319,887,18.9
T319,888,18.3
T319,889,17.6
T319,890,17.1
T319,891,16.6
T319,892,16.0
T319,893,15.6
T319,894,15.2
T319,895,14.9
T319,896,16.1
T319,897,18.4
T319,898,20.8
T319,899,22.8
T319,900,24.2
T319,901,25.4
T319,902,26.2
T319,903,26.7
T319,904,27.0
T319,905,27.0
T319,906,26.6
T319,907,25.7
T319,908,23.9
T319,909,21.7
T319,910,20.1
T319,911,19.1
T319,912,18.4
T319,913,17.8
T319,914,17.3
T319,915,16.7
T319,916,16.2
T319,917,15.7
T319,918,15.4
T319,919,15.1
T319,920,16.3
T319,921,18.6
T319,922,21.1
T319,923,22.9
T319,924,24.4
T319,925,25.6
T319,926,26.3
T319,927,26.9
T319,928,27.2
T319,929,27.2
T319,930,26.7
T319,931,25.8
T319,932,24.1
T319,933,21.8
T319,934,20.3
T319,935,19.3
T319,936,18.6
T324,793,17.6
T324,794,17.0
T324,795,16.5
T324,796,16.0
T324,797,15.6
T324,798,15.2
T324,799,16.1
T324,800,17.5
T324,801,19.1
T324,802,20.4
T324,803,21.7
T324,804,22.8
T324,805,23.7
T324,806,24.4
T324,807,24.8
T324,808,25.1
T324,809,25.1
T324,810,24.9
T324,811,24.4
T324,812,23.6
T324,813,22.0
T324,814,20.3
T324,815,19.3
T324,816,18.4
T324,817,17.8
T324,818,17.1
T324,819,16.6
T324,820,16.2
T324,821,15.7
T324,822,15.4
T324,823,16.2
T324,824,17.6
T324,825,19.2
T324,826,20.6
T324,827,21.8
T324,828,23.0
T324,829,23.8
T324,830,24.5
T324,831,24.9
T324,832,25.2
T324,833,25.3
T324,834,25.1
T324,835,24.6
T324,836,23.7
T324,837,22.1
T324,838,20.4
T324,839,19.4
T324,840,18.6
T324,841,17.9
T324,842,17.3
T324,843,16.7
T324,844,16.3
T324,845,15.8
T324,846,15.5
T324,847,16.2
T324,848,17.7
T324,849,19.2
T324,850,20.7
T324,851,21.9
T324,852,23.1
T324,853,23.9
T324,854,24.6
T324,855,25.0
T324,856,25.3
T324,857,25.3
T324,858,25.1
T324,859,24.6
T324,860,23.8
T324,861,22.2
T324,862,20.4
T324,863,19.4
T324,864,18.6
T324,865,17.9
T324,866,17.3
T324,867,16.8
T324,868,16.3
T324,869,15.8
T324,870,15.6
T324,871,16.3
T324,872,17.8
T324,873,19.3
T324,874,20.8
T324,875,22.0
T324,876,23.1
T324,877,23.9
T324,878,24.7
T324,879,25.1
T324,880,25.3
T324,881,25.3
T324,882,25.2
T324,883,24.7
T324,884,23.8
T324,885,22.2
T324,886,20.4
T324,887,19.4
T324,888,18.6
T324,889,17.9
T324,890,17.3
T324,891,16.8
T324,892,16.3
T324,893,15.8
T324,894,15.5
T324,895,16.3
T324,896,17.8
T324,897,19.4
T324,898,20.8
T324,899,22.1
T324,900,23.2
T324,901,24.1
T324,902,24.8
T324,903,25.2
T324,904,25.4
T324,905,25.5
T324,906,25.3
T324,907,24.8
T324,908,23.9
T324,909,22.3
T324,910,20.6
T324,911,19.6
T324,912,18.7
T324,913,18.1
T324,914,17.4
T324,915,16.9
T324,916,16.4
T324,917,15.9
T324,918,15.6
T324,919,16.3
T324,920,17.8
T324,921,19.4
T324,922,20.8
T324,923,22.1
T324,924,23.3
T324,925,24.1
T324,926,24.8
T324,927,25.2
T324,928,25.5
T324,929,25.6
T324,930,25.4
T324,931,24.8
T324,932,23.9
T324,933,22.4
T324,934,20.6
T324,935,19.6
T324,936,18.7
T328,793,17.9
T328,794,17.4
T328,795,16.9
T328,796,16.4
T328,797,16.1
T328,798,15.9
T328,799,16.7
T328,800,17.9
T328,801,19.2
T328,802,20.5
T328,803,21.6
T328,804,22.5
T328,805,23.2
T328,806,23.8
T328,807,24.3
T328,808,24.5
T328,809,24.4
T328,810,24.1
T328,811,23.6
T328,812,22.7
T328,813,21.5
T328,814,20.4
T328,815,19.6
T328,816,18.8
T328,817,18.1
T328,818,17.6
T328,819,17.1
T328,820,16.7
T328,821,16.3
T328,822,16.1
T328,823,16.8
T328,824,18.2
T328,825,19.4
T328,826,20.7
T328,827,21.7
T328,828,22.7
T328,829,23.3
T328,830,23.9
T328,831,24.4
T328,832,24.6
T328,833,24.6
T328,834,24.2
T328,835,23.8
T328,836,22.9
T328,837,21.6
T328,838,20.6
T328,839,19.7
T328,840,18.9
T328,841,18.2
T328,842,17.7
T328,843,17.2
T328,844,16.7
T328,845,16.4
T328,846,16.2
T328,847,16.9
T328,848,18.3
T328,849,19.6
T328,850,20.8
T328,851,21.8
T328,852,22.8
T328,853,23.5
T328,854,24.1
T328,855,24.5
T328,856,24.7
T328,857,24.6
T328,858,24.3
T328,859,23.9
T328,860,23.0
T328,861,21.7
T328,862,20.7
T328,863,19.8
T328,864,19.1
T328,865,18.4
T328,866,17.9
T328,867,17.4
T328,868,16.9
T328,869,16.6
T328,870,16.4
T328,871,17.2
T328,872,18.5
T328,873,19.8
T328,874,20.9
T328,875,22.1
T328,876,23.0
T328,877,23.7
T328,878,24.3
T328,879,24.7
T328,880,24.9
T328,881,24.8
T328,882,24.6
T328,883,24.1
T328,884,23.2
T328,885,21.9
T328,886,20.9
T328,887,20.1
T328,888,19.3
T328,889,18.7
T328,890,18.1
T328,891,17.7
T328,892,17.2
T328,893,16.8
T328,894,16.7
T328,895,17.4
T328,896,18.7
T328,897,20.0
T328,898,21.2
T328,899,22.2
T328,900,23.2
T328,901,23.9
T328,902,24.5
T328,903,24.9
T328,904,25.1
T328,905,25.1
T328,906,24.8
T328,907,24.3
T328,908,23.4
T328,909,22.2
T328,910,21.2
T328,911,20.3
T328,912,19.5
T328,913,18.9
T328,914,18.3
T328,915,17.8
T328,916,17.4
T328,917,17.1
T328,918,16.8
T328,919,17.6
T328,920,18.9
T328,921,20.2
T328,922,21.4
T328,923,22.5
T328,924,23.4
T328,925,24.2
T328,926,24.8
T328,927,25.3
T328,928,25.4
T328,929,25.3
T328,930,25.1
T328,931,24.6
T328,932,23.7
T328,933,22.4
T328,934,21.4
T328,935,20.5
T328,936,19.7
T350,793,30.0
T350,794,27.0
T350,795,22.0
T350,796,15.0
T350,797,17.0
T350,798,26.0
T350,799,37.0
T350,800,65.0
T350,801,62.0
T350,802,86.0
T350,803,84.0
T350,804,117.0
T350,805,107.0
T350,806,122.0
T350,807,112.0
T350,808,116.0
T350,809,138.0
T350,810,127.0
T350,811,102.0
T350,812,99.0
T350,813,93.0
T350,814,81.0
T350,815,75.0
T350,816,59.0
T350,817,47.0
T350,818,30.0
T350,819,21.0
T350,820,21.0
T350,821,18.0
T350,822,29.0
T350,823,38.0
T350,824,61.0
T350,825,76.0
T350,826,86.0
T350,827,106.0
T350,828,147.0
T350,829,171.0
T350,830,185.0
T350,831,215.0
T350,832,224.0
T350,833,252.0
T350,834,212.0
T350,835,202.0
T350,836,224.0
T350,837,239.0
T350,838,237.0
T350,839,159.0
T350,840,104.0
T350,841,62.0
T350,842,44.0
T350,843,28.0
T350,844,18.0
T350,845,27.0
T350,846,24.0
T350,847,41.0
T350,848,76.0
T350,849,139.0
T350,850,188.0
T350,851,183.0
T350,852,206.0
T350,853,243.0
T350,854,194.0
T350,855,180.0
T350,856,139.0
T350,857,132.0
T350,858,134.0
T350,859,141.0
T350,860,128.0
T350,861,106.0
T350,862,72.0
T350,863,74.0
T350,864,77.0
T350,865,52.0
T350,866,37.0
T350,867,33.0
T350,868,16.0
T350,869,15.0
T350,870,14.0
T350,871,25.0
T350,872,36.0
T350,873,61.0
T350,874,87.0
T350,875,117.0
T350,876,138.0
T350,877,127.0
T350,878,149.0
T350,879,125.0
T350,880,120.0
T350,881,128.0
T350,882,155.0
T350,883,132.0
T350,884,115.0
T350,885,104.0
T350,886,105.0
T350,887,72.0
T350,888,65.0
T350,889,40.0
T350,890,27.0
T350,891,18.0
T350,892,21.0
T350,893,20.0
T350,894,32.0
T350,895,42.0
T350,896,60.0
T350,897,80.0
T350,898,93.0
T350,899,110.0
T350,900,119.0
T350,901,102.0
T350,902,75.0
T350,903,75.0
T350,904,105.0
T350,905,100.0
T350,906,105.0
T350,907,90.0
T350,908,61.0
T350,909,49.0
T350,910,53.0
T350,911,42.0
T350,912,37.0
T350,913,38.0
T350,914,28.0
T350,915,22.0
T350,916,15.0
T350,917,17.0
T350,918,25.0
T350,919,35.0
T350,920,56.0
T350,921,73.0
T350,922,81.0
T350,923,79.0
T350,924,80.0
T350,925,82.0
T350,926,99.0
T350,927,78.0
T350,928,109.0
T350,929,102.0
T350,930,97.0
T350,931,80.0
T350,932,63.0
T350,933,63.0
T350,934,50.0
T350,935,42.0
T350,936,40.0
T356,793,86.0
T356,794,68.0
T356,795,75.0
T356,796,124.0
T356,797,231.0
T356,798,442.0
T356,799,609.0
T356,800,678.0
T356,801,665.0
T356,802,473.0
T356,803,414.0
T356,804,449.0
T356,805,413.0
T356,806,444.0
T356,807,398.0
T356,808,472.0
T356,809,475.0
T356,810,502.0
T356,811,386.0
T356,812,313.0
T356,813,209.0
T356,814,159.0
T356,815,154.0
T356,816,113.0
T356,817,95.0
T356,818,61.0
T356,819,47.0
T356,820,50.0
T356,821,113.0
T356,822,156.0
T356,823,222.0
T356,824,242.0
T356,825,305.0
T356,826,365.0
T356,827,418.0
T356,828,417.0
T356,829,423.0
T356,830,451.0
T356,831,420.0
T356,832,458.0
T356,833,432.0
T356,834,415.0
T356,835,360.0
T356,836,289.0
T356,837,213.0
T356,838,176.0
T356,839,146.0
T356,840,127.0
T356,841,83.0
T356,842,56.0
T356,843,38.0
T356,844,33.0
T356,845,51.0
T356,846,75.0
T356,847,134.0
T356,848,131.0
T356,849,168.0
T356,850,285.0
T356,851,305.0
T356,852,363.0
T356,853,358.0
T356,854,415.0
T356,855,383.0
T356,856,385.0
T356,857,344.0
T356,858,301.0
T356,859,229.0
T356,860,155.0
T356,861,143.0
T356,862,168.0
T356,863,129.0
T356,864,205.0
T356,865,67.0
T356,866,50.0
T356,867,36.0
T356,868,84.0
T356,869,220.0
T356,870,451.0
T356,871,623.0
T356,872,741.0
T356,873,747.0
T356,874,549.0
T356,875,411.0
T356,876,373.0
T356,877,368.0
T356,878,358.0
T356,879,361.0
T356,880,367.0
T356,881,385.0
T356,882,426.0
T356,883,313.0
T356,884,230.0
T356,885,181.0
T356,886,179.0
T356,887,136.0
T356,888,91.0
T356,889,66.0
T356,890,61.0
T356,891,73.0
T356,892,112.0
T356,893,223.0
T356,894,459.0
T356,895,597.0
T356,896,700.0
T356,897,626.0
T356,898,447.0
T356,899,430.0
T356,900,422.0
T356,901,342.0
T356,902,320.0
T356,903,370.0
T356,904,374.0
T356,905,359.0
T356,906,373.0
T356,907,286.0
T356,908,218.0
T356,909,154.0
T356,910,137.0
T356,911,122.0
T356,912,88.0
T356,913,74.0
T356,914,59.0
T356,915,77.0
T356,916,118.0
T356,917,235.0
T356,918,460.0
T356,919,621.0
T356,920,773.0
T356,921,776.0
T356,922,563.0
T356,923,432.0
T356,924,478.0
T356,925,415.0
T356,926,431.0
T356,927,445.0
T356,928,454.0
T356,929,465.0
T356,930,428.0
T356,931,388.0
T356,932,270.0
T356,933,212.0
T356,934,209.0
T356,935,153.0
T356,936,109.0
T363,793,61.0
T363,794,36.0
T363,795,39.0
T363,796,28.0
T363,797,40.0
T363,798,65.0
T363,799,230.0
T363,800,530.0
T363,801,408.0
T363,802,308.0
T363,803,331.0
T363,804,377.0
T363,805,423.0
T363,806,488.0
T363,807,484.0
T363,808,668.0
T363,809,783.0
T363,810,880.0
T363,811,636.0
T363,812,401.0
T363,813,312.0
T363,814,344.0
T363,815,227.0
T363,816,151.0
T363,817,80.0
T363,818,56.0
T363,819,34.0
T363,820,31.0
T363,821,24.0
T363,822,35.0
T363,823,74.0
T363,824,139.0
T363,825,209.0
T363,826,263.0
T363,827,362.0
T363,828,374.0
T363,829,468.0
T363,830,498.0
T363,831,494.0
T363,832,499.0
T363,833,487.0
T363,834,407.0
T363,835,427.0
T363,836,365.0
T363,837,299.0
T363,838,313.0
T363,839,278.0
T363,840,145.0
T363,841,93.0
T363,842,43.0
T363,843,45.0
T363,844,27.0
T363,845,18.0
T363,846,29.0
T363,847,48.0
T363,848,81.0
T363,849,116.0
T363,850,189.0
T363,851,260.0
T363,852,360.0
T363,853,404.0
T363,854,404.0
T363,855,417.0
T363,856,396.0
T363,857,406.0
T363,858,362.0
T363,859,240.0
T363,860,134.0
T363,861,128.0
T363,862,147.0
T363,863,142.0
T363,864,151.0
T363,865,47.0
T363,866,29.0
T363,867,21.0
T363,868,21.0
T363,869,29.0
T363,870,67.0
T363,871,263.0
T363,872,542.0
T363,873,409.0
T363,874,298.0
T363,875,293.0
T363,876,282.0
T363,877,382.0
T363,878,369.0
T363,879,437.0
T363,880,558.0
T363,881,743.0
T363,882,919.0
T363,883,502.0
T363,884,324.0
T363,885,228.0
T363,886,195.0
T363,887,113.0
T363,888,83.0
T363,889,56.0
T363,890,28.0
T363,891,22.0
T363,892,27.0
T363,893,29.0
T363,894,71.0
T363,895,262.0
T363,896,557.0
T363,897,439.0
T363,898,298.0
T363,899,279.0
T363,900,296.0
T363,901,328.0
T363,902,388.0
T363,903,403.0
T363,904,540.0
T363,905,709.0
T363,906,828.0
T363,907,533.0
T363,908,304.0
T363,909,279.0
T363,910,204.0
T363,911,146.0
T363,912,81.0
T363,913,54.0
T363,914,38.0
T363,915,24.0
T363,916,30.0
T363,917,33.0
T363,918,76.0
T363,919,268.0
T363,920,535.0
T363,921,401.0
T363,922,331.0
T363,923,309.0
T363,924,378.0
T363,925,398.0
T363,926,398.0
T363,927,415.0
T363,928,581.0
T363,929,794.0
T363,930,875.0
T363,931,513.0
T363,932,348.0
T363,933,317.0
T363,934,237.0
T363,935,134.0
T363,936,87.0
T364,793,22.0
T364,794,22.0
T364,795,13.0
T364,796,13.0
T364,797,15.0
T364,798,18.0
T364,799,19.0
T364,800,27.0
T364,801,34.0
T364,802,41.0
T364,803,40.0
T364,804,40.0
T364,805,49.0
T364,806,45.0
T364,807,38.0
T364,808,34.0
T364,809,39.0
T364,810,34.0
T364,811,28.0
T364,812,28.0
T364,813,26.0
T364,814,22.0
T364,815,20.0
T364,816,25.0
T364,817,23.0
T364,818,15.0
T364,819,14.0
T364,820,14.0
T364,821,13.0
T364,822,18.0
T364,823,16.0
T364,824,18.0
T364,825,27.0
T364,826,33.0
T364,827,41.0
T364,828,51.0
T364,829,56.0
T364,830,54.0
T364,831,62.0
T364,832,69.0
T364,833,53.0
T364,834,44.0
T364,835,39.0
T364,836,42.0
T364,837,26.0
T364,838,29.0
T364,839,23.0
T364,840,20.0
T364,841,17.0
T364,842,16.0
T364,843,12.0
T364,844,15.0
T364,845,13.0
T364,846,12.0
T364,847,20.0
T364,848,23.0
T364,849,27.0
T364,850,27.0
T364,851,34.0
T364,852,40.0
T364,853,37.0
T364,854,49.0
T364,855,35.0
T364,856,38.0
T364,857,54.0
T364,858,39.0
T364,859,29.0
T364,860,39.0
T364,861,28.0
T364,862,22.0
T364,863,18.0
T364,864,19.0
T364,865,12.0
T364,866,17.0
T364,867,18.0
T364,868,13.0
T364,869,15.0
T364,870,15.0
T364,871,25.0
T364,872,29.0
T364,873,40.0
T364,874,31.0
T364,875,40.0
T364,876,42.0
T364,877,29.0
T364,878,29.0
T364,879,45.0
T364,880,44.0
T364,881,52.0
T364,882,43.0
T364,883,47.0
T364,884,28.0
T364,885,26.0
T364,886,22.0
T364,887,20.0
T364,888,19.0
T364,889,15.0
T364,890,14.0
T364,891,14.0
T364,892,13.0
T364,893,15.0
T364,894,17.0
T364,895,28.0
T364,896,31.0
T364,897,33.0
T364,898,43.0
T364,899,39.0
T364,900,38.0
T364,901,40.0
T364,902,38.0
T364,903,34.0
T364,904,48.0
T364,905,41.0
T364,906,37.0
T364,907,37.0
T364,908,28.0
T364,909,32.0
T364,910,19.0
T364,911,22.0
T364,912,16.0
T364,913,20.0
T364,914,19.0
T364,915,21.0
T364,916,13.0
T364,917,19.0
T364,918,15.0
T364,919,21.0
T364,920,24.0
T364,921,37.0
T364,922,41.0
T364,923,18.0
T364,924,21.0
T364,925,20.0
T364,926,33.0
T364,927,51.0
T364,928,40.0
T364,929,45.0
T364,930,43.0
T364,931,39.0
T364,932,36.0
T364,933,35.0
T364,934,38.0
T364,935,24.0
T364,936,25.0
T370,793,61.0
T370,794,37.0
T370,795,26.0
T370,796,31.0
T370,797,68.0
T370,798,158.0
T370,799,439.0
T370,800,887.0
T370,801,733.0
T370,802,450.0
T370,803,403.0
T370,804,460.0
T370,805,427.0
T370,806,395.0
T370,807,473.0
T370,808,569.0
T370,809,652.0
T370,810,663.0
T370,811,545.0
T370,812,295.0
T370,813,220.0
T370,814,205.0
T370,815,191.0
T370,816,176.0
T370,817,63.0
T370,818,41.0
T370,819,24.0
T370,820,28.0
T370,821,48.0
T370,822,160.0
T370,823,443.0
T370,824,928.0
T370,825,744.0
T370,826,437.0
T370,827,360.0
T370,828,358.0
T370,829,365.0
T370,830,339.0
T370,831,424.0
T370,832,525.0
T370,833,591.0
T370,834,553.0
T370,835,327.0
T370,836,234.0
T370,837,179.0
T370,838,140.0
T370,839,111.0
T370,840,56.0
T370,841,125.0
T370,842,82.0
T370,843,63.0
T370,844,54.0
T370,845,61.0
T370,846,52.0
T370,847,105.0
T370,848,188.0
T370,849,305.0
T370,850,347.0
T370,851,385.0
T370,852,487.0
T370,853,505.0
T370,854,441.0
T370,855,446.0
T370,856,461.0
T370,857,479.0
T370,858,499.0
T370,859,427.0
T370,860,283.0
T370,861,249.0
T370,862,227.0
T370,863,213.0
T370,864,176.0
T370,865,135.0
T370,866,116.0
T370,867,67.0
T370,868,68.0
T370,869,79.0
T370,870,44.0
T370,871,93.0
T370,872,225.0
T370,873,302.0
T370,874,350.0
T370,875,384.0
T370,876,465.0
T370,877,458.0
T370,878,437.0
T370,879,428.0
T370,880,505.0
T370,881,421.0
T370,882,522.0
T370,883,444.0
T370,884,329.0
T370,885,242.0
T370,886,264.0
T370,887,222.0
T370,888,201.0
T370,889,78.0
T370,890,36.0
T370,891,29.0
T370,892,34.0
T370,893,60.0
T370,894,152.0
T370,895,468.0
T370,896,952.0
T370,897,737.0
T370,898,410.0
T370,899,329.0
T370,900,344.0
T370,901,339.0
T370,902,381.0
T370,903,356.0
T370,904,478.0
T370,905,606.0
T370,906,598.0
T370,907,416.0
T370,908,215.0
T370,909,162.0
T370,910,177.0
T370,911,103.0
T370,912,67.0
T370,913,68.0
T370,914,40.0
T370,915,30.0
T370,916,34.0
T370,917,56.0
T370,918,148.0
T370,919,471.0
T370,920,953.0
T370,921,823.0
T370,922,442.0
T370,923,371.0
T370,924,426.0
T370,925,430.0
T370,926,411.0
T370,927,478.0
T370,928,593.0
T370,929,658.0
T370,930,664.0
T370,931,463.0
T370,932,309.0
T370,933,254.0
T370,934,233.0
T370,935,161.0
T370,936,112.0
T374,793,138.0
T374,794,122.0
T374,795,83.0
T374,796,71.0
T374,797,81.0
T374,798,140.0
T374,799,244.0
T374,800,389.0
T374,801,366.0
T374,802,353.0
T374,803,349.0
T374,804,396.0
T374,805,383.0
T374,806,421.0
T374,807,494.0
T374,808,630.0
T374,809,709.0
T374,810,810.0
T374,811,712.0
T374,812,537.0
T374,813,441.0
T374,814,374.0
T374,815,250.0
T374,816,223.0
T374,817,179.0
T374,818,118.0
T374,819,89.0
T374,820,73.0
T374,821,83.0
T374,822,70.0
T374,823,136.0
T374,824,192.0
T374,825,264.0
T374,826,331.0
T374,827,372.0
T374,828,413.0
T374,829,419.0
T374,830,443.0
T374,831,452.0
T374,832,435.0
T374,833,458.0
T374,834,462.0
T374,835,394.0
T374,836,409.0
T374,837,338.0
T374,838,289.0
T374,839,280.0
T374,840,224.0
T374,841,165.0
T374,842,114.0
T374,843,66.0
T374,844,42.0
T374,845,33.0
T374,846,32.0
T374,847,63.0
T374,848,83.0
T374,849,137.0
T374,850,212.0
T374,851,250.0
T374,852,313.0
T374,853,314.0
T374,854,345.0
T374,855,374.0
T374,856,385.0
T374,857,360.0
T374,858,364.0
T374,859,319.0
T374,860,268.0
T374,861,172.0
T374,862,163.0
T374,863,155.0
T374,864,217.0
T374,865,155.0
T374,866,78.0
T374,867,51.0
T374,868,42.0
T374,869,62.0
T374,870,109.0
T374,871,224.0
T374,872,441.0
T374,873,450.0
T374,874,360.0
T374,875,351.0
T374,876,360.0
T374,877,371.0
T374,878,365.0
T374,879,454.0
T374,880,537.0
T374,881,663.0
T374,882,764.0
T374,883,680.0
T374,884,414.0
T374,885,364.0
T374,886,272.0
T374,887,222.0
T374,888,176.0
T374,889,141.0
T374,890,113.0
T374,891,79.0
T374,892,79.0
T374,893,86.0
T374,894,131.0
T374,895,195.0
T374,896,348.0
T374,897,390.0
T374,898,351.0
T374,899,328.0
T374,900,323.0
T374,901,372.0
T374,902,343.0
T374,903,385.0
T374,904,524.0
T374,905,683.0
T374,906,769.0
T374,907,641.0
T374,908,425.0
T374,909,319.0
T374,910,253.0
T374,911,224.0
T374,912,176.0
T374,913,131.0
T374,914,76.0
T374,915,90.0
T374,916,69.0
T374,917,96.0
T374,918,137.0
T374,919,227.0
T374,920,447.0
T374,921,437.0
T374,922,382.0
T374,923,321.0
T374,924,358.0
T374,925,344.0
T374,926,343.0
T374,927,446.0
T374,928,574.0
T374,929,742.0
T374,930,799.0
T374,931,686.0
T374,932,518.0
T374,933,415.0
T374,934,338.0
T374,935,313.0
T374,936,221.0
T377,793,17.0
T377,794,20.0
T377,795,15.0
T377,796,17.0
T377,797,17.0
T377,798,23.0
T377,799,49.0
T377,800,72.0
T377,801,93.0
T377,802,85.0
T377,803,93.0
T377,804,126.0
T377,805,120.0
T377,806,126.0
T377,807,137.0
T377,808,110.0
T377,809,125.0
T377,810,117.0
T377,811,114.0
T377,812,68.0
T377,813,58.0
T377,814,60.0
T377,815,34.0
T377,816,36.0
T377,817,22.0
T377,818,14.0
T377,819,13.0
T377,820,13.0
T377,821,16.0
T377,822,20.0
T377,823,30.0
T377,824,31.0
T377,825,50.0
T377,826,79.0
T377,827,90.0
T377,828,123.0
T377,829,127.0
T377,830,115.0
T377,831,115.0
T377,832,94.0
T377,833,85.0
T377,834,98.0
T377,835,83.0
T377,836,54.0
T377,837,67.0
T377,838,46.0
T377,839,30.0
T377,840,22.0
T377,841,21.0
T377,842,12.0
T377,843,11.0
T377,844,16.0
T377,845,30.0
T377,846,68.0
T377,847,167.0
T377,848,241.0
T377,849,157.0
T377,850,114.0
T377,851,106.0
T377,852,115.0
T377,853,103.0
T377,854,132.0
T377,855,118.0
T377,856,120.0
T377,857,139.0
T377,858,134.0
T377,859,84.0
T377,860,58.0
T377,861,39.0
T377,862,32.0
T377,863,32.0
T377,864,19.0
T377,865,17.0
T377,866,12.0
T377,867,13.0
T377,868,18.0
T377,869,28.0
T377,870,85.0
T377,871,200.0
T377,872,314.0
T377,873,183.0
T377,874,107.0
T377,875,107.0
T377,876,115.0
T377,877,112.0
T377,878,112.0
T377,879,106.0
T377,880,174.0
T377,881,175.0
T377,882,179.0
T377,883,118.0
T377,884,59.0
T377,885,46.0
T377,886,50.0
T377,887,24.0
T377,888,21.0
T377,889,17.0
T377,890,14.0
T377,891,15.0
T377,892,19.0
T377,893,32.0
T377,894,91.0
T377,895,192.0
T377,896,313.0
T377,897,174.0
T377,898,120.0
T377,899,85.0
T377,900,89.0
T377,901,108.0
T377,902,105.0
T377,903,112.0
T377,904,169.0
T377,905,190.0
T377,906,142.0
T377,907,119.0
T377,908,67.0
T377,909,31.0
T377,910,27.0
T377,911,31.0
T377,912,26.0
T377,913,13.0
T377,914,11.0
T377,915,16.0
T377,916,19.0
T377,917,33.0
T377,918,90.0
T377,919,190.0
T377,920,331.0
T377,921,189.0
T377,922,137.0
T377,923,102.0
T377,924,100.0
T377,925,114.0
T377,926,93.0
T377,927,115.0
T377,928,164.0
T377,929,176.0
T377,930,180.0
T377,931,101.0
T377,932,66.0
T377,933,66.0
T377,934,35.0
T377,935,39.0
T377,936,28.0
T382,793,18.0
T382,794,15.0
T382,795,13.0
T382,796,14.0
T382,797,22.0
T382,798,20.0
T382,799,28.0
T382,800,31.0
T382,801,40.0
T382,802,53.0
T382,803,63.0
T382,804,70.0
T382,805,74.0
T382,806,83.0
T382,807,91.0
T382,808,56.0
T382,809,75.0
T382,810,64.0
T382,811,59.0
T382,812,38.0
T382,813,26.0
T382,814,23.0
T382,815,29.0
T382,816,21.0
T382,817,13.0
T382,818,11.0
T382,819,15.0
T382,820,17.0
T382,821,38.0
T382,822,54.0
T382,823,97.0
T382,824,199.0
T382,825,148.0
T382,826,74.0
T382,827,47.0
T382,828,61.0
T382,829,72.0
T382,830,53.0
T382,831,63.0
T382,832,68.0
T382,833,99.0
T382,834,109.0
T382,835,65.0
T382,836,59.0
T382,837,54.0
T382,838,33.0
T382,839,24.0
T382,840,15.0
T382,841,13.0
T382,842,15.0
T382,843,16.0
T382,844,20.0
T382,845,28.0
T382,846,48.0
T382,847,109.0
T382,848,197.0
T382,849,159.0
T382,850,96.0
T382,851,64.0
T382,852,75.0
T382,853,59.0
T382,854,66.0
T382,855,67.0
T382,856,73.0
T382,857,110.0
T382,858,108.0
T382,859,73.0
T382,860,62.0
T382,861,50.0
T382,862,31.0
T382,863,27.0
T382,864,26.0
T382,865,39.0
T382,866,15.0
T382,867,18.0
T382,868,20.0
T382,869,32.0
T382,870,58.0
T382,871,118.0
T382,872,194.0
T382,873,141.0
T382,874,86.0
T382,875,83.0
T382,876,75.0
T382,877,70.0
T382,878,75.0
T382,879,63.0
T382,880,77.0
T382,881,109.0
T382,882,130.0
T382,883,73.0
T382,884,47.0
T382,885,60.0
T382,886,35.0
T382,887,25.0
T382,888,20.0
T382,889,15.0
T382,890,16.0
T382,891,19.0
T382,892,17.0
T382,893,20.0
T382,894,54.0
T382,895,96.0
T382,896,189.0
T382,897,142.0
T382,898,103.0
T382,899,77.0
T382,900,70.0
T382,901,89.0
T382,902,77.0
T382,903,66.0
T382,904,70.0
T382,905,104.0
T382,906,103.0
T382,907,101.0
T382,908,63.0
T382,909,45.0
T382,910,30.0
T382,911,31.0
T382,912,43.0
T382,913,16.0
T382,914,13.0
T382,915,14.0
T382,916,21.0
T382,917,24.0
T382,918,40.0
T382,919,94.0
T382,920,192.0
T382,921,144.0
T382,922,83.0
T382,923,80.0
T382,924,73.0
T382,925,59.0
T382,926,76.0
T382,927,85.0
T382,928,91.0
T382,929,112.0
T382,930,104.0
T382,931,95.0
T382,932,62.0
T382,933,54.0
T382,934,34.0
T382,935,33.0
T382,936,22.0
T386,793,24.0
T386,794,23.0
T386,795,17.0
T386,796,14.0
T386,797,14.0
T386,798,20.0
T386,799,32.0
T386,800,69.0
T386,801,82.0
T386,802,62.0
T386,803,77.0
T386,804,76.0
T386,805,84.0
T386,806,68.0
T386,807,77.0
T386,808,68.0
T386,809,95.0
T386,810,57.0
T386,811,54.0
T386,812,51.0
T386,813,40.0
T386,814,40.0
T386,815,39.0
T386,816,28.0
T386,817,22.0
T386,818,19.0
T386,819,16.0
T386,820,12.0
T386,821,19.0
T386,822,16.0
T386,823,20.0
T386,824,34.0
T386,825,64.0
T386,826,67.0
T386,827,42.0
T386,828,63.0
T386,829,65.0
T386,830,60.0
T386,831,78.0
T386,832,62.0
T386,833,78.0
T386,834,65.0
T386,835,51.0
T386,836,42.0
T386,837,39.0
T386,838,26.0
T386,839,18.0
T386,840,24.0
T386,841,19.0
T386,842,18.0
T386,843,14.0
T386,844,15.0
T386,845,22.0
T386,846,25.0
T386,847,84.0
T386,848,108.0
T386,849,72.0
T386,850,50.0
T386,851,48.0
T386,852,65.0
T386,853,55.0
T386,854,68.0
T386,855,84.0
T386,856,159.0
T386,857,169.0
T386,858,201.0
T386,859,108.0
T386,860,66.0
T386,861,42.0
T386,862,44.0
T386,863,34.0
T386,864,31.0
T386,865,22.0
T386,866,18.0
T386,867,16.0
T386,868,15.0
T386,869,23.0
T386,870,34.0
T386,871,72.0
T386,872,126.0
T386,873,87.0
T386,874,50.0
T386,875,57.0
T386,876,66.0
T386,877,56.0
T386,878,60.0
T386,879,75.0
T386,880,114.0
T386,881,179.0
T386,882,195.0
T386,883,100.0
T386,884,84.0
T386,885,56.0
T386,886,45.0
T386,887,30.0
T386,888,21.0
T386,889,31.0
T386,890,18.0
T386,891,15.0
T386,892,18.0
T386,893,28.0
T386,894,32.0
T386,895,78.0
T386,896,103.0
T386,897,85.0
T386,898,52.0
T386,899,55.0
T386,900,67.0
T386,901,75.0
T386,902,70.0
T386,903,82.0
T386,904,137.0
T386,905,178.0
T386,906,261.0
T386,907,131.0
T386,908,72.0
T386,909,59.0
T386,910,46.0
T386,911,32.0
T386,912,35.0
T386,913,19.0
T386,914,21.0
T386,915,18.0
T386,916,13.0
T386,917,27.0
T386,918,36.0
T386,919,85.0
T386,920,109.0
T386,921,79.0
T386,922,69.0
T386,923,64.0
T386,924,82.0
T386,925,63.0
T386,926,81.0
T386,927,81.0
T386,928,137.0
T386,929,165.0
T386,930,197.0
T386,931,100.0
T386,932,102.0
T386,933,59.0
T386,934,59.0
T386,935,35.0
T386,936,35.0
T395,793,16.0
T395,794,13.0
T395,795,15.0
T395,796,20.0
T395,797,31.0
T395,798,35.0
T395,799,67.0
T395,800,208.0
T395,801,246.0
T395,802,176.0
T395,803,146.0
T395,804,140.0
T395,805,165.0
T395,806,155.0
T395,807,155.0
T395,808,211.0
T395,809,361.0
T395,810,395.0
T395,811,158.0
T395,812,111.0
T395,813,59.0
T395,814,58.0
T395,815,34.0
T395,816,27.0
T395,817,21.0
T395,818,11.0
T395,819,17.0
T395,820,16.0
T395,821,24.0
T395,822,26.0
T395,823,38.0
T395,824,71.0
T395,825,89.0
T395,826,148.0
T395,827,158.0
T395,828,173.0
T395,829,210.0
T395,830,184.0
T395,831,174.0
T395,832,173.0
T395,833,142.0
T395,834,149.0
T395,835,126.0
T395,836,90.0
T395,837,80.0
T395,838,69.0
T395,839,32.0
T395,840,23.0
T395,841,18.0
T395,842,15.0
T395,843,14.0
T395,844,13.0
T395,845,16.0
T395,846,21.0
T395,847,33.0
T395,848,38.0
T395,849,66.0
T395,850,84.0
T395,851,118.0
T395,852,123.0
T395,853,150.0
T395,854,133.0
T395,855,125.0
T395,856,122.0
T395,857,99.0
T395,858,77.0
T395,859,55.0
T395,860,40.0
T395,861,32.0
T395,862,33.0
T395,863,46.0
T395,864,34.0
T395,865,19.0
T395,866,16.0
T395,867,14.0
T395,868,15.0
T395,869,28.0
T395,870,35.0
T395,871,67.0
T395,872,179.0
T395,873,230.0
T395,874,143.0
T395,875,132.0
T395,876,113.0
T395,877,136.0
T395,878,118.0
T395,879,129.0
T395,880,190.0
T395,881,376.0
T395,882,336.0
T395,883,129.0
T395,884,72.0
T395,885,50.0
T395,886,29.0
T395,887,27.0
T395,888,26.0
T395,889,14.0
T395,890,13.0
T395,891,17.0
T395,892,16.0
T395,893,30.0
T395,894,45.0
T395,895,71.0
T395,896,187.0
T395,897,240.0
T395,898,150.0
T395,899,124.0
T395,900,115.0
T395,901,116.0
T395,902,98.0
T395,903,129.0
T395,904,217.0
T395,905,407.0
T395,906,453.0
T395,907,124.0
T395,908,74.0
T395,909,67.0
T395,910,41.0
T395,911,24.0
T395,912,19.0
T395,913,12.0
T395,914,14.0
T395,915,15.0
T395,916,15.0
T395,917,24.0
T395,918,39.0
T395,919,68.0
T395,920,201.0
T395,921,230.0
T395,922,175.0
T395,923,141.0
T395,924,133.0
T395,925,140.0
T395,926,114.0
T395,927,144.0
T395,928,211.0
T395,929,392.0
T395,930,424.0
T395,931,168.0
T395,932,93.0
T395,933,63.0
T395,934,40.0
T395,935,28.0
T395,936,23.0
T397,793,64.0
T397,794,40.0
T397,795,28.0
T397,796,30.0
T397,797,62.0
T397,798,95.0
T397,799,451.0
T397,800,1100.0
T397,801,898.0
T397,802,572.0
T397,803,524.0
T397,804,557.0
T397,805,573.0
T397,806,575.0
T397,807,668.0
T397,808,786.0
T397,809,871.0
T397,810,858.0
T397,811,559.0
T397,812,383.0
T397,813,298.0
T397,814,292.0
T397,815,226.0
T397,816,216.0
T397,817,45.0
T397,818,29.0
T397,819,18.0
T397,820,27.0
T397,821,37.0
T397,822,110.0
T397,823,464.0
T397,824,1164.0
T397,825,920.0
T397,826,469.0
T397,827,416.0
T397,828,442.0
T397,829,448.0
T397,830,477.0
T397,831,543.0
T397,832,635.0
T397,833,791.0
T397,834,854.0
T397,835,446.0
T397,836,331.0
T397,837,303.0
T397,838,219.0
T397,839,119.0
T397,840,115.0
T397,841,83.0
T397,842,35.0
T397,843,39.0
T397,844,22.0
T397,845,35.0
T397,846,50.0
T397,847,115.0
T397,848,209.0
T397,849,303.0
T397,850,318.0
T397,851,393.0
T397,852,450.0
T397,853,484.0
T397,854,476.0
T397,855,529.0
T397,856,425.0
T397,857,479.0
T397,858,497.0
T397,859,522.0
T397,860,299.0
T397,861,224.0
T397,862,246.0
T397,863,188.0
T397,864,153.0
T397,865,90.0
T397,866,54.0
T397,867,53.0
T397,868,38.0
T397,869,38.0
T397,870,46.0
T397,871,121.0
T397,872,222.0
T397,873,303.0
T397,874,290.0
T397,875,419.0
T397,876,464.0
T397,877,555.0
T397,878,474.0
T397,879,510.0
T397,880,576.0
T397,881,520.0
T397,882,578.0
T397,883,523.0
T397,884,322.0
T397,885,261.0
T397,886,302.0
T397,887,220.0
T397,888,185.0
T397,889,45.0
T397,890,21.0
T397,891,13.0
T397,892,25.0
T397,893,43.0
T397,894,128.0
T397,895,456.0
T397,896,1131.0
T397,897,921.0
T397,898,564.0
T397,899,463.0
T397,900,463.0
T397,901,510.0
T397,902,466.0
T397,903,580.0
T397,904,649.0
T397,905,897.0
T397,906,938.0
T397,907,557.0
T397,908,354.0
T397,909,331.0
T397,910,272.0
T397,911,155.0
T397,912,107.0
T397,913,55.0
T397,914,28.0
T397,915,22.0
T397,916,25.0
T397,917,47.0
T397,918,132.0
T397,919,477.0
T397,920,1159.0
T397,921,1005.0
T397,922,501.0
T397,923,492.0
T397,924,528.0
T397,925,547.0
T397,926,495.0
T397,927,587.0
T397,928,719.0
T397,929,862.0
T397,930,988.0
T397,931,563.0
T397,932,408.0
T397,933,350.0
T397,934,323.0
T397,935,194.0
T397,936,98.0
T398,793,34.0
T398,794,21.0
T398,795,17.0
T398,796,17.0
T398,797,24.0
T398,798,42.0
T398,799,90.0
T398,800,181.0
T398,801,172.0
T398,802,158.0
T398,803,151.0
T398,804,174.0
T398,805,169.0
T398,806,139.0
T398,807,177.0
T398,808,223.0
T398,809,255.0
T398,810,341.0
T398,811,236.0
T398,812,149.0
T398,813,147.0
T398,814,115.0
T398,815,82.0
T398,816,45.0
T398,817,46.0
T398,818,35.0
T398,819,14.0
T398,820,18.0
T398,821,20.0
T398,822,22.0
T398,823,42.0
T398,824,86.0
T398,825,90.0
T398,826,132.0
T398,827,125.0
T398,828,188.0
T398,829,170.0
T398,830,162.0
T398,831,239.0
T398,832,269.0
T398,833,253.0
T398,834,267.0
T398,835,227.0
T398,836,167.0
T398,837,148.0
T398,838,108.0
T398,839,67.0
T398,840,52.0
T398,841,49.0
T398,842,22.0
T398,843,22.0
T398,844,17.0
T398,845,21.0
T398,846,21.0
T398,847,30.0
T398,848,58.0
T398,849,75.0
T398,850,116.0
T398,851,140.0
T398,852,154.0
T398,853,134.0
T398,854,139.0
T398,855,167.0
T398,856,156.0
T398,857,155.0
T398,858,133.0
T398,859,83.0
T398,860,60.0
T398,861,42.0
T398,862,38.0
T398,863,47.0
T398,864,53.0
T398,865,41.0
T398,866,20.0
T398,867,12.0
T398,868,15.0
T398,869,20.0
T398,870,40.0
T398,871,81.0
T398,872,149.0
T398,873,152.0
T398,874,123.0
T398,875,136.0
T398,876,122.0
T398,877,127.0
T398,878,126.0
T398,879,136.0
T398,880,195.0
T398,881,213.0
T398,882,214.0
T398,883,142.0
T398,884,96.0
T398,885,53.0
T398,886,72.0
T398,887,46.0
T398,888,32.0
T398,889,23.0
T398,890,23.0
T398,891,15.0
T398,892,12.0
T398,893,25.0
T398,894,44.0
T398,895,80.0
T398,896,156.0
T398,897,150.0
T398,898,131.0
T398,899,114.0
T398,900,144.0
T398,901,126.0
T398,902,114.0
T398,903,114.0
T398,904,141.0
T398,905,204.0
T398,906,208.0
T398,907,127.0
T398,908,94.0
T398,909,65.0
T398,910,65.0
T398,911,48.0
T398,912,42.0
T398,913,34.0
T398,914,23.0
T398,915,21.0
T398,916,21.0
T398,917,21.0
T398,918,41.0
T398,919,83.0
T398,920,171.0
T398,921,148.0
T398,922,144.0
T398,923,152.0
T398,924,145.0
T398,925,135.0
T398,926,134.0
T398,927,158.0
T398,928,186.0
T398,929,241.0
T398,930,278.0
T398,931,155.0
T398,932,103.0
T398,933,108.0
T398,934,76.0
T398,935,55.0
T398,936,34.0
