series,quarter,value
T11798,2009-08-31,13238.16234
T11798,2009-11-30,12314.63587
T11798,2010-02-28,12795.48472
T11798,2010-05-31,12617.12913
T11798,2010-08-31,13559.3912
T11798,2010-11-30,13081.96971
T11798,2011-02-28,13007.67152
T11798,2011-05-31,13284.08753
T11798,2011-08-31,12874.80476
T11798,2011-11-30,12664.1017
T11798,2012-02-29,12490.76111
T11798,2012-05-31,13376.7563
T11798,2012-08-31,12491.31178
T11798,2012-11-30,12317.06185
T11798,2013-02-28,12641.96898
T11798,2013-05-31,13060.05888
T11899,2009-08-31,3009.76677
T11899,2009-11-30,4182.057471
T11899,2010-02-28,3506.256715
T11899,2010-05-31,3335.262211
T11899,2010-08-31,2645.403668
T11899,2010-11-30,2652.492604
T11899,2011-02-28,2088.007525
T11899,2011-05-31,2559.68216
T11899,2011-08-31,2462.344197
T11899,2011-11-30,1675.507775
T11899,2012-02-29,1740.306665
T11899,2012-05-31,3454.106169
T11899,2012-08-31,1910.89646
T11899,2012-11-30,1952.416214
T11899,2013-02-28,2464.139767
T11899,2013-05-31,2306.399709
T11935,2009-08-31,12431.69889
T11935,2009-11-30,11724.84043
T11935,2010-02-28,11021.82275
T11935,2010-05-31,12186.66385
T11935,2010-08-31,13860.55967
T11935,2010-11-30,13323.05921
T11935,2011-02-28,13169.9801
T11935,2011-05-31,12535.46375
T11935,2011-08-31,12793.40681
T11935,2011-11-30,13474.35894
T11935,2012-02-29,14558.82622
T11935,2012-05-31,14393.91783
T11935,2012-08-31,13737.97934
T11935,2012-11-30,15155.2098
T11935,2013-02-28,15455.06359
T11935,2013-05-31,14946.03963
T12016,2009-08-31,6633.06931
T12016,2009-11-30,3422.14988
T12016,2010-02-28,4869.41237
T12016,2010-05-31,5744.75922
T12016,2010-08-31,7751.63664
T12016,2010-11-30,5003.93562
T12016,2011-02-28,3999.55482
T12016,2011-05-31,5528.54379
T12016,2011-08-31,5041.35012
T12016,2011-11-30,6217.34681
T12016,2012-02-29,5597.19988
T12016,2012-05-31,5096.21538
T12016,2012-08-31,4033.19348
T12016,2012-11-30,6002.51908
T12016,2013-02-28,2912.99014
T12016,2013-05-31,4197.47836
T12045,2009-08-31,7989.558872
T12045,2009-11-30,7491.95962
T12045,2010-02-28,7288.767008
T12045,2010-05-31,10333.23404
T12045,2010-08-31,8565.544933
T12045,2010-11-30,9770.460525
T12045,2011-02-28,7252.954502
T12045,2011-05-31,8947.53612
T12045,2011-08-31,9359.401095
T12045,2011-11-30,9921.67027
T12045,2012-02-29,7699.14584
T12045,2012-05-31,8764.982983
T12045,2012-08-31,9005.478688
T12045,2012-11-30,8283.377823
T12045,2013-02-28,10377.212599
T12045,2013-05-31,8700.75597
T12073,2009-08-31,6982.25665
T12073,2009-11-30,7549.23694
T12073,2010-02-28,7035.44403
T12073,2010-05-31,7293.57793
T12073,2010-08-31,6961.63276
T12073,2010-11-30,7372.06988
T12073,2011-02-28,7340.05068
T12073,2011-05-31,7558.75184
T12073,2011-08-31,7109.91272
T12073,2011-11-30,7408.14592
T12073,2012-02-29,6935.99146
T12073,2012-05-31,7369.35784
T12073,2012-08-31,6988.84747
T12073,2012-11-30,7394.24451
T12073,2013-02-28,7260.84107
T12073,2013-05-31,7110.44848
T12089,2009-08-31,5289.612792
T12089,2009-11-30,5168.110639
T12089,2010-02-28,5347.905934
T12089,2010-05-31,5389.421441
T12089,2010-08-31,5617.692881
T12089,2010-11-30,5452.868392
T12089,2011-02-28,5468.249751
T12089,2011-05-31,5517.479308
T12089,2011-08-31,5681.661604
T12089,2011-11-30,5797.137793
T12089,2012-02-29,5500.537818
T12089,2012-05-31,5559.550304
T12089,2012-08-31,5803.458291
T12089,2012-11-30,5763.06268
T12089,2013-02-28,5986.870956
T12089,2013-05-31,5997.09674
T12097,2009-08-31,3316.35158
T12097,2009-11-30,3159.4542
T12097,2010-02-28,2810.76689
T12097,2010-05-31,3800.74773
T12097,2010-08-31,3555.86572
T12097,2010-11-30,3333.55618
T12097,2011-02-28,3521.56212
T12097,2011-05-31,3825.21983
T12097,2011-08-31,3645.31038
T12097,2011-11-30,2961.73577
T12097,2012-02-29,2782.05907
T12097,2012-05-31,2964.75484
T12097,2012-08-31,3545.36841
T12097,2012-11-30,3334.21456
T12097,2013-02-28,3618.73469
T12097,2013-05-31,3625.86902
T12106,2009-08-31,7040.581984
T12106,2009-11-30,7560.690488
T12106,2010-02-28,5148.205273
T12106,2010-05-31,5614.562225
T12106,2010-08-31,5163.494572
T12106,2010-11-30,5268.224908
T12106,2011-02-28,4909.858344
T12106,2011-05-31,4185.273101
T12106,2011-08-31,5448.596251
T12106,2011-11-30,3972.334512
T12106,2012-02-29,6467.270538
T12106,2012-05-31,4930.576448
T12106,2012-08-31,4206.890299
T12106,2012-11-30,6703.725498
T12106,2013-02-28,6945.663169
T12106,2013-05-31,5115.206857
T12107,2009-08-31,807.75029
T12107,2009-11-30,1506.027942
T12107,2010-02-28,2082.510386
T12107,2010-05-31,1957.503749
T12107,2010-08-31,1511.947346
T12107,2010-11-30,2438.964603
T12107,2011-02-28,2501.598664
T12107,2011-05-31,1780.377036
T12107,2011-08-31,1832.97612
T12107,2011-11-30,2597.427785
T12107,2012-02-29,3825.471408
T12107,2012-05-31,3276.857762
T12107,2012-08-31,3256.805352
T12107,2012-11-30,3065.136428
T12107,2013-02-28,2120.73233
T12107,2013-05-31,1807.990757
T12162,2009-08-31,5348.10479
T12162,2009-11-30,4956.47334
T12162,2010-02-28,4494.61528
T12162,2010-05-31,4295.08135
T12162,2010-08-31,4747.52276
T12162,2010-11-30,5541.89925
T12162,2011-02-28,4641.56036
T12162,2011-05-31,4333.49813
T12162,2011-08-31,4647.33936
T12162,2011-11-30,4678.78582
T12162,2012-02-29,4565.73285
T12162,2012-05-31,3866.87911
T12162,2012-08-31,4417.11388
T12162,2012-11-30,4024.30116
T12162,2013-02-28,4529.31394
T12162,2013-05-31,4162.72442
T12287,2009-08-31,1924.366722
T12287,2009-11-30,1955.987681
T12287,2010-02-28,2005.245067
T12287,2010-05-31,2054.907819
T12287,2010-08-31,1919.580483
T12287,2010-11-30,1924.588525
T12287,2011-02-28,1940.267968
T12287,2011-05-31,1998.757118
T12287,2011-08-31,2053.624103
T12287,2011-11-30,2127.216176
T12287,2012-02-29,2238.296486
T12287,2012-05-31,2068.035996
T12287,2012-08-31,2094.361127
T12287,2012-11-30,2183.743432
T12287,2013-02-28,2114.474199
T12287,2013-05-31,2116.842279
T12302,2009-08-31,4214.269376
T12302,2009-11-30,3565.638159
T12302,2010-02-28,3653.647272
T12302,2010-05-31,3274.292795
T12302,2010-08-31,3823.017576
T12302,2010-11-30,3804.293351
T12302,2011-02-28,4106.4977
T12302,2011-05-31,3922.26384
T12302,2011-08-31,3799.581306
T12302,2011-11-30,4140.754852
T12302,2012-02-29,4288.105218
T12302,2012-05-31,3802.017557
T12302,2012-08-31,4334.99238
T12302,2012-11-30,4289.831731
T12302,2013-02-28,4270.481194
T12302,2013-05-31,4375.871487
T12304,2009-08-31,4353.93974
T12304,2009-11-30,4490.8026
T12304,2010-02-28,5311.64811
T12304,2010-05-31,4701.18725
T12304,2010-08-31,4896.49208
T12304,2010-11-30,4399.29489
T12304,2011-02-28,4931.34237
T12304,2011-05-31,4925.58346
T12304,2011-08-31,4870.60143
T12304,2011-11-30,4500.52836
T12304,2012-02-29,5304.59753
T12304,2012-05-31,5096.88361
T12304,2012-08-31,5693.88918
T12304,2012-11-30,4608.66222
T12304,2013-02-28,5378.95529
T12304,2013-05-31,5177.04856
T12311,2009-08-31,1414.189639
T12311,2009-11-30,1445.837954
T12311,2010-02-28,1422.64038
T12311,2010-05-31,1442.314493
T12311,2010-08-31,1345.233596
T12311,2010-11-30,1328.14119
T12311,2011-02-28,1421.937674
T12311,2011-05-31,1536.639532
T12311,2011-08-31,1545.034125
T12311,2011-11-30,1444.500969
T12311,2012-02-29,1475.320315
T12311,2012-05-31,1540.767756
T12311,2012-08-31,1364.459201
T12311,2012-11-30,1482.253382
T12311,2013-02-28,1489.488381
T12311,2013-05-31,1427.158538
T12318,2009-08-31,5129.60337
T12318,2009-11-30,5213.73159
T12318,2010-02-28,6136.35813
T12318,2010-05-31,5814.31879
T12318,2010-08-31,5303.10766
T12318,2010-11-30,4715.29782
T12318,2011-02-28,5489.08217
T12318,2011-05-31,6513.90816
T12318,2011-08-31,6562.37984
T12318,2011-11-30,6240.30599
T12318,2012-02-29,5579.2637
T12318,2012-05-31,5633.48138
T12318,2012-08-31,6314.95387
T12318,2012-11-30,5413.95811
T12318,2013-02-28,6168.94211
T12318,2013-05-31,5986.10245
T12322,2009-08-31,9398.02418
T12322,2009-11-30,8906.41184
T12322,2010-02-28,8028.65366
T12322,2010-05-31,9236.68253
T12322,2010-08-31,9231.85316
T12322,2010-11-30,10059.24158
T12322,2011-02-28,9596.37476
T12322,2011-05-31,9340.52336
T12322,2011-08-31,8856.49017
T12322,2011-11-30,8806.85717
T12322,2012-02-29,10732.72968
T12322,2012-05-31,9488.04519
T12322,2012-08-31,9177.93943
T12322,2012-11-30,9148.98727
T12322,2013-02-28,9444.69872
T12322,2013-05-31,8924.11802
T12328,2009-08-31,2624.753736
T12328,2009-11-30,2468.678745
T12328,2010-02-28,2191.057246
T12328,2010-05-31,2649.066772
T12328,2010-08-31,2846.309214
T12328,2010-11-30,2505.267569
T12328,2011-02-28,2648.318391
T12328,2011-05-31,2735.471336
T12328,2011-08-31,2159.064685
T12328,2011-11-30,2008.335152
T12328,2012-02-29,1711.880176
T12328,2012-05-31,2328.164259
T12328,2012-08-31,2053.830812
T12328,2012-11-30,2379.808004
T12328,2013-02-28,2115.40089
T12328,2013-05-31,1806.569222
T12333,2009-08-31,6930.384574
T12333,2009-11-30,9382.272713
T12333,2010-02-28,10787.19415
T12333,2010-05-31,10224.8189
T12333,2010-08-31,11964.59801
T12333,2010-11-30,11053.94512
T12333,2011-02-28,11455.67627
T12333,2011-05-31,12058.50244
T12333,2011-08-31,12904.408214
T12333,2011-11-30,14355.239908
T12333,2012-02-29,12538.146063
T12333,2012-05-31,13067.064775
T12333,2012-08-31,10497.877733
T12333,2012-11-30,13600.02708
T12333,2013-02-28,12869.878111
T12333,2013-05-31,10446.067942
T12336,2009-08-31,1834.495013
T12336,2009-11-30,1263.462696
T12336,2010-02-28,1704.532478
T12336,2010-05-31,1732.231339
T12336,2010-08-31,1164.264804
T12336,2010-11-30,2212.463364
T12336,2011-02-28,2173.33891
T12336,2011-05-31,1638.722005
T12336,2011-08-31,1112.638912
T12336,2011-11-30,2858.995617
T12336,2012-02-29,1949.475653
T12336,2012-05-31,1756.236909
T12336,2012-08-31,1582.101335
T12336,2012-11-30,1499.184896
T12336,2013-02-28,1996.209975
T12336,2013-05-31,2278.31722
T12399,2009-08-31,2545.314245
T12399,2009-11-30,3291.749161
T12399,2010-02-28,1960.831489
T12399,2010-05-31,3195.938664
T12399,2010-08-31,2519.242556
T12399,2010-11-30,3199.58979
T12399,2011-02-28,2149.23397
T12399,2011-05-31,3157.056476
T12399,2011-08-31,2069.32329
T12399,2011-11-30,2909.527172
T12399,2012-02-29,2033.369434
T12399,2012-05-31,3112.678942
T12399,2012-08-31,2218.265925
T12399,2012-11-30,2981.16721
T12399,2013-02-28,2224.622818
T12399,2013-05-31,2219.426668
T12403,2009-08-31,3957.43275
T12403,2009-11-30,3959.27483
T12403,2010-02-28,4237.86218
T12403,2010-05-31,4432.12182
T12403,2010-08-31,4451.23462
T12403,2010-11-30,3623.63421
T12403,2011-02-28,3344.00892
T12403,2011-05-31,3225.56339
T12403,2011-08-31,3694.64904
T12403,2011-11-30,3384.78009
T12403,2012-02-29,3330.39692
T12403,2012-05-31,2948.77771
T12403,2012-08-31,3068.92436
T12403,2012-11-30,2998.90487
T12403,2013-02-28,3019.43057
T12403,2013-05-31,3482.45598
T12454,2009-08-31,3463.756246
T12454,2009-11-30,3241.242833
T12454,2010-02-28,3775.162772
T12454,2010-05-31,3188.808374
T12454,2010-08-31,3449.724865
T12454,2010-11-30,3521.038015
T12454,2011-02-28,3680.278893
T12454,2011-05-31,3252.169234
T12454,2011-08-31,4322.1288483
T12454,2011-11-30,3797.7224336
T12454,2012-02-29,3864.6085067
T12454,2012-05-31,3468.7401609
T12454,2012-08-31,3713.091169
T12454,2012-11-30,4004.0458755
T12454,2013-02-28,4149.1676344
T12454,2013-05-31,3782.8279921
T12501,2009-08-31,3719.15602
T12501,2009-11-30,3858.31168
T12501,2010-02-28,3537.99425
T12501,2010-05-31,3517.8476
T12501,2010-08-31,3586.43475
T12501,2010-11-30,3764.01895
T12501,2011-02-28,3757.91636
T12501,2011-05-31,3670.54595
T12501,2011-08-31,3867.38037
T12501,2011-11-30,3709.77262
T12501,2012-02-29,3633.37562
T12501,2012-05-31,3535.92355
T12501,2012-08-31,3773.69617
T12501,2012-11-30,3852.27981
T12501,2013-02-28,3485.78394
T12501,2013-05-31,3614.60742
T12522,2009-08-31,1776.387685
T12522,2009-11-30,1628.65397
T12522,2010-02-28,1559.927541
T12522,2010-05-31,1565.327522
T12522,2010-08-31,1594.998668
T12522,2010-11-30,1585.937288
T12522,2011-02-28,1583.633617
T12522,2011-05-31,1597.028592
T12522,2011-08-31,1644.636607
T12522,2011-11-30,1663.942334
T12522,2012-02-29,1644.261987
T12522,2012-05-31,1831.713376
T12522,2012-08-31,1697.511141
T12522,2012-11-30,1585.534359
T12522,2013-02-28,1569.350283
T12522,2013-05-31,1621.08852
T14062,2009-08-31,12303.96995
T14062,2009-11-30,12169.91589
T14062,2010-02-28,10876.96427
T14062,2010-05-31,13349.47274
T14062,2010-08-31,10272.26024
T14062,2010-11-30,10065.83071
T14062,2011-02-28,10777.83793
T14062,2011-05-31,12988.43472
T14062,2011-08-31,13804.259785
T14062,2011-11-30,11387.400509
T14062,2012-02-29,10862.968834
T14062,2012-05-31,13670.604821
T14062,2012-08-31,11277.08068
T14062,2012-11-30,13501.104719
T14062,2013-02-28,13698.627737
T14062,2013-05-31,11641.64112
T14104,2009-08-31,2245.75759
T14104,2009-11-30,2274.16031
T14104,2010-02-28,2230.0675
T14104,2010-05-31,2402.15194
T14104,2010-08-31,2270.53668
T14104,2010-11-30,2325.94748
T14104,2011-02-28,2415.74582
T14104,2011-05-31,2168.58731
T14104,2011-08-31,2208.64141
T14104,2011-11-30,2216.485
T14104,2012-02-29,2255.40427
T14104,2012-05-31,2289.43272
T14104,2012-08-31,2323.90562
T14104,2012-11-30,2274.65665
T14104,2013-02-28,2234.26443
T14104,2013-05-31,2126.25279
T14124,2009-08-31,2310.270751
T14124,2009-11-30,2291.744966
T14124,2010-02-28,2115.950158
T14124,2010-05-31,2300.740256
T14124,2010-08-31,2150.094281
T14124,2010-11-30,2081.817584
T14124,2011-02-28,2174.631007
T14124,2011-05-31,2365.682834
T14124,2011-08-31,2336.947237
T14124,2011-11-30,2279.351659
T14124,2012-02-29,2219.12938
T14124,2012-05-31,2146.187549
T14124,2012-08-31,2222.825903
T14124,2012-11-30,2433.192967
T14124,2013-02-28,2541.937879
T14124,2013-05-31,2312.060063
T14146,2009-08-31,2561.51497
T14146,2009-11-30,2660.6449
T14146,2010-02-28,2639.00881
T14146,2010-05-31,2680.57888
T14146,2010-08-31,3034.98317
T14146,2010-11-30,2657.34552
T14146,2011-02-28,2685.96717
T14146,2011-05-31,2586.29746
T14146,2011-08-31,2643.88817
T14146,2011-11-30,2861.78559
T14146,2012-02-29,2781.12958
T14146,2012-05-31,2691.50697
T14146,2012-08-31,2402.53296
T14146,2012-11-30,2770.66274
T14146,2013-02-28,2679.50389
T14146,2013-05-31,2987.11549
T14271,2009-08-31,1534.3741
T14271,2009-11-30,1534.28638
T14271,2010-02-28,1793.65884
T14271,2010-05-31,1700.72711
T14271,2010-08-31,1402.96288
T14271,2010-11-30,1545.85751
T14271,2011-02-28,1553.67114
T14271,2011-05-31,1648.21371
T14271,2011-08-31,1589.13855
T14271,2011-11-30,1376.57812
T14271,2012-02-29,1170.71433
T14271,2012-05-31,1280.26023
T14271,2012-08-31,1445.09961
T14271,2012-11-30,1476.10863
T14271,2013-02-28,1459.18261
T14271,2013-05-31,1494.42776
T14313,2009-08-31,1360.724214
T14313,2009-11-30,1340.01833
T14313,2010-02-28,1251.793755
T14313,2010-05-31,1272.092665
T14313,2010-08-31,1247.026964
T14313,2010-11-30,1273.536383
T14313,2011-02-28,1327.440814
T14313,2011-05-31,1292.178364
T14313,2011-08-31,1229.07412
T14313,2011-11-30,1275.00245
T14313,2012-02-29,1140.874242
T14313,2012-05-31,1139.972891
T14313,2012-08-31,1139.646952
T14313,2012-11-30,1336.842078
T14313,2013-02-28,1369.690248
T14313,2013-05-31,1282.10946
T14330,2009-08-31,3910.463473
T14330,2009-11-30,3797.21327
T14330,2010-02-28,4235.343561
T14330,2010-05-31,4539.12675
T14330,2010-08-31,4556.962793
T14330,2010-11-30,4529.770084
T14330,2011-02-28,4373.412154
T14330,2011-05-31,4230.039996
T14330,2011-08-31,4107.569528
T14330,2011-11-30,4645.3572247
T14330,2012-02-29,4759.2535563
T14330,2012-05-31,4458.4470051
T14330,2012-08-31,4387.1894406
T14330,2012-11-30,4150.9095393
T14330,2013-02-28,4045.6890636
T14330,2013-05-31,4536.4127362
T14338,2009-08-31,2820.716104
T14338,2009-11-30,2782.129426
T14338,2010-02-28,2973.228518
T14338,2010-05-31,2836.745833
T14338,2010-08-31,2868.377595
T14338,2010-11-30,2817.556649
T14338,2011-02-28,2929.218033
T14338,2011-05-31,2808.687259
T14338,2011-08-31,2736.9845815
T14338,2011-11-30,2739.5608422
T14338,2012-02-29,2859.8536789
T14338,2012-05-31,2826.8831653
T14338,2012-08-31,2773.3911279
T14338,2012-11-30,2731.0543449
T14338,2013-02-28,2774.4893309
T14338,2013-05-31,2649.6835004
T14345,2009-08-31,5035.0738
T14345,2009-11-30,5147.49545
T14345,2010-02-28,5776.21947
T14345,2010-05-31,5469.82831
T14345,2010-08-31,4623.90518
T14345,2010-11-30,5254.1382
T14345,2011-02-28,5461.42149
T14345,2011-05-31,5227.8373
T14345,2011-08-31,4956.01004
T14345,2011-11-30,5763.59921
T14345,2012-02-29,5074.62552
T14345,2012-05-31,5358.15657
T14345,2012-08-31,5342.47499
T14345,2012-11-30,5818.66258
T14345,2013-02-28,5747.01683
T14345,2013-05-31,5120.67527
T14360,2009-08-31,3846.069194
T14360,2009-11-30,3613.637259
T14360,2010-02-28,4346.554961
T14360,2010-05-31,3982.180726
T14360,2010-08-31,4174.192138
T14360,2010-11-30,4139.295853
T14360,2011-02-28,4326.960621
T14360,2011-05-31,3649.039295
T14360,2011-08-31,3588.5040005
T14360,2011-11-30,4108.6334668
T14360,2012-02-29,4484.2095234
T14360,2012-05-31,3898.9155842
T14360,2012-08-31,3813.4932686
T14360,2012-11-30,3719.0958667
T14360,2013-02-28,3850.1414802
T14360,2013-05-31,3909.2066694
T14367,2009-08-31,11319.02832
T14367,2009-11-30,11285.31239
T14367,2010-02-28,12261.91988
T14367,2010-05-31,11476.82839
T14367,2010-08-31,12021.07704
T14367,2010-11-30,11898.00872
T14367,2011-02-28,12444.92173
T14367,2011-05-31,12500.66086
T14367,2011-08-31,12853.0866
T14367,2011-11-30,12320.01418
T14367,2012-02-29,13441.05774
T14367,2012-05-31,13951.85457
T14367,2012-08-31,13191.39053
T14367,2012-11-30,13564.03032
T14367,2013-02-28,13623.25315
T14367,2013-05-31,12021.76477
T14372,2009-08-31,6456.46087
T14372,2009-11-30,6498.91822
T14372,2010-02-28,6795.91541
T14372,2010-05-31,7153.55596
T14372,2010-08-31,6198.23509
T14372,2010-11-30,6783.4484
T14372,2011-02-28,6982.12833
T14372,2011-05-31,7291.66353
T14372,2011-08-31,6876.79329
T14372,2011-11-30,6616.41557
T14372,2012-02-29,7614.78826
T14372,2012-05-31,7439.80269
T14372,2012-08-31,7736.12196
T14372,2012-11-30,8177.62364
T14372,2013-02-28,6992.6305
T14372,2013-05-31,7073.95187
T14382,2009-08-31,3657.15914
T14382,2009-11-30,3206.40577
T14382,2010-02-28,3262.25399
T14382,2010-05-31,3851.41584
T14382,2010-08-31,3759.65252
T14382,2010-11-30,3326.27545
T14382,2011-02-28,3347.20549
T14382,2011-05-31,3103.54171
T14382,2011-08-31,2689.74252
T14382,2011-11-30,2591.9618
T14382,2012-02-29,2734.40104
T14382,2012-05-31,2928.61925
T14382,2012-08-31,2391.79933
T14382,2012-11-30,3343.12081
T14382,2013-02-28,3697.95658
T14382,2013-05-31,2975.95592
T14394,2009-08-31,4436.31372
T14394,2009-11-30,4450.32251
T14394,2010-02-28,3097.31439
T14394,2010-05-31,4360.60494
T14394,2010-08-31,3914.42839
T14394,2010-11-30,3632.64534
T14394,2011-02-28,3759.23901
T14394,2011-05-31,4165.34414
T14394,2011-08-31,3576.72816
T14394,2011-11-30,4059.16342
T14394,2012-02-29,3821.4873
T14394,2012-05-31,4037.79727
T14394,2012-08-31,4122.81252
T14394,2012-11-30,4467.17792
T14394,2013-02-28,4882.32058
T14394,2013-05-31,4367.18737
T14405,2009-08-31,2899.1871
T14405,2009-11-30,3018.47974
T14405,2010-02-28,2251.24367
T14405,2010-05-31,2309.37971
T14405,2010-08-31,2972.23076
T14405,2010-11-30,2826.64482
T14405,2011-02-28,2038.10941
T14405,2011-05-31,2896.28101
T14405,2011-08-31,2284.40912
T14405,2011-11-30,2681.28731
T14405,2012-02-29,3102.66209
T14405,2012-05-31,2032.22626
T14405,2012-08-31,2833.59182
T14405,2012-11-30,2643.1846
T14405,2013-02-28,1950.51076
T14405,2013-05-31,2612.04753
T14410,2009-08-31,997.485299
T14410,2009-11-30,988.266387
T14410,2010-02-28,914.446158
T14410,2010-05-31,1058.859979
T14410,2010-08-31,1055.490117
T14410,2010-11-30,996.850357
T14410,2011-02-28,1058.782887
T14410,2011-05-31,1047.783186
T14410,2011-08-31,994.540188
T14410,2011-11-30,989.900223
T14410,2012-02-29,1121.064151
T14410,2012-05-31,1145.82788
T14410,2012-08-31,1165.617545
T14410,2012-11-30,1122.539619
T14410,2013-02-28,1120.828779
T14410,2013-05-31,1071.84136
T14413,2009-08-31,2247.83413
T14413,2009-11-30,2763.91655
T14413,2010-02-28,2412.51102
T14413,2010-05-31,2962.51419
T14413,2010-08-31,2757.45585
T14413,2010-11-30,3009.53624
T14413,2011-02-28,2890.31513
T14413,2011-05-31,2782.24517
T14413,2011-08-31,2457.67848
T14413,2011-11-30,2644.48002
T14413,2012-02-29,3222.18999
T14413,2012-05-31,3696.46986
T14413,2012-08-31,3337.84106
T14413,2012-11-30,2625.111
T14413,2013-02-28,2758.37218
T14413,2013-05-31,2959.74128
T14414,2009-08-31,6213.26905
T14414,2009-11-30,6284.37225
T14414,2010-02-28,5384.53537
T14414,2010-05-31,7591.9702
T14414,2010-08-31,5802.43335
T14414,2010-11-30,7400.20402
T14414,2011-02-28,5073.65996
T14414,2011-05-31,6945.90163
T14414,2011-08-31,5663.84137
T14414,2011-11-30,7461.54145
T14414,2012-02-29,5498.20526
T14414,2012-05-31,6978.48191
T14414,2012-08-31,4882.43846
T14414,2012-11-30,6482.51149
T14414,2013-02-28,5950.8704
T14414,2013-05-31,6316.24894
T14422,2009-08-31,4528.33875
T14422,2009-11-30,4631.71182
T14422,2010-02-28,4163.77191
T14422,2010-05-31,4977.23108
T14422,2010-08-31,4516.92068
T14422,2010-11-30,5255.7492
T14422,2011-02-28,3736.9531
T14422,2011-05-31,4859.58411
T14422,2011-08-31,4056.85275
T14422,2011-11-30,4789.87177
T14422,2012-02-29,3736.68678
T14422,2012-05-31,4644.51262
T14422,2012-08-31,3275.26063
T14422,2012-11-30,5192.29414
T14422,2013-02-28,3844.73582
T14422,2013-05-31,3470.22121
T14430,2009-08-31,1585.384783
T14430,2009-11-30,1811.691308
T14430,2010-02-28,1853.555229
T14430,2010-05-31,2022.916733
T14430,2010-08-31,2089.40956
T14430,2010-11-30,1952.838827
T14430,2011-02-28,1576.873835
T14430,2011-05-31,1733.89207
T14430,2011-08-31,1407.40423
T14430,2011-11-30,1893.098204
T14430,2012-02-29,1744.839552
T14430,2012-05-31,1984.949414
T14430,2012-08-31,1833.556441
T14430,2012-11-30,1834.291045
T14430,2013-02-28,1654.35593
T14430,2013-05-31,1752.294209
T14469,2009-08-31,1965.618033
T14469,2009-11-30,2006.808521
T14469,2010-02-28,1948.394453
T14469,2010-05-31,1888.93781
T14469,2010-08-31,1940.970203
T14469,2010-11-30,2094.088846
T14469,2011-02-28,2030.213381
T14469,2011-05-31,1992.276274
T14469,2011-08-31,1916.000632
T14469,2011-11-30,1953.627564
T14469,2012-02-29,1882.411247
T14469,2012-05-31,1808.824702
T14469,2012-08-31,1903.481885
T14469,2012-11-30,2033.717172
T14469,2013-02-28,2084.057558
T14469,2013-05-31,1875.716664
T14488,2009-08-31,4604.18446
T14488,2009-11-30,4260.37547
T14488,2010-02-28,4112.37251
T14488,2010-05-31,5412.82812
T14488,2010-08-31,5549.65469
T14488,2010-11-30,5389.2316
T14488,2011-02-28,5234.12898
T14488,2011-05-31,4313.73039
T14488,2011-08-31,4599.08245
T14488,2011-11-30,4087.58563
T14488,2012-02-29,4215.24849
T14488,2012-05-31,4252.24978
T14488,2012-08-31,4492.874
T14488,2012-11-30,4876.68456
T14488,2013-02-28,4899.42941
T14488,2013-05-31,5609.14386
T14497,2009-08-31,7836.6548
T14497,2009-11-30,7813.96781
T14497,2010-02-28,8571.86723
T14497,2010-05-31,8469.57313
T14497,2010-08-31,8136.95662
T14497,2010-11-30,9029.65808
T14497,2011-02-28,9288.38992
T14497,2011-05-31,9433.5124
T14497,2011-08-31,9189.50067
T14497,2011-11-30,9727.80483
T14497,2012-02-29,8799.59781
T14497,2012-05-31,8024.58103
T14497,2012-08-31,9069.75115
T14497,2012-11-30,7662.88299
T14497,2013-02-28,8409.07254
T14497,2013-05-31,6903.68797
T14498,2009-08-31,2773.48632
T14498,2009-11-30,2756.91139
T14498,2010-02-28,2974.9906
T14498,2010-05-31,2697.55127
T14498,2010-08-31,2744.06423
T14498,2010-11-30,2812.28868
T14498,2011-02-28,2629.25292
T14498,2011-05-31,2198.50891
T14498,2011-08-31,2553.22718
T14498,2011-11-30,2506.42887
T14498,2012-02-29,2644.36092
T14498,2012-05-31,1769.23551
T14498,2012-08-31,1691.78555
T14498,2012-11-30,2166.89402
T14498,2013-02-28,2378.63293
T14498,2013-05-31,2619.66471
T14509,2009-08-31,3395.52768
T14509,2009-11-30,3050.19604
T14509,2010-02-28,2967.84453
T14509,2010-05-31,3520.07002
T14509,2010-08-31,3452.33743
T14509,2010-11-30,3393.79683
T14509,2011-02-28,2629.05819
T14509,2011-05-31,2958.90782
T14509,2011-08-31,3037.91322
T14509,2011-11-30,3118.78614
T14509,2012-02-29,2695.36665
T14509,2012-05-31,2831.48622
T14509,2012-08-31,3725.66809
T14509,2012-11-30,3083.36765
T14509,2013-02-28,2947.79898
T14509,2013-05-31,2704.20541
T14520,2009-08-31,7646.98396
T14520,2009-11-30,8322.15262
T14520,2010-02-28,6156.53641
T14520,2010-05-31,8135.43454
T14520,2010-08-31,6077.39676
T14520,2010-11-30,6488.56387
T14520,2011-02-28,5403.08053
T14520,2011-05-31,7396.15041
T14520,2011-08-31,6758.53061
T14520,2011-11-30,7421.56689
T14520,2012-02-29,5887.51158
T14520,2012-05-31,8554.21783
T14520,2012-08-31,6497.62923
T14520,2012-11-30,7667.48022
T14520,2013-02-28,7310.06487
T14520,2013-05-31,6661.05504
T14535,2009-08-31,4058.308781
T14535,2009-11-30,4017.827945
T14535,2010-02-28,4322.183806
T14535,2010-05-31,4244.932391
T14535,2010-08-31,5083.980299
T14535,2010-11-30,4859.746748
T14535,2011-02-28,4913.030231
T14535,2011-05-31,4462.661889
T14535,2011-08-31,3968.357535
T14535,2011-11-30,4539.754468
T14535,2012-02-29,4633.565305
T14535,2012-05-31,4634.308348
T14535,2012-08-31,4563.077342
T14535,2012-11-30,5026.206802
T14535,2013-02-28,3864.876539
T14535,2013-05-31,3744.33542
T14588,2009-08-31,3195.30779
T14588,2009-11-30,5480.49968
T14588,2010-02-28,3195.15741
T14588,2010-05-31,3037.23756
T14588,2010-08-31,4211.19588
T14588,2010-11-30,6700.53383
T14588,2011-02-28,3971.10094
T14588,2011-05-31,3698.88769
T14588,2011-08-31,3160.92542
T14588,2011-11-30,5928.30186
T14588,2012-02-29,3058.02662
T14588,2012-05-31,3461.05375
T14588,2012-08-31,3355.22189
T14588,2012-11-30,4772.85493
T14588,2013-02-28,2485.09672
T14588,2013-05-31,2502.96279
T14719,2009-08-31,1898.583543
T14719,2009-11-30,1808.211856
T14719,2010-02-28,1752.006781
T14719,2010-05-31,1893.816853
T14719,2010-08-31,1971.865966
T14719,2010-11-30,1895.847596
T14719,2011-02-28,1689.715644
T14719,2011-05-31,1737.269106
T14719,2011-08-31,1856.581033
T14719,2011-11-30,1763.300605
T14719,2012-02-29,1730.949159
T14719,2012-05-31,1685.810296
T14719,2012-08-31,1602.36902
T14719,2012-11-30,1697.723885
T14719,2013-02-28,1558.802361
T14719,2013-05-31,1555.348333
T20245,2009-08-31,3231.55969
T20245,2009-11-30,3244.52275
T20245,2010-02-28,3341.61934
T20245,2010-05-31,3193.02314
T20245,2010-08-31,3219.69512
T20245,2010-11-30,3232.29315
T20245,2011-02-28,3269.06293
T20245,2011-05-31,3138.41389
T20245,2011-08-31,3223.56542
T20245,2011-11-30,3165.89206
T20245,2012-02-29,3211.82578
T20245,2012-05-31,3116.36174
T20245,2012-08-31,3133.6503
T20245,2012-11-30,3189.01943
T20245,2013-02-28,3260.70159
T20245,2013-05-31,3050.88291
T20248,2009-08-31,3617.09725
T20248,2009-11-30,3629.7889
T20248,2010-02-28,3651.84516
T20248,2010-05-31,3482.7844
T20248,2010-08-31,3571.98912
T20248,2010-11-30,3545.69235
T20248,2011-02-28,3634.47882
T20248,2011-05-31,3551.73101
T20248,2011-08-31,3695.17678
T20248,2011-11-30,3621.97446
T20248,2012-02-29,3559.23881
T20248,2012-05-31,3546.67561
T20248,2012-08-31,3509.32366
T20248,2012-11-30,3571.12066
T20248,2013-02-28,3696.93081
T20248,2013-05-31,3489.39975
T20276,2009-08-31,4539.99088
T20276,2009-11-30,4682.89405
T20276,2010-02-28,5303.30072
T20276,2010-05-31,5269.91803
T20276,2010-08-31,6421.54671
T20276,2010-11-30,5022.75126
T20276,2011-02-28,5453.29629
T20276,2011-05-31,5005.13254
T20276,2011-08-31,6161.23716
T20276,2011-11-30,6509.39827
T20276,2012-02-29,5929.75645
T20276,2012-05-31,5186.93703
T20276,2012-08-31,6008.09257
T20276,2012-11-30,5251.635
T20276,2013-02-28,4843.64034
T20276,2013-05-31,5196.14365
T20411,2009-08-31,5552.05439
T20411,2009-11-30,5588.25289
T20411,2010-02-28,5279.26491
T20411,2010-05-31,6699.31481
T20411,2010-08-31,5991.57957
T20411,2010-11-30,5432.6574
T20411,2011-02-28,4523.1265
T20411,2011-05-31,5694.4423
T20411,2011-08-31,6102.80986
T20411,2011-11-30,5965.47312
T20411,2012-02-29,5102.03725
T20411,2012-05-31,6725.2136
T20411,2012-08-31,6959.42075
T20411,2012-11-30,6308.37426
T20411,2013-02-28,5174.8371
T20411,2013-05-31,6438.15772
T20517,2009-08-31,12292.74138
T20517,2009-11-30,11648.15343
T20517,2010-02-28,9653.94872
T20517,2010-05-31,11398.38009
T20517,2010-08-31,11776.17701
T20517,2010-11-30,11211.14383
T20517,2011-02-28,9244.26756
T20517,2011-05-31,13228.7841
T20517,2011-08-31,11630.16155
T20517,2011-11-30,12146.2741
T20517,2012-02-29,8928.86785
T20517,2012-05-31,13603.0272
T20517,2012-08-31,12876.16258
T20517,2012-11-30,11367.99647
T20517,2013-02-28,11105.36901
T20517,2013-05-31,12965.65902
T2080,2009-08-31,11687.14112
T2080,2009-11-30,11737.02912
T2080,2010-02-28,11877.47953
T2080,2010-05-31,11957.75847
T2080,2010-08-31,12088.6157
T2080,2010-11-30,12180.07508
T2080,2011-02-28,12098.84998
T2080,2011-05-31,12460.82093
T2080,2011-08-31,12418.523815
T2080,2011-11-30,12577.48481
T2080,2012-02-29,12875.588761
T2080,2012-05-31,13140.53984
T2080,2012-08-31,13074.178167
T2080,2012-11-30,13223.535603
T2080,2013-02-28,13235.784487
T2080,2013-05-31,13256.96393
T2662,2009-08-31,4642.01134
T2662,2009-11-30,4998.855
T2662,2010-02-28,6187.25058
T2662,2010-05-31,5687.26348
T2662,2010-08-31,5704.95282
T2662,2010-11-30,5825.70671
T2662,2011-02-28,5397.36983
T2662,2011-05-31,5331.09619
T2662,2011-08-31,5175.42761
T2662,2011-11-30,4768.22661
T2662,2012-02-29,5837.72328
T2662,2012-05-31,5817.60978
T2662,2012-08-31,5350.70293
T2662,2012-11-30,5713.83785
T2662,2013-02-28,4988.9548
T2662,2013-05-31,5465.4713
T7800,2009-08-31,2588.92608
T7800,2009-11-30,2630.01351
T7800,2010-02-28,2668.12253
T7800,2010-05-31,2994.68467
T7800,2010-08-31,2626.34212
T7800,2010-11-30,2735.83129
T7800,2011-02-28,2665.57435
T7800,2011-05-31,2636.8313
T7800,2011-08-31,2630.99703
T7800,2011-11-30,2787.4604
T7800,2012-02-29,2617.28527
T7800,2012-05-31,2569.46353
T7800,2012-08-31,2624.14743
T7800,2012-11-30,2293.27968
T7800,2013-02-28,2436.57565
T7800,2013-05-31,2709.10269
T8182,2009-08-31,5161.693302
T8182,2009-11-30,5186.166875
T8182,2010-02-28,5386.524972
T8182,2010-05-31,5402.743187
T8182,2010-08-31,5369.089526
T8182,2010-11-30,5499.211188
T8182,2011-02-28,5350.930654
T8182,2011-05-31,5538.758384
T8182,2011-08-31,5307.835696
T8182,2011-11-30,5200.936571
T8182,2012-02-29,5134.633638
T8182,2012-05-31,5629.820266
T8182,2012-08-31,5358.216694
T8182,2012-11-30,5323.229787
T8182,2013-02-28,5375.167851
T8182,2013-05-31,5721.663995
T8198,2009-08-31,2559.284069
T8198,2009-11-30,2826.683035
T8198,2010-02-28,2509.396103
T8198,2010-05-31,2627.859037
T8198,2010-08-31,2599.792789
T8198,2010-11-30,2754.289036
T8198,2011-02-28,2602.608495
T8198,2011-05-31,2502.834501
T8198,2011-08-31,2670.518701
T8198,2011-11-30,2824.559722
T8198,2012-02-29,2696.115636
T8198,2012-05-31,2559.684854
T8198,2012-08-31,2594.400455
T8198,2012-11-30,2766.33121
T8198,2013-02-28,2681.145345
T8198,2013-05-31,2724.876801
T8209,2009-08-31,6532.55624
T8209,2009-11-30,6981.80407
T8209,2010-02-28,6386.21159
T8209,2010-05-31,5674.03706
T8209,2010-08-31,6360.23805
T8209,2010-11-30,5896.07255
T8209,2011-02-28,6173.47514
T8209,2011-05-31,5561.14573
T8209,2011-08-31,5806.52782
T8209,2011-11-30,6905.53037
T8209,2012-02-29,6334.72929
T8209,2012-05-31,6108.85176
T8209,2012-08-31,7037.74938
T8209,2012-11-30,7408.59823
T8209,2013-02-28,7630.51079
T8209,2013-05-31,6671.70292
T8216,2009-08-31,3261.196734
T8216,2009-11-30,3450.244785
T8216,2010-02-28,3241.671106
T8216,2010-05-31,2586.554644
T8216,2010-08-31,3740.078344
T8216,2010-11-30,4227.577219
T8216,2011-02-28,3477.611009
T8216,2011-05-31,3239.061172
T8216,2011-08-31,3487.264995
T8216,2011-11-30,5594.296062
T8216,2012-02-29,3162.356605
T8216,2012-05-31,3390.749114
T8216,2012-08-31,4099.119602
T8216,2012-11-30,5036.478009
T8216,2013-02-28,3749.255968
T8216,2013-05-31,4034.547652
T8272,2009-08-31,1952.494976
T8272,2009-11-30,2005.622094
T8272,2010-02-28,1922.655193
T8272,2010-05-31,1861.206483
T8272,2010-08-31,1900.445788
T8272,2010-11-30,1930.267163
T8272,2011-02-28,1873.629006
T8272,2011-05-31,1857.870444
T8272,2011-08-31,1931.326308
T8272,2011-11-30,1979.875124
T8272,2012-02-29,2164.740937
T8272,2012-05-31,1895.538068
T8272,2012-08-31,1799.401252
T8272,2012-11-30,1913.818232
T8272,2013-02-28,2021.152969
T8272,2013-05-31,2207.384427
T8280,2009-08-31,1147.641198
T8280,2009-11-30,1172.422243
T8280,2010-02-28,1186.442156
T8280,2010-05-31,1082.429839
T8280,2010-08-31,1161.492081
T8280,2010-11-30,1095.403608
T8280,2011-02-28,1237.130709
T8280,2011-05-31,1143.304089
T8280,2011-08-31,1126.127082
T8280,2011-11-30,1228.526448
T8280,2012-02-29,1058.196141
T8280,2012-05-31,1078.827204
T8280,2012-08-31,1081.350285
T8280,2012-11-30,1092.932068
T8280,2013-02-28,1347.835413
T8280,2013-05-31,1158.434198
T8289,2009-08-31,3556.999763
T8289,2009-11-30,3617.005385
T8289,2010-02-28,3601.352964
T8289,2010-05-31,3475.653943
T8289,2010-08-31,3430.139267
T8289,2010-11-30,3636.342646
T8289,2011-02-28,3702.520086
T8289,2011-05-31,3729.468562
T8289,2011-08-31,3730.929477
T8289,2011-11-30,3679.280932
T8289,2012-02-29,3835.628176
T8289,2012-05-31,3663.334575
T8289,2012-08-31,3592.229513
T8289,2012-11-30,3583.922477
T8289,2013-02-28,3719.024011
T8289,2013-05-31,3973.734876
T8293,2009-08-31,1651.140695
T8293,2009-11-30,1748.073563
T8293,2010-02-28,1636.910113
T8293,2010-05-31,1769.949551
T8293,2010-08-31,1846.118193
T8293,2010-11-30,1795.822825
T8293,2011-02-28,1653.030605
T8293,2011-05-31,1899.968388
T8293,2011-08-31,1909.513079
T8293,2011-11-30,1799.148623
T8293,2012-02-29,1712.733439
T8293,2012-05-31,1989.967121
T8293,2012-08-31,2048.756236
T8293,2012-11-30,1924.149643
T8293,2013-02-28,1813.586488
T8293,2013-05-31,1718.849649
T8325,2009-08-31,4992.15539
T8325,2009-11-30,5028.4547
T8325,2010-02-28,5792.73765
T8325,2010-05-31,5173.58975
T8325,2010-08-31,5059.27477
T8325,2010-11-30,4482.31163
T8325,2011-02-28,5431.6473
T8325,2011-05-31,4402.86884
T8325,2011-08-31,5317.15958
T8325,2011-11-30,4934.38036
T8325,2012-02-29,4707.85288
T8325,2012-05-31,4898.64508
T8325,2012-08-31,5025.12215
T8325,2012-11-30,4986.06284
T8325,2013-02-28,6048.88461
T8325,2013-05-31,5369.25104
T8339,2009-08-31,2513.89956
T8339,2009-11-30,3199.05702
T8339,2010-02-28,2479.42644
T8339,2010-05-31,2149.86089
T8339,2010-08-31,2231.16468
T8339,2010-11-30,2582.04086
T8339,2011-02-28,2582.04902
T8339,2011-05-31,1967.1359
T8339,2011-08-31,1904.5296
T8339,2011-11-30,3022.75307
T8339,2012-02-29,2011.18237
T8339,2012-05-31,2083.11929
T8339,2012-08-31,2278.82294
T8339,2012-11-30,2748.34595
T8339,2013-02-28,2360.87306
T8339,2013-05-31,1888.94724
T8632,2009-08-31,1221.41865
T8632,2009-11-30,1264.51164
T8632,2010-02-28,1143.45957
T8632,2010-05-31,1432.60958
T8632,2010-08-31,1257.52154
T8632,2010-11-30,1385.60246
T8632,2011-02-28,1402.7501
T8632,2011-05-31,1194.37697
T8632,2011-08-31,1191.82623
T8632,2011-11-30,1330.54224
T8632,2012-02-29,1252.10384
T8632,2012-05-31,1242.79447
T8632,2012-08-31,1197.88896
T8632,2012-11-30,1132.18257
T8632,2013-02-28,1197.01771
T8632,2013-05-31,1348.54239
T8633,2009-08-31,10468.31443
T8633,2009-11-30,11661.72341
T8633,2010-02-28,11718.81664
T8633,2010-05-31,10358.39055
T8633,2010-08-31,11045.07024
T8633,2010-11-30,11318.56225
T8633,2011-02-28,12131.46459
T8633,2011-05-31,12981.34679
T8633,2011-08-31,12643.81621
T8633,2011-11-30,10450.94476
T8633,2012-02-29,10668.90936
T8633,2012-05-31,11322.31763
T8633,2012-08-31,11041.26306
T8633,2012-11-30,11621.47723
T8633,2013-02-28,11628.92416
T8633,2013-05-31,11951.04448
T8640,2009-08-31,3964.50616
T8640,2009-11-30,4697.27629
T8640,2010-02-28,3893.71262
T8640,2010-05-31,3339.05293
T8640,2010-08-31,3882.70628
T8640,2010-11-30,4476.28657
T8640,2011-02-28,4180.93503
T8640,2011-05-31,3413.1312
T8640,2011-08-31,3463.53978
T8640,2011-11-30,5462.44992
T8640,2012-02-29,3425.33981
T8640,2012-05-31,3639.86686
T8640,2012-08-31,4088.45064
T8640,2012-11-30,4910.88651
T8640,2013-02-28,4094.12723
T8640,2013-05-31,3723.47156
