series,month,value
T10897,2012-01-01,5070.0
T10897,2012-02-01,5090.0
T10897,2012-03-01,5200.0
T10897,2012-04-01,5240.0
T10897,2012-05-01,5400.0
T10897,2012-06-01,5470.0
T10897,2012-07-01,5470.0
T10897,2012-08-01,5540.0
T10897,2012-09-01,5570.0
T10897,2012-10-01,5650.0
T10897,2012-11-01,5520.0
T10897,2012-12-01,5370.0
T10897,2013-01-01,5250.0
T10897,2013-02-01,5340.0
T10897,2013-03-01,5380.0
T10897,2013-04-01,5540.0
T10897,2013-05-01,5700.0
T10897,2013-06-01,5740.0
T10897,2013-07-01,5730.0
T10897,2013-08-01,5830.0
T10897,2013-09-01,5880.0
T10897,2013-10-01,5940.0
T10897,2013-11-01,5790.0
T10897,2013-12-01,5690.0
T10897,2014-01-01,5570.0
T10897,2014-02-01,5650.0
T10897,2014-03-01,5720.0
T10897,2014-04-01,5800.0
T10897,2014-05-01,5880.0
T10897,2014-06-01,5950.0
T10897,2014-07-01,5890.0
T10897,2014-08-01,5990.0
T10897,2014-09-01,6030.0
T10897,2014-10-01,6140.0
T10897,2014-11-01,5970.0
T10897,2014-12-01,5880.0
T10897,2015-01-01,5780.0
T10897,2015-02-01,5820.0
T10897,2015-03-01,5880.0
T10897,2015-04-01,5950.0
T10897,2015-05-01,6030.0
T10897,2015-06-01,6080.0
T10897,2015-07-01,6130.0
T10897,2015-08-01,6220.0
T10897,2015-09-01,6250.0
T10897,2015-10-01,6300.0
T10897,2015-11-01,6210.0
T10897,2015-12-01,6110.0
T11042,2012-01-01,2910.4
T11042,2012-02-01,2934.2
T11042,2012-03-01,2953.1
T11042,2012-04-01,2981.3
T11042,2012-05-01,2993.6
T11042,2012-06-01,2994.5
T11042,2012-07-01,2988.7
T11042,2012-08-01,3005.5
T11042,2012-09-01,3014.1
T11042,2012-10-01,3038.7
T11042,2012-11-01,3074.3
T11042,2012-12-01,3091.9
T11042,2013-01-01,2998.5
T11042,2013-02-01,3020.2
T11042,2013-03-01,3030.6
T11042,2013-04-01,3050.7
T11042,2013-05-01,3061.8
T11042,2013-06-01,3058.9
T11042,2013-07-01,3055.6
T11042,2013-08-01,3073.8
T11042,2013-09-01,3085.0
T11042,2013-10-01,3116.3
T11042,2013-11-01,3153.0
T11042,2013-12-01,3167.2
T11042,2014-01-01,3098.3
T11042,2014-02-01,3110.7
T11042,2014-03-01,3119.9
T11042,2014-04-01,3124.8
T11042,2014-05-01,3132.9
T11042,2014-06-01,3127.0
T11042,2014-07-01,3117.0
T11042,2014-08-01,3146.3
T11042,2014-09-01,3155.7
T11042,2014-10-01,3181.1
T11042,2014-11-01,3205.9
T11042,2014-12-01,3218.5
T11042,2015-01-01,3139.5
T11042,2015-02-01,3169.7
T11042,2015-03-01,3181.6
T11042,2015-04-01,3191.2
T11042,2015-05-01,3200.0
T11042,2015-06-01,3191.4
T11042,2015-07-01,3209.6
T11042,2015-08-01,3224.7
T11042,2015-09-01,3236.8
T11042,2015-10-01,3265.4
T11042,2015-11-01,3287.6
T11042,2015-12-01,3306.0
T1106,2012-01-01,2332.0
T1106,2012-02-01,2342.0
T1106,2012-03-01,2366.0
T1106,2012-04-01,2382.0
T1106,2012-05-01,2376.0
T1106,2012-06-01,2347.0
T1106,2012-07-01,2329.0
T1106,2012-08-01,2354.0
T1106,2012-09-01,2378.0
T1106,2012-10-01,2396.0
T1106,2012-11-01,2402.0
T1106,2012-12-01,2406.0
T1106,2013-01-01,2344.0
T1106,2013-02-01,2364.0
T1106,2013-03-01,2375.0
T1106,2013-04-01,2391.0
T1106,2013-05-01,2380.0
T1106,2013-06-01,2353.0
T1106,2013-07-01,2356.0
T1106,2013-08-01,2380.0
T1106,2013-09-01,2392.0
T1106,2013-10-01,2400.0
T1106,2013-11-01,2406.0
T1106,2013-12-01,2406.0
T1106,2014-01-01,2346.0
T1106,2014-02-01,2347.0
T1106,2014-03-01,2375.0
T1106,2014-04-01,2389.0
T1106,2014-05-01,2380.0
T1106,2014-06-01,2391.0
T1106,2014-07-01,2373.0
T1106,2014-08-01,2395.0
T1106,2014-09-01,2413.0
T1106,2014-10-01,2418.0
T1106,2014-11-01,2427.0
T1106,2014-12-01,2428.0
T1106,2015-01-01,2385.0
T1106,2015-02-01,2405.0
T1106,2015-03-01,2416.0
T1106,2015-04-01,2451.0
T1106,2015-05-01,2452.0
T1106,2015-06-01,2458.0
T1106,2015-07-01,2460.0
T1106,2015-08-01,2498.0
T1106,2015-09-01,2494.0
T1106,2015-10-01,2499.0
T1106,2015-11-01,2508.0
T1106,2015-12-01,2518.0
T11187,2012-01-01,2071.0
T11187,2012-02-01,2077.0
T11187,2012-03-01,2114.0
T11187,2012-04-01,2148.0
T11187,2012-05-01,2158.0
T11187,2012-06-01,2171.0
T11187,2012-07-01,2134.0
T11187,2012-08-01,2129.0
T11187,2012-09-01,2145.0
T11187,2012-10-01,2155.0
T11187,2012-11-01,2153.0
T11187,2012-12-01,2148.0
T11187,2013-01-01,2095.0
T11187,2013-02-01,2109.0
T11187,2013-03-01,2124.0
T11187,2013-04-01,2175.0
T11187,2013-05-01,2180.0
T11187,2013-06-01,2184.0
T11187,2013-07-01,2170.0
T11187,2013-08-01,2174.0
T11187,2013-09-01,2188.0
T11187,2013-10-01,2202.0
T11187,2013-11-01,2196.0
T11187,2013-12-01,2206.0
T11187,2014-01-01,2131.0
T11187,2014-02-01,2147.0
T11187,2014-03-01,2164.0
T11187,2014-04-01,2223.0
T11187,2014-05-01,2228.0
T11187,2014-06-01,2232.0
T11187,2014-07-01,2222.0
T11187,2014-08-01,2224.0
T11187,2014-09-01,2223.0
T11187,2014-10-01,2253.0
T11187,2014-11-01,2250.0
T11187,2014-12-01,2252.0
T11187,2015-01-01,2192.0
T11187,2015-02-01,2199.0
T11187,2015-03-01,2212.0
T11187,2015-04-01,2255.0
T11187,2015-05-01,2272.0
T11187,2015-06-01,2274.0
T11187,2015-07-01,2256.0
T11187,2015-08-01,2253.0
T11187,2015-09-01,2255.0
T11187,2015-10-01,2286.0
T11187,2015-11-01,2275.0
T11187,2015-12-01,2260.0
T11230,2012-01-01,1469.0
T11230,2012-02-01,1492.0
T11230,2012-03-01,1520.0
T11230,2012-04-01,1519.0
T11230,2012-05-01,1517.0
T11230,2012-06-01,1517.0
T11230,2012-07-01,1499.0
T11230,2012-08-01,1502.0
T11230,2012-09-01,1502.0
T11230,2012-10-01,1506.0
T11230,2012-11-01,1518.0
T11230,2012-12-01,1514.0
T11230,2013-01-01,1492.0
T11230,2013-02-01,1515.0
T11230,2013-03-01,1539.0
T11230,2013-04-01,1543.0
T11230,2013-05-01,1542.0
T11230,2013-06-01,1537.0
T11230,2013-07-01,1537.0
T11230,2013-08-01,1539.0
T11230,2013-09-01,1542.0
T11230,2013-10-01,1559.0
T11230,2013-11-01,1571.0
T11230,2013-12-01,1569.0
T11230,2014-01-01,1543.0
T11230,2014-02-01,1579.0
T11230,2014-03-01,1591.0
T11230,2014-04-01,1591.0
T11230,2014-05-01,1597.0
T11230,2014-06-01,1585.0
T11230,2014-07-01,1586.0
T11230,2014-08-01,1586.0
T11230,2014-09-01,1587.0
T11230,2014-10-01,1595.0
T11230,2014-11-01,1612.0
T11230,2014-12-01,1613.0
T11230,2015-01-01,1597.0
T11230,2015-02-01,1629.0
T11230,2015-03-01,1644.0
T11230,2015-04-01,1652.0
T11230,2015-05-01,1651.0
T11230,2015-06-01,1642.0
T11230,2015-07-01,1642.0
T11230,2015-08-01,1645.0
T11230,2015-09-01,1646.0
T11230,2015-10-01,1658.0
T11230,2015-11-01,1674.0
T11230,2015-12-01,1683.0
T11398,2012-01-01,3170.0
T11398,2012-02-01,3190.0
T11398,2012-03-01,3200.0
T11398,2012-04-01,3240.0
T11398,2012-05-01,3260.0
T11398,2012-06-01,3250.0
T11398,2012-07-01,3220.0
T11398,2012-08-01,3230.0
T11398,2012-09-01,3250.0
T11398,2012-10-01,3230.0
T11398,2012-11-01,3250.0
T11398,2012-12-01,3240.0
T11398,2013-01-01,3180.0
T11398,2013-02-01,3220.0
T11398,2013-03-01,3210.0
T11398,2013-04-01,3260.0
T11398,2013-05-01,3280.0
T11398,2013-06-01,3270.0
T11398,2013-07-01,3250.0
T11398,2013-08-01,3300.0
T11398,2013-09-01,3290.0
T11398,2013-10-01,3320.0
T11398,2013-11-01,3330.0
T11398,2013-12-01,3360.0
T11398,2014-01-01,3340.0
T11398,2014-02-01,3340.0
T11398,2014-03-01,3370.0
T11398,2014-04-01,3400.0
T11398,2014-05-01,3390.0
T11398,2014-06-01,3370.0
T11398,2014-07-01,3350.0
T11398,2014-08-01,3370.0
T11398,2014-09-01,3400.0
T11398,2014-10-01,3420.0
T11398,2014-11-01,3440.0
T11398,2014-12-01,3450.0
T11398,2015-01-01,3390.0
T11398,2015-02-01,3390.0
T11398,2015-03-01,3410.0
T11398,2015-04-01,3440.0
T11398,2015-05-01,3440.0
T11398,2015-06-01,3450.0
T11398,2015-07-01,3410.0
T11398,2015-08-01,3430.0
T11398,2015-09-01,3430.0
T11398,2015-10-01,3460.0
T11398,2015-11-01,3480.0
T11398,2015-12-01,3490.0
T11483,2012-01-01,2290.0
T11483,2012-02-01,2290.0
T11483,2012-03-01,2330.0
T11483,2012-04-01,2350.0
T11483,2012-05-01,2360.0
T11483,2012-06-01,2380.0
T11483,2012-07-01,2330.0
T11483,2012-08-01,2340.0
T11483,2012-09-01,2340.0
T11483,2012-10-01,2290.0
T11483,2012-11-01,2300.0
T11483,2012-12-01,2280.0
T11483,2013-01-01,2210.0
T11483,2013-02-01,2230.0
T11483,2013-03-01,2250.0
T11483,2013-04-01,2270.0
T11483,2013-05-01,2250.0
T11483,2013-06-01,2260.0
T11483,2013-07-01,2250.0
T11483,2013-08-01,2260.0
T11483,2013-09-01,2250.0
T11483,2013-10-01,2280.0
T11483,2013-11-01,2270.0
T11483,2013-12-01,2210.0
T11483,2014-01-01,2180.0
T11483,2014-02-01,2210.0
T11483,2014-03-01,2240.0
T11483,2014-04-01,2260.0
T11483,2014-05-01,2270.0
T11483,2014-06-01,2290.0
T11483,2014-07-01,2270.0
T11483,2014-08-01,2310.0
T11483,2014-09-01,2310.0
T11483,2014-10-01,2320.0
T11483,2014-11-01,2330.0
T11483,2014-12-01,2350.0
T11483,2015-01-01,2310.0
T11483,2015-02-01,2300.0
T11483,2015-03-01,2330.0
T11483,2015-04-01,2330.0
T11483,2015-05-01,2340.0
T11483,2015-06-01,2330.0
T11483,2015-07-01,2320.0
T11483,2015-08-01,2320.0
T11483,2015-09-01,2330.0
T11483,2015-10-01,2320.0
T11483,2015-11-01,2330.0
T11483,2015-12-01,2310.0
T11564,2012-01-01,5030.0
T11564,2012-02-01,5090.0
T11564,2012-03-01,5160.0
T11564,2012-04-01,5160.0
T11564,2012-05-01,5210.0
T11564,2012-06-01,5200.0
T11564,2012-07-01,5110.0
T11564,2012-08-01,5140.0
T11564,2012-09-01,5210.0
T11564,2012-10-01,5190.0
T11564,2012-11-01,5200.0
T11564,2012-12-01,5170.0
T11564,2013-01-01,5020.0
T11564,2013-02-01,5030.0
T11564,2013-03-01,5000.0
T11564,2013-04-01,5090.0
T11564,2013-05-01,5090.0
T11564,2013-06-01,5130.0
T11564,2013-07-01,5040.0
T11564,2013-08-01,5130.0
T11564,2013-09-01,5190.0
T11564,2013-10-01,5190.0
T11564,2013-11-01,5220.0
T11564,2013-12-01,5150.0
T11564,2014-01-01,4970.0
T11564,2014-02-01,4960.0
T11564,2014-03-01,5050.0
T11564,2014-04-01,5150.0
T11564,2014-05-01,5150.0
T11564,2014-06-01,5160.0
T11564,2014-07-01,5090.0
T11564,2014-08-01,5120.0
T11564,2014-09-01,5200.0
T11564,2014-10-01,5210.0
T11564,2014-11-01,5250.0
T11564,2014-12-01,5210.0
T11564,2015-01-01,5080.0
T11564,2015-02-01,5050.0
T11564,2015-03-01,5050.0
T11564,2015-04-01,5050.0
T11564,2015-05-01,5120.0
T11564,2015-06-01,5130.0
T11564,2015-07-01,5070.0
T11564,2015-08-01,5130.0
T11564,2015-09-01,5150.0
T11564,2015-10-01,5180.0
T11564,2015-11-01,5240.0
T11564,2015-12-01,5180.0
T11673,2012-01-01,2160.0
T11673,2012-02-01,2190.0
T11673,2012-03-01,2190.0
T11673,2012-04-01,2230.0
T11673,2012-05-01,2190.0
T11673,2012-06-01,2200.0
T11673,2012-07-01,2220.0
T11673,2012-08-01,2220.0
T11673,2012-09-01,2270.0
T11673,2012-10-01,2280.0
T11673,2012-11-01,2300.0
T11673,2012-12-01,2270.0
T11673,2013-01-01,2180.0
T11673,2013-02-01,2270.0
T11673,2013-03-01,2290.0
T11673,2013-04-01,2330.0
T11673,2013-05-01,2320.0
T11673,2013-06-01,2300.0
T11673,2013-07-01,2300.0
T11673,2013-08-01,2320.0
T11673,2013-09-01,2340.0
T11673,2013-10-01,2360.0
T11673,2013-11-01,2380.0
T11673,2013-12-01,2350.0
T11673,2014-01-01,2240.0
T11673,2014-02-01,2310.0
T11673,2014-03-01,2320.0
T11673,2014-04-01,2360.0
T11673,2014-05-01,2350.0
T11673,2014-06-01,2330.0
T11673,2014-07-01,2320.0
T11673,2014-08-01,2340.0
T11673,2014-09-01,2400.0
T11673,2014-10-01,2420.0
T11673,2014-11-01,2430.0
T11673,2014-12-01,2400.0
T11673,2015-01-01,2340.0
T11673,2015-02-01,2380.0
T11673,2015-03-01,2380.0
T11673,2015-04-01,2440.0
T11673,2015-05-01,2430.0
T11673,2015-06-01,2420.0
T11673,2015-07-01,2430.0
T11673,2015-08-01,2450.0
T11673,2015-09-01,2510.0
T11673,2015-10-01,2530.0
T11673,2015-11-01,2530.0
T11673,2015-12-01,2490.0
T11687,2012-01-01,4190.0
T11687,2012-02-01,4220.0
T11687,2012-03-01,4250.0
T11687,2012-04-01,4270.0
T11687,2012-05-01,4310.0
T11687,2012-06-01,4200.0
T11687,2012-07-01,4170.0
T11687,2012-08-01,4200.0
T11687,2012-09-01,4260.0
T11687,2012-10-01,4320.0
T11687,2012-11-01,4380.0
T11687,2012-12-01,4370.0
T11687,2013-01-01,4270.0
T11687,2013-02-01,4270.0
T11687,2013-03-01,4310.0
T11687,2013-04-01,4270.0
T11687,2013-05-01,4310.0
T11687,2013-06-01,4200.0
T11687,2013-07-01,4190.0
T11687,2013-08-01,4170.0
T11687,2013-09-01,4210.0
T11687,2013-10-01,4260.0
T11687,2013-11-01,4310.0
T11687,2013-12-01,4330.0
T11687,2014-01-01,4210.0
T11687,2014-02-01,4190.0
T11687,2014-03-01,4210.0
T11687,2014-04-01,4270.0
T11687,2014-05-01,4300.0
T11687,2014-06-01,4230.0
T11687,2014-07-01,4200.0
T11687,2014-08-01,4210.0
T11687,2014-09-01,4270.0
T11687,2014-10-01,4320.0
T11687,2014-11-01,4390.0
T11687,2014-12-01,4420.0
T11687,2015-01-01,4240.0
T11687,2015-02-01,4230.0
T11687,2015-03-01,4300.0
T11687,2015-04-01,4340.0
T11687,2015-05-01,4380.0
T11687,2015-06-01,4320.0
T11687,2015-07-01,4270.0
T11687,2015-08-01,4250.0
T11687,2015-09-01,4360.0
T11687,2015-10-01,4440.0
T11687,2015-11-01,4470.0
T11687,2015-12-01,4480.0
T11922,2012-01-01,6900.0
T11922,2012-02-01,6880.0
T11922,2012-03-01,6940.0
T11922,2012-04-01,7000.0
T11922,2012-05-01,7090.0
T11922,2012-06-01,7200.0
T11922,2012-07-01,7170.0
T11922,2012-08-01,7160.0
T11922,2012-09-01,7110.0
T11922,2012-10-01,7130.0
T11922,2012-11-01,7170.0
T11922,2012-12-01,7200.0
T11922,2013-01-01,6950.0
T11922,2013-02-01,6930.0
T11922,2013-03-01,7010.0
T11922,2013-04-01,7120.0
T11922,2013-05-01,7220.0
T11922,2013-06-01,7290.0
T11922,2013-07-01,7210.0
T11922,2013-08-01,7240.0
T11922,2013-09-01,7170.0
T11922,2013-10-01,7200.0
T11922,2013-11-01,7250.0
T11922,2013-12-01,7290.0
T11922,2014-01-01,7010.0
T11922,2014-02-01,7020.0
T11922,2014-03-01,7050.0
T11922,2014-04-01,7120.0
T11922,2014-05-01,7190.0
T11922,2014-06-01,7270.0
T11922,2014-07-01,7260.0
T11922,2014-08-01,7200.0
T11922,2014-09-01,7220.0
T11922,2014-10-01,7290.0
T11922,2014-11-01,7300.0
T11922,2014-12-01,7360.0
T11922,2015-01-01,7120.0
T11922,2015-02-01,7050.0
T11922,2015-03-01,7120.0
T11922,2015-04-01,7180.0
T11922,2015-05-01,7290.0
T11922,2015-06-01,7340.0
T11922,2015-07-01,7340.0
T11922,2015-08-01,7300.0
T11922,2015-09-01,7230.0
T11922,2015-10-01,7340.0
T11922,2015-11-01,7270.0
T11922,2015-12-01,7330.0
T12047,2012-01-01,982.9
T12047,2012-02-01,985.2
T12047,2012-03-01,995.2
T12047,2012-04-01,1000.9
T12047,2012-05-01,1019.6
T12047,2012-06-01,1027.3
T12047,2012-07-01,1022.3
T12047,2012-08-01,1029.8
T12047,2012-09-01,1024.6
T12047,2012-10-01,1032.4
T12047,2012-11-01,1036.5
T12047,2012-12-01,1036.7
T12047,2013-01-01,1017.4
T12047,2013-02-01,1021.2
T12047,2013-03-01,1029.3
T12047,2013-04-01,1034.5
T12047,2013-05-01,1057.9
T12047,2013-06-01,1066.1
T12047,2013-07-01,1052.2
T12047,2013-08-01,1062.8
T12047,2013-09-01,1058.8
T12047,2013-10-01,1065.5
T12047,2013-11-01,1068.8
T12047,2013-12-01,1068.5
T12047,2014-01-01,1040.8
T12047,2014-02-01,1046.5
T12047,2014-03-01,1051.0
T12047,2014-04-01,1056.0
T12047,2014-05-01,1081.2
T12047,2014-06-01,1092.3
T12047,2014-07-01,1083.7
T12047,2014-08-01,1091.1
T12047,2014-09-01,1081.3
T12047,2014-10-01,1089.0
T12047,2014-11-01,1092.7
T12047,2014-12-01,1094.7
T12047,2015-01-01,1072.9
T12047,2015-02-01,1072.7
T12047,2015-03-01,1076.7
T12047,2015-04-01,1087.4
T12047,2015-05-01,1111.9
T12047,2015-06-01,1121.5
T12047,2015-07-01,1111.9
T12047,2015-08-01,1117.0
T12047,2015-09-01,1111.7
T12047,2015-10-01,1118.4
T12047,2015-11-01,1118.1
T12047,2015-12-01,1120.5
T12183,2012-01-01,2893.0
T12183,2012-02-01,2899.0
T12183,2012-03-01,2921.0
T12183,2012-04-01,2957.0
T12183,2012-05-01,3007.0
T12183,2012-06-01,3074.0
T12183,2012-07-01,3093.0
T12183,2012-08-01,3111.0
T12183,2012-09-01,3063.0
T12183,2012-10-01,3026.0
T12183,2012-11-01,3003.0
T12183,2012-12-01,3025.0
T12183,2013-01-01,2956.0
T12183,2013-02-01,2971.0
T12183,2013-03-01,2991.0
T12183,2013-04-01,3027.0
T12183,2013-05-01,3067.0
T12183,2013-06-01,3131.0
T12183,2013-07-01,3158.0
T12183,2013-08-01,3171.0
T12183,2013-09-01,3120.0
T12183,2013-10-01,3085.0
T12183,2013-11-01,3061.0
T12183,2013-12-01,3094.0
T12183,2014-01-01,3016.0
T12183,2014-02-01,3022.0
T12183,2014-03-01,3024.0
T12183,2014-04-01,3067.0
T12183,2014-05-01,3106.0
T12183,2014-06-01,3163.0
T12183,2014-07-01,3191.0
T12183,2014-08-01,3204.0
T12183,2014-09-01,3148.0
T12183,2014-10-01,3096.0
T12183,2014-11-01,3073.0
T12183,2014-12-01,3107.0
T12183,2015-01-01,3065.0
T12183,2015-02-01,3078.0
T12183,2015-03-01,3100.0
T12183,2015-04-01,3137.0
T12183,2015-05-01,3170.0
T12183,2015-06-01,3235.0
T12183,2015-07-01,3260.0
T12183,2015-08-01,3266.0
T12183,2015-09-01,3216.0
T12183,2015-10-01,3170.0
T12183,2015-11-01,3143.0
T12183,2015-12-01,3152.0
T12205,2012-01-01,9650.0
T12205,2012-02-01,9480.0
T12205,2012-03-01,9550.0
T12205,2012-04-01,9600.0
T12205,2012-05-01,9640.0
T12205,2012-06-01,9680.0
T12205,2012-07-01,9650.0
T12205,2012-08-01,9670.0
T12205,2012-09-01,9720.0
T12205,2012-10-01,9810.0
T12205,2012-11-01,10360.0
T12205,2012-12-01,10300.0
T12205,2013-01-01,9800.0
T12205,2013-02-01,9630.0
T12205,2013-03-01,9640.0
T12205,2013-04-01,9670.0
T12205,2013-05-01,9790.0
T12205,2013-06-01,9840.0
T12205,2013-07-01,9890.0
T12205,2013-08-01,9940.0
T12205,2013-09-01,9970.0
T12205,2013-10-01,10100.0
T12205,2013-11-01,10580.0
T12205,2013-12-01,10680.0
T12205,2014-01-01,10120.0
T12205,2014-02-01,9980.0
T12205,2014-03-01,10020.0
T12205,2014-04-01,10050.0
T12205,2014-05-01,10110.0
T12205,2014-06-01,10150.0
T12205,2014-07-01,10160.0
T12205,2014-08-01,10250.0
T12205,2014-09-01,10300.0
T12205,2014-10-01,10540.0
T12205,2014-11-01,11000.0
T12205,2014-12-01,11090.0
T12205,2015-01-01,10520.0
T12205,2015-02-01,10400.0
T12205,2015-03-01,10470.0
T12205,2015-04-01,10550.0
T12205,2015-05-01,10590.0
T12205,2015-06-01,10610.0
T12205,2015-07-01,10590.0
T12205,2015-08-01,10650.0
T12205,2015-09-01,10630.0
T12205,2015-10-01,10870.0
T12205,2015-11-01,11130.0
T12205,2015-12-01,11250.0
T12302,2012-01-01,1890.0
T12302,2012-02-01,1880.0
T12302,2012-03-01,1870.0
T12302,2012-04-01,1930.0
T12302,2012-05-01,1970.0
T12302,2012-06-01,2010.0
T12302,2012-07-01,1950.0
T12302,2012-08-01,1940.0
T12302,2012-09-01,1950.0
T12302,2012-10-01,1980.0
T12302,2012-11-01,1990.0
T12302,2012-12-01,2020.0
T12302,2013-01-01,2010.0
T12302,2013-02-01,2030.0
T12302,2013-03-01,2040.0
T12302,2013-04-01,2030.0
T12302,2013-05-01,2050.0
T12302,2013-06-01,2100.0
T12302,2013-07-01,2090.0
T12302,2013-08-01,2080.0
T12302,2013-09-01,2090.0
T12302,2013-10-01,2120.0
T12302,2013-11-01,2140.0
T12302,2013-12-01,2160.0
T12302,2014-01-01,2120.0
T12302,2014-02-01,2130.0
T12302,2014-03-01,2130.0
T12302,2014-04-01,2130.0
T12302,2014-05-01,2150.0
T12302,2014-06-01,2170.0
T12302,2014-07-01,2150.0
T12302,2014-08-01,2140.0
T12302,2014-09-01,2160.0
T12302,2014-10-01,2190.0
T12302,2014-11-01,2210.0
T12302,2014-12-01,2220.0
T12302,2015-01-01,2220.0
T12302,2015-02-01,2210.0
T12302,2015-03-01,2200.0
T12302,2015-04-01,2170.0
T12302,2015-05-01,2210.0
T12302,2015-06-01,2250.0
T12302,2015-07-01,2260.0
T12302,2015-08-01,2270.0
T12302,2015-09-01,2250.0
T12302,2015-10-01,2250.0
T12302,2015-11-01,2270.0
T12302,2015-12-01,2210.0
T12362,2012-01-01,1190.0
T12362,2012-02-01,1170.0
T12362,2012-03-01,1180.0
T12362,2012-04-01,1180.0
T12362,2012-05-01,1200.0
T12362,2012-06-01,1210.0
T12362,2012-07-01,1160.0
T12362,2012-08-01,1160.0
T12362,2012-09-01,1190.0
T12362,2012-10-01,1220.0
T12362,2012-11-01,1220.0
T12362,2012-12-01,1240.0
T12362,2013-01-01,1170.0
T12362,2013-02-01,1160.0
T12362,2013-03-01,1160.0
T12362,2013-04-01,1160.0
T12362,2013-05-01,1180.0
T12362,2013-06-01,1190.0
T12362,2013-07-01,1170.0
T12362,2013-08-01,1180.0
T12362,2013-09-01,1230.0
T12362,2013-10-01,1250.0
T12362,2013-11-01,1260.0
T12362,2013-12-01,1260.0
T12362,2014-01-01,1210.0
T12362,2014-02-01,1200.0
T12362,2014-03-01,1200.0
T12362,2014-04-01,1200.0
T12362,2014-05-01,1220.0
T12362,2014-06-01,1240.0
T12362,2014-07-01,1200.0
T12362,2014-08-01,1200.0
T12362,2014-09-01,1230.0
T12362,2014-10-01,1250.0
T12362,2014-11-01,1260.0
T12362,2014-12-01,1280.0
T12362,2015-01-01,1230.0
T12362,2015-02-01,1220.0
T12362,2015-03-01,1220.0
T12362,2015-04-01,1220.0
T12362,2015-05-01,1240.0
T12362,2015-06-01,1250.0
T12362,2015-07-01,1220.0
T12362,2015-08-01,1230.0
T12362,2015-09-01,1240.0
T12362,2015-10-01,1260.0
T12362,2015-11-01,1280.0
T12362,2015-12-01,1300.0
T12403,2012-01-01,3360.0
T12403,2012-02-01,3350.0
T12403,2012-03-01,3370.0
T12403,2012-04-01,3370.0
T12403,2012-05-01,3370.0
T12403,2012-06-01,3390.0
T12403,2012-07-01,3380.0
T12403,2012-08-01,3370.0
T12403,2012-09-01,3350.0
T12403,2012-10-01,3390.0
T12403,2012-11-01,3370.0
T12403,2012-12-01,3400.0
T12403,2013-01-01,3350.0
T12403,2013-02-01,3350.0
T12403,2013-03-01,3370.0
T12403,2013-04-01,3400.0
T12403,2013-05-01,3420.0
T12403,2013-06-01,3450.0
T12403,2013-07-01,3460.0
T12403,2013-08-01,3450.0
T12403,2013-09-01,3450.0
T12403,2013-10-01,3440.0
T12403,2013-11-01,3440.0
T12403,2013-12-01,3470.0
T12403,2014-01-01,3460.0
T12403,2014-02-01,3460.0
T12403,2014-03-01,3470.0
T12403,2014-04-01,3490.0
T12403,2014-05-01,3500.0
T12403,2014-06-01,3520.0
T12403,2014-07-01,3530.0
T12403,2014-08-01,3530.0
T12403,2014-09-01,3490.0
T12403,2014-10-01,3510.0
T12403,2014-11-01,3510.0
T12403,2014-12-01,3520.0
T12403,2015-01-01,3510.0
T12403,2015-02-01,3480.0
T12403,2015-03-01,3500.0
T12403,2015-04-01,3490.0
T12403,2015-05-01,3500.0
T12403,2015-06-01,3520.0
T12403,2015-07-01,3530.0
T12403,2015-08-01,3520.0
T12403,2015-09-01,3480.0
T12403,2015-10-01,3440.0
T12403,2015-11-01,3510.0
T12403,2015-12-01,3450.0
T12456,2012-01-01,8361.0
T12456,2012-02-01,8400.0
T12456,2012-03-01,8498.0
T12456,2012-04-01,8525.0
T12456,2012-05-01,8611.0
T12456,2012-06-01,8658.0
T12456,2012-07-01,8643.0
T12456,2012-08-01,8657.0
T12456,2012-09-01,8649.0
T12456,2012-10-01,8689.0
T12456,2012-11-01,8738.0
T12456,2012-12-01,8755.0
T12456,2013-01-01,8563.0
T12456,2013-02-01,8622.0
T12456,2013-03-01,8692.0
T12456,2013-04-01,8745.0
T12456,2013-05-01,8812.0
T12456,2013-06-01,8874.0
T12456,2013-07-01,8869.0
T12456,2013-08-01,8903.0
T12456,2013-09-01,8885.0
T12456,2013-10-01,8943.0
T12456,2013-11-01,9006.0
T12456,2013-12-01,9046.0
T12456,2014-01-01,8899.0
T12456,2014-02-01,8885.0
T12456,2014-03-01,9013.0
T12456,2014-04-01,9088.0
T12456,2014-05-01,9179.0
T12456,2014-06-01,9239.0
T12456,2014-07-01,9238.0
T12456,2014-08-01,9268.0
T12456,2014-09-01,9266.0
T12456,2014-10-01,9346.0
T12456,2014-11-01,9394.0
T12456,2014-12-01,9451.0
T12456,2015-01-01,9278.0
T12456,2015-02-01,9338.0
T12456,2015-03-01,9390.0
T12456,2015-04-01,9449.0
T12456,2015-05-01,9571.0
T12456,2015-06-01,9642.0
T12456,2015-07-01,9656.0
T12456,2015-08-01,9659.0
T12456,2015-09-01,9646.0
T12456,2015-10-01,9698.0
T12456,2015-11-01,9747.0
T12456,2015-12-01,9775.0
T12501,2012-01-01,5880.0
T12501,2012-02-01,5790.0
T12501,2012-03-01,5840.0
T12501,2012-04-01,5830.0
T12501,2012-05-01,5890.0
T12501,2012-06-01,5900.0
T12501,2012-07-01,5890.0
T12501,2012-08-01,5870.0
T12501,2012-09-01,5870.0
T12501,2012-10-01,5950.0
T12501,2012-11-01,6200.0
T12501,2012-12-01,6240.0
T12501,2013-01-01,5920.0
T12501,2013-02-01,5880.0
T12501,2013-03-01,5940.0
T12501,2013-04-01,5950.0
T12501,2013-05-01,6010.0
T12501,2013-06-01,6040.0
T12501,2013-07-01,6050.0
T12501,2013-08-01,6090.0
T12501,2013-09-01,6080.0
T12501,2013-10-01,6190.0
T12501,2013-11-01,6430.0
T12501,2013-12-01,6520.0
T12501,2014-01-01,6190.0
T12501,2014-02-01,6150.0
T12501,2014-03-01,6210.0
T12501,2014-04-01,6280.0
T12501,2014-05-01,6320.0
T12501,2014-06-01,6360.0
T12501,2014-07-01,6360.0
T12501,2014-08-01,6380.0
T12501,2014-09-01,6350.0
T12501,2014-10-01,6480.0
T12501,2014-11-01,6740.0
T12501,2014-12-01,6840.0
T12501,2015-01-01,6500.0
T12501,2015-02-01,6470.0
T12501,2015-03-01,6530.0
T12501,2015-04-01,6620.0
T12501,2015-05-01,6670.0
T12501,2015-06-01,6710.0
T12501,2015-07-01,6710.0
T12501,2015-08-01,6730.0
T12501,2015-09-01,6710.0
T12501,2015-10-01,6750.0
T12501,2015-11-01,7020.0
T12501,2015-12-01,7080.0
T12533,2012-01-01,2000.0
T12533,2012-02-01,1960.0
T12533,2012-03-01,1990.0
T12533,2012-04-01,2000.0
T12533,2012-05-01,2010.0
T12533,2012-06-01,2020.0
T12533,2012-07-01,2000.0
T12533,2012-08-01,2000.0
T12533,2012-09-01,1990.0
T12533,2012-10-01,2020.0
T12533,2012-11-01,2110.0
T12533,2012-12-01,2120.0
T12533,2013-01-01,2000.0
T12533,2013-02-01,1960.0
T12533,2013-03-01,1960.0
T12533,2013-04-01,1980.0
T12533,2013-05-01,2010.0
T12533,2013-06-01,2020.0
T12533,2013-07-01,2000.0
T12533,2013-08-01,1990.0
T12533,2013-09-01,1970.0
T12533,2013-10-01,2000.0
T12533,2013-11-01,2080.0
T12533,2013-12-01,2120.0
T12533,2014-01-01,1980.0
T12533,2014-02-01,1960.0
T12533,2014-03-01,1970.0
T12533,2014-04-01,2000.0
T12533,2014-05-01,2010.0
T12533,2014-06-01,2020.0
T12533,2014-07-01,2010.0
T12533,2014-08-01,2000.0
T12533,2014-09-01,1990.0
T12533,2014-10-01,2050.0
T12533,2014-11-01,2120.0
T12533,2014-12-01,2130.0
T12533,2015-01-01,2000.0
T12533,2015-02-01,1980.0
T12533,2015-03-01,1990.0
T12533,2015-04-01,2020.0
T12533,2015-05-01,2050.0
T12533,2015-06-01,2060.0
T12533,2015-07-01,2040.0
T12533,2015-08-01,2030.0
T12533,2015-09-01,2010.0
T12533,2015-10-01,2060.0
T12533,2015-11-01,2120.0
T12533,2015-12-01,2150.0
T12751,2012-01-01,1981.0
T12751,2012-02-01,2008.0
T12751,2012-03-01,2032.0
T12751,2012-04-01,2067.0
T12751,2012-05-01,2079.0
T12751,2012-06-01,2087.0
T12751,2012-07-01,2069.0
T12751,2012-08-01,2078.0
T12751,2012-09-01,2061.0
T12751,2012-10-01,2070.0
T12751,2012-11-01,2083.0
T12751,2012-12-01,2085.0
T12751,2013-01-01,2031.0
T12751,2013-02-01,2047.0
T12751,2013-03-01,2068.0
T12751,2013-04-01,2094.0
T12751,2013-05-01,2111.0
T12751,2013-06-01,2126.0
T12751,2013-07-01,2123.0
T12751,2013-08-01,2132.0
T12751,2013-09-01,2112.0
T12751,2013-10-01,2135.0
T12751,2013-11-01,2145.0
T12751,2013-12-01,2146.0
T12751,2014-01-01,2095.0
T12751,2014-02-01,2114.0
T12751,2014-03-01,2140.0
T12751,2014-04-01,2183.0
T12751,2014-05-01,2207.0
T12751,2014-06-01,2218.0
T12751,2014-07-01,2206.0
T12751,2014-08-01,2209.0
T12751,2014-09-01,2194.0
T12751,2014-10-01,2207.0
T12751,2014-11-01,2222.0
T12751,2014-12-01,2223.0
T12751,2015-01-01,2176.0
T12751,2015-02-01,2190.0
T12751,2015-03-01,2223.0
T12751,2015-04-01,2256.0
T12751,2015-05-01,2284.0
T12751,2015-06-01,2290.0
T12751,2015-07-01,2292.0
T12751,2015-08-01,2299.0
T12751,2015-09-01,2273.0
T12751,2015-10-01,2279.0
T12751,2015-11-01,2300.0
T12751,2015-12-01,2288.0
T12787,2012-01-01,5020.0
T12787,2012-02-01,5050.0
T12787,2012-03-01,5130.0
T12787,2012-04-01,5120.0
T12787,2012-05-01,5160.0
T12787,2012-06-01,5130.0
T12787,2012-07-01,5090.0
T12787,2012-08-01,5110.0
T12787,2012-09-01,5120.0
T12787,2012-10-01,5100.0
T12787,2012-11-01,5120.0
T12787,2012-12-01,5130.0
T12787,2013-01-01,4990.0
T12787,2013-02-01,5020.0
T12787,2013-03-01,5050.0
T12787,2013-04-01,5090.0
T12787,2013-05-01,5090.0
T12787,2013-06-01,5090.0
T12787,2013-07-01,5060.0
T12787,2013-08-01,5100.0
T12787,2013-09-01,5100.0
T12787,2013-10-01,5100.0
T12787,2013-11-01,5130.0
T12787,2013-12-01,5140.0
T12787,2014-01-01,5000.0
T12787,2014-02-01,5040.0
T12787,2014-03-01,5100.0
T12787,2014-04-01,5150.0
T12787,2014-05-01,5130.0
T12787,2014-06-01,5170.0
T12787,2014-07-01,5200.0
T12787,2014-08-01,5210.0
T12787,2014-09-01,5180.0
T12787,2014-10-01,5140.0
T12787,2014-11-01,5230.0
T12787,2014-12-01,5220.0
T12787,2015-01-01,5090.0
T12787,2015-02-01,5120.0
T12787,2015-03-01,5140.0
T12787,2015-04-01,5230.0
T12787,2015-05-01,5220.0
T12787,2015-06-01,5240.0
T12787,2015-07-01,5290.0
T12787,2015-08-01,5290.0
T12787,2015-09-01,5300.0
T12787,2015-10-01,5280.0
T12787,2015-11-01,5310.0
T12787,2015-12-01,5290.0
T13117,2012-01-01,1098.0
T13117,2012-02-01,1087.0
T13117,2012-03-01,1095.0
T13117,2012-04-01,1101.0
T13117,2012-05-01,1112.0
T13117,2012-06-01,1112.0
T13117,2012-07-01,1103.0
T13117,2012-08-01,1107.0
T13117,2012-09-01,1110.0
T13117,2012-10-01,1139.0
T13117,2012-11-01,1172.0
T13117,2012-12-01,1208.0
T13117,2013-01-01,1140.0
T13117,2013-02-01,1125.0
T13117,2013-03-01,1126.0
T13117,2013-04-01,1135.0
T13117,2013-05-01,1147.0
T13117,2013-06-01,1151.0
T13117,2013-07-01,1157.0
T13117,2013-08-01,1164.0
T13117,2013-09-01,1163.0
T13117,2013-10-01,1181.0
T13117,2013-11-01,1252.0
T13117,2013-12-01,1263.0
T13117,2014-01-01,1190.0
T13117,2014-02-01,1164.0
T13117,2014-03-01,1168.0
T13117,2014-04-01,1176.0
T13117,2014-05-01,1192.0
T13117,2014-06-01,1193.0
T13117,2014-07-01,1190.0
T13117,2014-08-01,1192.0
T13117,2014-09-01,1182.0
T13117,2014-10-01,1196.0
T13117,2014-11-01,1258.0
T13117,2014-12-01,1270.0
T13117,2015-01-01,1201.0
T13117,2015-02-01,1175.0
T13117,2015-03-01,1169.0
T13117,2015-04-01,1177.0
T13117,2015-05-01,1190.0
T13117,2015-06-01,1204.0
T13117,2015-07-01,1217.0
T13117,2015-08-01,1213.0
T13117,2015-09-01,1221.0
T13117,2015-10-01,1251.0
T13117,2015-11-01,1306.0
T13117,2015-12-01,1320.0
T1336,2012-01-01,8890.0
T1336,2012-02-01,9050.0
T1336,2012-03-01,9140.0
T1336,2012-04-01,9240.0
T1336,2012-05-01,9280.0
T1336,2012-06-01,9170.0
T1336,2012-07-01,8970.0
T1336,2012-08-01,8990.0
T1336,2012-09-01,9280.0
T1336,2012-10-01,9350.0
T1336,2012-11-01,9340.0
T1336,2012-12-01,9290.0
T1336,2013-01-01,8880.0
T1336,2013-02-01,9110.0
T1336,2013-03-01,9190.0
T1336,2013-04-01,9250.0
T1336,2013-05-01,9340.0
T1336,2013-06-01,9160.0
T1336,2013-07-01,9040.0
T1336,2013-08-01,9110.0
T1336,2013-09-01,9280.0
T1336,2013-10-01,9370.0
T1336,2013-11-01,9410.0
T1336,2013-12-01,9360.0
T1336,2014-01-01,8990.0
T1336,2014-02-01,9170.0
T1336,2014-03-01,9220.0
T1336,2014-04-01,9340.0
T1336,2014-05-01,9380.0
T1336,2014-06-01,9200.0
T1336,2014-07-01,9070.0
T1336,2014-08-01,9070.0
T1336,2014-09-01,9320.0
T1336,2014-10-01,9420.0
T1336,2014-11-01,9380.0
T1336,2014-12-01,9320.0
T1336,2015-01-01,9000.0
T1336,2015-02-01,9110.0
T1336,2015-03-01,9150.0
T1336,2015-04-01,9200.0
T1336,2015-05-01,9230.0
T1336,2015-06-01,9060.0
T1336,2015-07-01,8930.0
T1336,2015-08-01,8950.0
T1336,2015-09-01,9130.0
T1336,2015-10-01,9240.0
T1336,2015-11-01,9250.0
T1336,2015-12-01,9170.0
T13400,2012-01-01,5300.0
T13400,2012-02-01,5200.0
T13400,2012-03-01,5200.0
T13400,2012-04-01,5150.0
T13400,2012-05-01,5270.0
T13400,2012-06-01,5380.0
T13400,2012-07-01,5390.0
T13400,2012-08-01,5450.0
T13400,2012-09-01,5300.0
T13400,2012-10-01,5320.0
T13400,2012-11-01,5390.0
T13400,2012-12-01,5420.0
T13400,2013-01-01,5370.0
T13400,2013-02-01,5280.0
T13400,2013-03-01,5290.0
T13400,2013-04-01,5350.0
T13400,2013-05-01,5490.0
T13400,2013-06-01,5590.0
T13400,2013-07-01,5590.0
T13400,2013-08-01,5620.0
T13400,2013-09-01,5480.0
T13400,2013-10-01,5520.0
T13400,2013-11-01,5580.0
T13400,2013-12-01,5610.0
T13400,2014-01-01,5540.0
T13400,2014-02-01,5460.0
T13400,2014-03-01,5460.0
T13400,2014-04-01,5490.0
T13400,2014-05-01,5610.0
T13400,2014-06-01,5720.0
T13400,2014-07-01,5700.0
T13400,2014-08-01,5710.0
T13400,2014-09-01,5620.0
T13400,2014-10-01,5670.0
T13400,2014-11-01,5690.0
T13400,2014-12-01,5760.0
T13400,2015-01-01,5600.0
T13400,2015-02-01,5500.0
T13400,2015-03-01,5490.0
T13400,2015-04-01,5430.0
T13400,2015-05-01,5530.0
T13400,2015-06-01,5600.0
T13400,2015-07-01,5620.0
T13400,2015-08-01,5650.0
T13400,2015-09-01,5500.0
T13400,2015-10-01,5420.0
T13400,2015-11-01,5430.0
T13400,2015-12-01,5350.0
T1346,2012-01-01,1456.0
T1346,2012-02-01,1493.0
T1346,2012-03-01,1505.0
T1346,2012-04-01,1512.0
T1346,2012-05-01,1516.0
T1346,2012-06-01,1477.0
T1346,2012-07-01,1356.0
T1346,2012-08-01,1392.0
T1346,2012-09-01,1473.0
T1346,2012-10-01,1488.0
T1346,2012-11-01,1488.0
T1346,2012-12-01,1484.0
T1346,2013-01-01,1446.0
T1346,2013-02-01,1482.0
T1346,2013-03-01,1489.0
T1346,2013-04-01,1512.0
T1346,2013-05-01,1507.0
T1346,2013-06-01,1476.0
T1346,2013-07-01,1340.0
T1346,2013-08-01,1351.0
T1346,2013-09-01,1475.0
T1346,2013-10-01,1467.0
T1346,2013-11-01,1466.0
T1346,2013-12-01,1464.0
T1346,2014-01-01,1435.0
T1346,2014-02-01,1466.0
T1346,2014-03-01,1476.0
T1346,2014-04-01,1480.0
T1346,2014-05-01,1491.0
T1346,2014-06-01,1470.0
T1346,2014-07-01,1347.0
T1346,2014-08-01,1342.0
T1346,2014-09-01,1469.0
T1346,2014-10-01,1474.0
T1346,2014-11-01,1473.0
T1346,2014-12-01,1463.0
T1346,2015-01-01,1458.0
T1346,2015-02-01,1481.0
T1346,2015-03-01,1495.0
T1346,2015-04-01,1500.0
T1346,2015-05-01,1498.0
T1346,2015-06-01,1473.0
T1346,2015-07-01,1353.0
T1346,2015-08-01,1363.0
T1346,2015-09-01,1485.0
T1346,2015-10-01,1486.0
T1346,2015-11-01,1492.0
T1346,2015-12-01,1481.0
T13483,2012-01-01,3000.0
T13483,2012-02-01,2980.0
T13483,2012-03-01,2980.0
T13483,2012-04-01,3020.0
T13483,2012-05-01,3080.0
T13483,2012-06-01,3120.0
T13483,2012-07-01,3160.0
T13483,2012-08-01,3150.0
T13483,2012-09-01,3130.0
T13483,2012-10-01,3130.0
T13483,2012-11-01,3130.0
T13483,2012-12-01,3110.0
T13483,2013-01-01,3030.0
T13483,2013-02-01,3030.0
T13483,2013-03-01,3050.0
T13483,2013-04-01,3130.0
T13483,2013-05-01,3240.0
T13483,2013-06-01,3320.0
T13483,2013-07-01,3360.0
T13483,2013-08-01,3320.0
T13483,2013-09-01,3260.0
T13483,2013-10-01,3330.0
T13483,2013-11-01,3250.0
T13483,2013-12-01,3230.0
T13483,2014-01-01,3170.0
T13483,2014-02-01,3150.0
T13483,2014-03-01,3200.0
T13483,2014-04-01,3250.0
T13483,2014-05-01,3320.0
T13483,2014-06-01,3370.0
T13483,2014-07-01,3370.0
T13483,2014-08-01,3390.0
T13483,2014-09-01,3370.0
T13483,2014-10-01,3360.0
T13483,2014-11-01,3330.0
T13483,2014-12-01,3320.0
T13483,2015-01-01,3260.0
T13483,2015-02-01,3260.0
T13483,2015-03-01,3260.0
T13483,2015-04-01,3270.0
T13483,2015-05-01,3330.0
T13483,2015-06-01,3350.0
T13483,2015-07-01,3390.0
T13483,2015-08-01,3370.0
T13483,2015-09-01,3320.0
T13483,2015-10-01,3350.0
T13483,2015-11-01,3340.0
T13483,2015-12-01,3300.0
T1453,2012-01-01,2970.0
T1453,2012-02-01,2950.0
T1453,2012-03-01,2950.0
T1453,2012-04-01,2950.0
T1453,2012-05-01,2930.0
T1453,2012-06-01,2950.0
T1453,2012-07-01,2980.0
T1453,2012-08-01,2950.0
T1453,2012-09-01,2930.0
T1453,2012-10-01,2930.0
T1453,2012-11-01,2930.0
T1453,2012-12-01,2930.0
T1453,2013-01-01,2930.0
T1453,2013-02-01,2920.0
T1453,2013-03-01,2920.0
T1453,2013-04-01,2920.0
T1453,2013-05-01,2920.0
T1453,2013-06-01,2910.0
T1453,2013-07-01,2930.0
T1453,2013-08-01,2910.0
T1453,2013-09-01,2890.0
T1453,2013-10-01,2890.0
T1453,2013-11-01,2880.0
T1453,2013-12-01,2890.0
T1453,2014-01-01,2860.0
T1453,2014-02-01,2850.0
T1453,2014-03-01,2840.0
T1453,2014-04-01,2900.0
T1453,2014-05-01,2900.0
T1453,2014-06-01,2900.0
T1453,2014-07-01,2920.0
T1453,2014-08-01,2910.0
T1453,2014-09-01,2890.0
T1453,2014-10-01,2890.0
T1453,2014-11-01,2900.0
T1453,2014-12-01,2910.0
T1453,2015-01-01,2860.0
T1453,2015-02-01,2860.0
T1453,2015-03-01,2850.0
T1453,2015-04-01,2880.0
T1453,2015-05-01,2850.0
T1453,2015-06-01,2860.0
T1453,2015-07-01,2870.0
T1453,2015-08-01,2860.0
T1453,2015-09-01,2860.0
T1453,2015-10-01,2860.0
T1453,2015-11-01,2870.0
T1453,2015-12-01,2900.0
T1527,2012-01-01,928.0
T1527,2012-02-01,940.0
T1527,2012-03-01,937.0
T1527,2012-04-01,938.0
T1527,2012-05-01,925.0
T1527,2012-06-01,923.0
T1527,2012-07-01,867.0
T1527,2012-08-01,864.0
T1527,2012-09-01,926.0
T1527,2012-10-01,916.0
T1527,2012-11-01,913.0
T1527,2012-12-01,913.0
T1527,2013-01-01,885.0
T1527,2013-02-01,900.0
T1527,2013-03-01,900.0
T1527,2013-04-01,899.0
T1527,2013-05-01,883.0
T1527,2013-06-01,879.0
T1527,2013-07-01,825.0
T1527,2013-08-01,818.0
T1527,2013-09-01,876.0
T1527,2013-10-01,879.0
T1527,2013-11-01,876.0
T1527,2013-12-01,869.0
T1527,2014-01-01,855.0
T1527,2014-02-01,875.0
T1527,2014-03-01,878.0
T1527,2014-04-01,880.0
T1527,2014-05-01,868.0
T1527,2014-06-01,861.0
T1527,2014-07-01,808.0
T1527,2014-08-01,795.0
T1527,2014-09-01,850.0
T1527,2014-10-01,864.0
T1527,2014-11-01,868.0
T1527,2014-12-01,864.0
T1527,2015-01-01,842.0
T1527,2015-02-01,858.0
T1527,2015-03-01,863.0
T1527,2015-04-01,864.0
T1527,2015-05-01,853.0
T1527,2015-06-01,848.0
T1527,2015-07-01,800.0
T1527,2015-08-01,795.0
T1527,2015-09-01,850.0
T1527,2015-10-01,861.0
T1527,2015-11-01,864.0
T1527,2015-12-01,860.0
T1654,2012-01-01,1278.5
T1654,2012-02-01,1303.7
T1654,2012-03-01,1312.3
T1654,2012-04-01,1310.9
T1654,2012-05-01,1309.5
T1654,2012-06-01,1310.2
T1654,2012-07-01,1273.9
T1654,2012-08-01,1244.8
T1654,2012-09-01,1261.7
T1654,2012-10-01,1303.2
T1654,2012-11-01,1303.0
T1654,2012-12-01,1307.4
T1654,2013-01-01,1273.2
T1654,2013-02-01,1299.5
T1654,2013-03-01,1304.2
T1654,2013-04-01,1306.9
T1654,2013-05-01,1306.0
T1654,2013-06-01,1301.2
T1654,2013-07-01,1271.0
T1654,2013-08-01,1240.2
T1654,2013-09-01,1255.0
T1654,2013-10-01,1302.6
T1654,2013-11-01,1309.8
T1654,2013-12-01,1305.9
T1654,2014-01-01,1264.9
T1654,2014-02-01,1289.6
T1654,2014-03-01,1297.4
T1654,2014-04-01,1307.3
T1654,2014-05-01,1303.9
T1654,2014-06-01,1299.1
T1654,2014-07-01,1272.4
T1654,2014-08-01,1246.0
T1654,2014-09-01,1263.4
T1654,2014-10-01,1300.9
T1654,2014-11-01,1312.2
T1654,2014-12-01,1308.7
T1654,2015-01-01,1266.5
T1654,2015-02-01,1291.8
T1654,2015-03-01,1299.0
T1654,2015-04-01,1307.0
T1654,2015-05-01,1306.7
T1654,2015-06-01,1303.7
T1654,2015-07-01,1277.8
T1654,2015-08-01,1254.2
T1654,2015-09-01,1271.0
T1654,2015-10-01,1315.5
T1654,2015-11-01,1325.2
T1654,2015-12-01,1323.4
T1686,2012-01-01,3130.0
T1686,2012-02-01,3160.0
T1686,2012-03-01,3260.0
T1686,2012-04-01,3560.0
T1686,2012-05-01,4100.0
T1686,2012-06-01,5080.0
T1686,2012-07-01,5470.0
T1686,2012-08-01,5330.0
T1686,2012-09-01,4610.0
T1686,2012-10-01,3830.0
T1686,2012-11-01,3500.0
T1686,2012-12-01,3450.0
T1686,2013-01-01,3130.0
T1686,2013-02-01,3170.0
T1686,2013-03-01,3250.0
T1686,2013-04-01,3590.0
T1686,2013-05-01,4190.0
T1686,2013-06-01,5110.0
T1686,2013-07-01,5520.0
T1686,2013-08-01,5420.0
T1686,2013-09-01,4710.0
T1686,2013-10-01,3900.0
T1686,2013-11-01,3590.0
T1686,2013-12-01,3530.0
T1686,2014-01-01,3230.0
T1686,2014-02-01,3240.0
T1686,2014-03-01,3320.0
T1686,2014-04-01,3720.0
T1686,2014-05-01,4380.0
T1686,2014-06-01,5210.0
T1686,2014-07-01,5640.0
T1686,2014-08-01,5540.0
T1686,2014-09-01,4750.0
T1686,2014-10-01,4020.0
T1686,2014-11-01,3670.0
T1686,2014-12-01,3590.0
T1686,2015-01-01,3270.0
T1686,2015-02-01,3300.0
T1686,2015-03-01,3380.0
T1686,2015-04-01,3800.0
T1686,2015-05-01,4460.0
T1686,2015-06-01,5270.0
T1686,2015-07-01,5730.0
T1686,2015-08-01,5640.0
T1686,2015-09-01,4920.0
T1686,2015-10-01,4160.0
T1686,2015-11-01,3810.0
T1686,2015-12-01,3790.0
T1698,2012-01-01,5950.0
T1698,2012-02-01,6090.0
T1698,2012-03-01,6120.0
T1698,2012-04-01,6120.0
T1698,2012-05-01,6010.0
T1698,2012-06-01,5970.0
T1698,2012-07-01,5230.0
T1698,2012-08-01,5220.0
T1698,2012-09-01,5580.0
T1698,2012-10-01,6060.0
T1698,2012-11-01,6120.0
T1698,2012-12-01,6080.0
T1698,2013-01-01,5930.0
T1698,2013-02-01,6100.0
T1698,2013-03-01,6120.0
T1698,2013-04-01,6140.0
T1698,2013-05-01,6130.0
T1698,2013-06-01,6190.0
T1698,2013-07-01,5220.0
T1698,2013-08-01,5100.0
T1698,2013-09-01,5550.0
T1698,2013-10-01,6010.0
T1698,2013-11-01,6090.0
T1698,2013-12-01,6080.0
T1698,2014-01-01,5770.0
T1698,2014-02-01,5970.0
T1698,2014-03-01,6070.0
T1698,2014-04-01,6140.0
T1698,2014-05-01,6040.0
T1698,2014-06-01,6120.0
T1698,2014-07-01,5180.0
T1698,2014-08-01,5280.0
T1698,2014-09-01,5690.0
T1698,2014-10-01,6000.0
T1698,2014-11-01,6060.0
T1698,2014-12-01,5990.0
T1698,2015-01-01,5830.0
T1698,2015-02-01,5970.0
T1698,2015-03-01,5990.0
T1698,2015-04-01,6010.0
T1698,2015-05-01,5980.0
T1698,2015-06-01,6070.0
T1698,2015-07-01,5180.0
T1698,2015-08-01,5230.0
T1698,2015-09-01,5660.0
T1698,2015-10-01,6020.0
T1698,2015-11-01,6070.0
T1698,2015-12-01,6010.0
T1742,2012-01-01,1298.0
T1742,2012-02-01,1301.0
T1742,2012-03-01,1302.0
T1742,2012-04-01,1298.0
T1742,2012-05-01,1295.0
T1742,2012-06-01,1314.0
T1742,2012-07-01,1318.0
T1742,2012-08-01,1312.0
T1742,2012-09-01,1308.0
T1742,2012-10-01,1312.0
T1742,2012-11-01,1315.0
T1742,2012-12-01,1320.0
T1742,2013-01-01,1308.0
T1742,2013-02-01,1310.0
T1742,2013-03-01,1311.0
T1742,2013-04-01,1307.0
T1742,2013-05-01,1305.0
T1742,2013-06-01,1315.0
T1742,2013-07-01,1319.0
T1742,2013-08-01,1320.0
T1742,2013-09-01,1310.0
T1742,2013-10-01,1309.0
T1742,2013-11-01,1316.0
T1742,2013-12-01,1322.0
T1742,2014-01-01,1327.0
T1742,2014-02-01,1330.0
T1742,2014-03-01,1333.0
T1742,2014-04-01,1324.0
T1742,2014-05-01,1327.0
T1742,2014-06-01,1351.0
T1742,2014-07-01,1356.0
T1742,2014-08-01,1353.0
T1742,2014-09-01,1345.0
T1742,2014-10-01,1338.0
T1742,2014-11-01,1340.0
T1742,2014-12-01,1352.0
T1742,2015-01-01,1342.0
T1742,2015-02-01,1344.0
T1742,2015-03-01,1346.0
T1742,2015-04-01,1347.0
T1742,2015-05-01,1353.0
T1742,2015-06-01,1365.0
T1742,2015-07-01,1378.0
T1742,2015-08-01,1374.0
T1742,2015-09-01,1361.0
T1742,2015-10-01,1361.0
T1742,2015-11-01,1366.0
T1742,2015-12-01,1359.0
T1778,2012-01-01,1500.0
T1778,2012-02-01,1420.0
T1778,2012-03-01,1430.0
T1778,2012-04-01,1410.0
T1778,2012-05-01,1440.0
T1778,2012-06-01,1470.0
T1778,2012-07-01,1450.0
T1778,2012-08-01,1470.0
T1778,2012-09-01,1460.0
T1778,2012-10-01,1490.0
T1778,2012-11-01,1630.0
T1778,2012-12-01,1670.0
T1778,2013-01-01,1480.0
T1778,2013-02-01,1400.0
T1778,2013-03-01,1390.0
T1778,2013-04-01,1370.0
T1778,2013-05-01,1410.0
T1778,2013-06-01,1450.0
T1778,2013-07-01,1440.0
T1778,2013-08-01,1450.0
T1778,2013-09-01,1420.0
T1778,2013-10-01,1440.0
T1778,2013-11-01,1570.0
T1778,2013-12-01,1610.0
T1778,2014-01-01,1430.0
T1778,2014-02-01,1360.0
T1778,2014-03-01,1410.0
T1778,2014-04-01,1420.0
T1778,2014-05-01,1440.0
T1778,2014-06-01,1480.0
T1778,2014-07-01,1480.0
T1778,2014-08-01,1490.0
T1778,2014-09-01,1450.0
T1778,2014-10-01,1460.0
T1778,2014-11-01,1570.0
T1778,2014-12-01,1620.0
T1778,2015-01-01,1450.0
T1778,2015-02-01,1370.0
T1778,2015-03-01,1380.0
T1778,2015-04-01,1380.0
T1778,2015-05-01,1410.0
T1778,2015-06-01,1440.0
T1778,2015-07-01,1410.0
T1778,2015-08-01,1420.0
T1778,2015-09-01,1380.0
T1778,2015-10-01,1390.0
T1778,2015-11-01,1510.0
T1778,2015-12-01,1560.0
T1870,2012-01-01,1169.0
T1870,2012-02-01,1169.0
T1870,2012-03-01,1179.0
T1870,2012-04-01,1189.0
T1870,2012-05-01,1186.0
T1870,2012-06-01,1193.0
T1870,2012-07-01,1183.0
T1870,2012-08-01,1183.0
T1870,2012-09-01,1184.0
T1870,2012-10-01,1198.0
T1870,2012-11-01,1196.0
T1870,2012-12-01,1208.0
T1870,2013-01-01,1178.0
T1870,2013-02-01,1182.0
T1870,2013-03-01,1197.0
T1870,2013-04-01,1204.0
T1870,2013-05-01,1197.0
T1870,2013-06-01,1214.0
T1870,2013-07-01,1217.0
T1870,2013-08-01,1203.0
T1870,2013-09-01,1206.0
T1870,2013-10-01,1216.0
T1870,2013-11-01,1228.0
T1870,2013-12-01,1233.0
T1870,2014-01-01,1209.0
T1870,2014-02-01,1217.0
T1870,2014-03-01,1220.0
T1870,2014-04-01,1234.0
T1870,2014-05-01,1242.0
T1870,2014-06-01,1249.0
T1870,2014-07-01,1246.0
T1870,2014-08-01,1240.0
T1870,2014-09-01,1242.0
T1870,2014-10-01,1249.0
T1870,2014-11-01,1258.0
T1870,2014-12-01,1268.0
T1870,2015-01-01,1244.0
T1870,2015-02-01,1244.0
T1870,2015-03-01,1253.0
T1870,2015-04-01,1261.0
T1870,2015-05-01,1266.0
T1870,2015-06-01,1277.0
T1870,2015-07-01,1278.0
T1870,2015-08-01,1278.0
T1870,2015-09-01,1283.0
T1870,2015-10-01,1281.0
T1870,2015-11-01,1281.0
T1870,2015-12-01,1287.0
T2179,2012-01-01,11090.0
T2179,2012-02-01,11280.0
T2179,2012-03-01,11360.0
T2179,2012-04-01,11260.0
T2179,2012-05-01,11100.0
T2179,2012-06-01,10130.0
T2179,2012-07-01,10040.0
T2179,2012-08-01,10690.0
T2179,2012-09-01,11080.0
T2179,2012-10-01,11180.0
T2179,2012-11-01,11270.0
T2179,2012-12-01,11260.0
T2179,2013-01-01,10980.0
T2179,2013-02-01,11220.0
T2179,2013-03-01,11240.0
T2179,2013-04-01,11390.0
T2179,2013-05-01,11270.0
T2179,2013-06-01,10240.0
T2179,2013-07-01,10180.0
T2179,2013-08-01,10830.0
T2179,2013-09-01,11250.0
T2179,2013-10-01,11410.0
T2179,2013-11-01,11410.0
T2179,2013-12-01,11390.0
T2179,2014-01-01,11140.0
T2179,2014-02-01,11400.0
T2179,2014-03-01,11410.0
T2179,2014-04-01,11400.0
T2179,2014-05-01,11410.0
T2179,2014-06-01,10330.0
T2179,2014-07-01,10270.0
T2179,2014-08-01,10930.0
T2179,2014-09-01,11370.0
T2179,2014-10-01,11510.0
T2179,2014-11-01,11700.0
T2179,2014-12-01,11550.0
T2179,2015-01-01,11110.0
T2179,2015-02-01,11410.0
T2179,2015-03-01,11410.0
T2179,2015-04-01,11390.0
T2179,2015-05-01,11340.0
T2179,2015-06-01,10300.0
T2179,2015-07-01,10250.0
T2179,2015-08-01,10910.0
T2179,2015-09-01,11400.0
T2179,2015-10-01,11610.0
T2179,2015-11-01,11780.0
T2179,2015-12-01,11720.0
T2183,2012-01-01,2880.0
T2183,2012-02-01,2990.0
T2183,2012-03-01,2990.0
T2183,2012-04-01,2950.0
T2183,2012-05-01,2790.0
T2183,2012-06-01,2730.0
T2183,2012-07-01,2710.0
T2183,2012-08-01,2710.0
T2183,2012-09-01,2880.0
T2183,2012-10-01,2910.0
T2183,2012-11-01,2900.0
T2183,2012-12-01,2840.0
T2183,2013-01-01,2770.0
T2183,2013-02-01,2940.0
T2183,2013-03-01,2940.0
T2183,2013-04-01,3010.0
T2183,2013-05-01,2890.0
T2183,2013-06-01,2770.0
T2183,2013-07-01,2750.0
T2183,2013-08-01,2740.0
T2183,2013-09-01,2920.0
T2183,2013-10-01,3010.0
T2183,2013-11-01,2990.0
T2183,2013-12-01,2960.0
T2183,2014-01-01,2770.0
T2183,2014-02-01,3000.0
T2183,2014-03-01,3010.0
T2183,2014-04-01,3000.0
T2183,2014-05-01,2910.0
T2183,2014-06-01,2760.0
T2183,2014-07-01,2770.0
T2183,2014-08-01,2780.0
T2183,2014-09-01,3010.0
T2183,2014-10-01,3060.0
T2183,2014-11-01,3080.0
T2183,2014-12-01,3010.0
T2183,2015-01-01,2620.0
T2183,2015-02-01,2890.0
T2183,2015-03-01,2900.0
T2183,2015-04-01,2850.0
T2183,2015-05-01,2750.0
T2183,2015-06-01,2590.0
T2183,2015-07-01,2570.0
T2183,2015-08-01,2550.0
T2183,2015-09-01,2790.0
T2183,2015-10-01,2900.0
T2183,2015-11-01,2940.0
T2183,2015-12-01,2920.0
T21854,2012-01-01,3550.0
T21854,2012-02-01,3630.0
T21854,2012-03-01,3580.0
T21854,2012-04-01,3600.0
T21854,2012-05-01,3640.0
T21854,2012-06-01,3720.0
T21854,2012-07-01,3770.0
T21854,2012-08-01,3740.0
T21854,2012-09-01,3770.0
T21854,2012-10-01,3720.0
T21854,2012-11-01,3670.0
T21854,2012-12-01,3660.0
T21854,2013-01-01,3580.0
T21854,2013-02-01,3630.0
T21854,2013-03-01,3640.0
T21854,2013-04-01,3660.0
T21854,2013-05-01,3740.0
T21854,2013-06-01,3740.0
T21854,2013-07-01,3740.0
T21854,2013-08-01,3740.0
T21854,2013-09-01,3770.0
T21854,2013-10-01,3740.0
T21854,2013-11-01,3740.0
T21854,2013-12-01,3710.0
T21854,2014-01-01,3610.0
T21854,2014-02-01,3650.0
T21854,2014-03-01,3670.0
T21854,2014-04-01,3710.0
T21854,2014-05-01,3750.0
T21854,2014-06-01,3790.0
T21854,2014-07-01,3790.0
T21854,2014-08-01,3850.0
T21854,2014-09-01,3860.0
T21854,2014-10-01,3820.0
T21854,2014-11-01,3780.0
T21854,2014-12-01,3800.0
T21854,2015-01-01,3720.0
T21854,2015-02-01,3760.0
T21854,2015-03-01,3740.0
T21854,2015-04-01,3780.0
T21854,2015-05-01,3850.0
T21854,2015-06-01,3850.0
T21854,2015-07-01,3900.0
T21854,2015-08-01,3990.0
T21854,2015-09-01,3980.0
T21854,2015-10-01,3910.0
T21854,2015-11-01,3870.0
T21854,2015-12-01,3880.0
T21993,2012-01-01,7473.6
T21993,2012-02-01,7547.3
T21993,2012-03-01,7518.1
T21993,2012-04-01,7456.0
T21993,2012-05-01,7439.7
T21993,2012-06-01,7473.0
T21993,2012-07-01,7393.1
T21993,2012-08-01,7366.3
T21993,2012-09-01,7449.4
T21993,2012-10-01,7500.1
T21993,2012-11-01,7440.5
T21993,2012-12-01,7398.5
T21993,2013-01-01,7385.1
T21993,2013-02-01,7438.5
T21993,2013-03-01,7405.8
T21993,2013-04-01,7391.3
T21993,2013-05-01,7388.4
T21993,2013-06-01,7423.3
T21993,2013-07-01,7385.6
T21993,2013-08-01,7290.6
T21993,2013-09-01,7410.3
T21993,2013-10-01,7325.3
T21993,2013-11-01,7322.5
T21993,2013-12-01,7263.4
T21993,2014-01-01,7282.8
T21993,2014-02-01,7290.0
T21993,2014-03-01,7323.1
T21993,2014-04-01,7319.6
T21993,2014-05-01,7302.2
T21993,2014-06-01,7285.2
T21993,2014-07-01,7255.7
T21993,2014-08-01,7172.6
T21993,2014-09-01,7245.8
T21993,2014-10-01,7246.6
T21993,2014-11-01,7264.4
T21993,2014-12-01,7201.5
T21993,2015-01-01,7193.2
T21993,2015-02-01,7211.0
T21993,2015-03-01,7205.0
T21993,2015-04-01,7230.5
T21993,2015-05-01,7254.4
T21993,2015-06-01,7228.4
T21993,2015-07-01,7175.6
T21993,2015-08-01,7097.7
T21993,2015-09-01,7201.5
T21993,2015-10-01,7218.6
T21993,2015-11-01,7208.2
T21993,2015-12-01,7170.4
T22070,2012-01-01,7483.0
T22070,2012-02-01,7454.0
T22070,2012-03-01,7549.0
T22070,2012-04-01,7459.0
T22070,2012-05-01,7625.0
T22070,2012-06-01,7661.0
T22070,2012-07-01,7699.0
T22070,2012-08-01,7554.0
T22070,2012-09-01,7508.0
T22070,2012-10-01,7516.0
T22070,2012-11-01,7484.0
T22070,2012-12-01,7428.0
T22070,2013-01-01,7525.0
T22070,2013-02-01,7497.0
T22070,2013-03-01,7494.0
T22070,2013-04-01,7416.0
T22070,2013-05-01,7600.0
T22070,2013-06-01,7587.0
T22070,2013-07-01,7497.0
T22070,2013-08-01,7394.0
T22070,2013-09-01,7330.0
T22070,2013-10-01,7324.0
T22070,2013-11-01,7345.0
T22070,2013-12-01,7320.0
T22070,2014-01-01,7461.0
T22070,2014-02-01,7482.0
T22070,2014-03-01,7552.0
T22070,2014-04-01,7396.0
T22070,2014-05-01,7454.0
T22070,2014-06-01,7361.0
T22070,2014-07-01,7373.0
T22070,2014-08-01,7351.0
T22070,2014-09-01,7371.0
T22070,2014-10-01,7365.0
T22070,2014-11-01,7331.0
T22070,2014-12-01,7308.0
T22070,2015-01-01,7340.0
T22070,2015-02-01,7334.0
T22070,2015-03-01,7410.0
T22070,2015-04-01,7264.0
T22070,2015-05-01,7352.0
T22070,2015-06-01,7249.0
T22070,2015-07-01,7174.0
T22070,2015-08-01,7135.0
T22070,2015-09-01,7140.0
T22070,2015-10-01,7163.0
T22070,2015-11-01,7232.0
T22070,2015-12-01,7229.0
T22113,2012-01-01,4455.0
T22113,2012-02-01,4464.0
T22113,2012-03-01,4436.0
T22113,2012-04-01,4390.0
T22113,2012-05-01,4221.0
T22113,2012-06-01,4279.0
T22113,2012-07-01,4296.0
T22113,2012-08-01,4476.0
T22113,2012-09-01,4480.0
T22113,2012-10-01,4842.0
T22113,2012-11-01,4555.0
T22113,2012-12-01,4381.0
T22113,2013-01-01,4244.0
T22113,2013-02-01,4198.0
T22113,2013-03-01,4172.0
T22113,2013-04-01,4290.0
T22113,2013-05-01,4048.0
T22113,2013-06-01,4088.0
T22113,2013-07-01,4101.0
T22113,2013-08-01,4292.0
T22113,2013-09-01,4285.0
T22113,2013-10-01,4220.0
T22113,2013-11-01,4148.0
T22113,2013-12-01,3862.0
T22113,2014-01-01,4155.0
T22113,2014-02-01,4189.0
T22113,2014-03-01,4193.0
T22113,2014-04-01,4230.0
T22113,2014-05-01,3998.0
T22113,2014-06-01,3993.0
T22113,2014-07-01,4060.0
T22113,2014-08-01,4257.0
T22113,2014-09-01,4298.0
T22113,2014-10-01,4322.0
T22113,2014-11-01,4157.0
T22113,2014-12-01,3823.0
T22113,2015-01-01,3962.0
T22113,2015-02-01,3959.0
T22113,2015-03-01,3943.0
T22113,2015-04-01,4041.0
T22113,2015-05-01,3794.0
T22113,2015-06-01,3784.0
T22113,2015-07-01,3849.0
T22113,2015-08-01,3981.0
T22113,2015-09-01,3980.0
T22113,2015-10-01,3995.0
T22113,2015-11-01,3866.0
T22113,2015-12-01,3637.0
T2224,2012-01-01,5560.0
T2224,2012-02-01,5610.0
T2224,2012-03-01,5620.0
T2224,2012-04-01,5640.0
T2224,2012-05-01,5660.0
T2224,2012-06-01,5730.0
T2224,2012-07-01,5770.0
T2224,2012-08-01,5790.0
T2224,2012-09-01,5760.0
T2224,2012-10-01,5880.0
T2224,2012-11-01,5880.0
T2224,2012-12-01,5890.0
T2224,2013-01-01,5810.0
T2224,2013-02-01,5830.0
T2224,2013-03-01,5860.0
T2224,2013-04-01,5870.0
T2224,2013-05-01,5890.0
T2224,2013-06-01,5910.0
T2224,2013-07-01,5980.0
T2224,2013-08-01,5990.0
T2224,2013-09-01,5970.0
T2224,2013-10-01,5990.0
T2224,2013-11-01,6000.0
T2224,2013-12-01,6010.0
T2224,2014-01-01,5950.0
T2224,2014-02-01,5970.0
T2224,2014-03-01,5970.0
T2224,2014-04-01,6010.0
T2224,2014-05-01,6040.0
T2224,2014-06-01,6080.0
T2224,2014-07-01,6150.0
T2224,2014-08-01,6180.0
T2224,2014-09-01,6140.0
T2224,2014-10-01,6220.0
T2224,2014-11-01,6260.0
T2224,2014-12-01,6300.0
T2224,2015-01-01,6250.0
T2224,2015-02-01,6270.0
T2224,2015-03-01,6250.0
T2224,2015-04-01,6280.0
T2224,2015-05-01,6300.0
T2224,2015-06-01,6360.0
T2224,2015-07-01,6430.0
T2224,2015-08-01,6440.0
T2224,2015-09-01,6390.0
T2224,2015-10-01,6540.0
T2224,2015-11-01,6530.0
T2224,2015-12-01,6560.0
T22321,2012-01-01,3439.0
T22321,2012-02-01,3440.0
T22321,2012-03-01,3472.0
T22321,2012-04-01,3510.0
T22321,2012-05-01,3542.0
T22321,2012-06-01,3562.0
T22321,2012-07-01,3551.0
T22321,2012-08-01,3546.0
T22321,2012-09-01,3525.0
T22321,2012-10-01,3546.0
T22321,2012-11-01,3571.0
T22321,2012-12-01,3574.0
T22321,2013-01-01,3493.0
T22321,2013-02-01,3488.0
T22321,2013-03-01,3508.0
T22321,2013-04-01,3542.0
T22321,2013-05-01,3585.0
T22321,2013-06-01,3598.0
T22321,2013-07-01,3586.0
T22321,2013-08-01,3601.0
T22321,2013-09-01,3589.0
T22321,2013-10-01,3612.0
T22321,2013-11-01,3639.0
T22321,2013-12-01,3656.0
T22321,2014-01-01,3561.0
T22321,2014-02-01,3569.0
T22321,2014-03-01,3590.0
T22321,2014-04-01,3605.0
T22321,2014-05-01,3642.0
T22321,2014-06-01,3650.0
T22321,2014-07-01,3629.0
T22321,2014-08-01,3639.0
T22321,2014-09-01,3618.0
T22321,2014-10-01,3641.0
T22321,2014-11-01,3662.0
T22321,2014-12-01,3684.0
T22321,2015-01-01,3585.0
T22321,2015-02-01,3591.0
T22321,2015-03-01,3617.0
T22321,2015-04-01,3653.0
T22321,2015-05-01,3686.0
T22321,2015-06-01,3711.0
T22321,2015-07-01,3699.0
T22321,2015-08-01,3705.0
T22321,2015-09-01,3681.0
T22321,2015-10-01,3711.0
T22321,2015-11-01,3724.0
T22321,2015-12-01,3741.0
T22361,2012-01-01,1593.0
T22361,2012-02-01,1561.0
T22361,2012-03-01,1596.0
T22361,2012-04-01,1570.0
T22361,2012-05-01,1606.0
T22361,2012-06-01,1706.0
T22361,2012-07-01,1664.0
T22361,2012-08-01,1588.0
T22361,2012-09-01,1659.0
T22361,2012-10-01,1640.0
T22361,2012-11-01,1661.0
T22361,2012-12-01,1644.0
T22361,2013-01-01,1601.0
T22361,2013-02-01,1582.0
T22361,2013-03-01,1576.0
T22361,2013-04-01,1565.0
T22361,2013-05-01,1554.0
T22361,2013-06-01,1631.0
T22361,2013-07-01,1618.0
T22361,2013-08-01,1561.0
T22361,2013-09-01,1599.0
T22361,2013-10-01,1633.0
T22361,2013-11-01,1646.0
T22361,2013-12-01,1643.0
T22361,2014-01-01,1608.0
T22361,2014-02-01,1561.0
T22361,2014-03-01,1591.0
T22361,2014-04-01,1587.0
T22361,2014-05-01,1589.0
T22361,2014-06-01,1665.0
T22361,2014-07-01,1603.0
T22361,2014-08-01,1567.0
T22361,2014-09-01,1656.0
T22361,2014-10-01,1663.0
T22361,2014-11-01,1676.0
T22361,2014-12-01,1614.0
T22361,2015-01-01,1578.0
T22361,2015-02-01,1570.0
T22361,2015-03-01,1611.0
T22361,2015-04-01,1566.0
T22361,2015-05-01,1533.0
T22361,2015-06-01,1600.0
T22361,2015-07-01,1520.0
T22361,2015-08-01,1518.0
T22361,2015-09-01,1572.0
T22361,2015-10-01,1590.0
T22361,2015-11-01,1573.0
T22361,2015-12-01,1528.0
T22364,2012-01-01,5280.0
T22364,2012-02-01,5285.0
T22364,2012-03-01,5350.0
T22364,2012-04-01,5274.0
T22364,2012-05-01,5429.0
T22364,2012-06-01,5607.0
T22364,2012-07-01,5487.0
T22364,2012-08-01,5362.0
T22364,2012-09-01,5532.0
T22364,2012-10-01,5482.0
T22364,2012-11-01,5518.0
T22364,2012-12-01,5546.0
T22364,2013-01-01,5318.0
T22364,2013-02-01,5283.0
T22364,2013-03-01,5344.0
T22364,2013-04-01,5376.0
T22364,2013-05-01,5441.0
T22364,2013-06-01,5557.0
T22364,2013-07-01,5546.0
T22364,2013-08-01,5433.0
T22364,2013-09-01,5514.0
T22364,2013-10-01,5451.0
T22364,2013-11-01,5457.0
T22364,2013-12-01,5507.0
T22364,2014-01-01,5447.0
T22364,2014-02-01,5397.0
T22364,2014-03-01,5455.0
T22364,2014-04-01,5459.0
T22364,2014-05-01,5399.0
T22364,2014-06-01,5604.0
T22364,2014-07-01,5493.0
T22364,2014-08-01,5425.0
T22364,2014-09-01,5591.0
T22364,2014-10-01,5624.0
T22364,2014-11-01,5621.0
T22364,2014-12-01,5574.0
T22364,2015-01-01,5362.0
T22364,2015-02-01,5344.0
T22364,2015-03-01,5416.0
T22364,2015-04-01,5358.0
T22364,2015-05-01,5314.0
T22364,2015-06-01,5424.0
T22364,2015-07-01,5271.0
T22364,2015-08-01,5214.0
T22364,2015-09-01,5369.0
T22364,2015-10-01,5367.0
T22364,2015-11-01,5349.0
T22364,2015-12-01,5331.0
T22437,2012-01-01,4357.9
T22437,2012-02-01,4377.4
T22437,2012-03-01,4430.3
T22437,2012-04-01,4468.7
T22437,2012-05-01,4529.6
T22437,2012-06-01,4620.3
T22437,2012-07-01,4652.1
T22437,2012-08-01,4576.8
T22437,2012-09-01,4597.4
T22437,2012-10-01,4652.5
T22437,2012-11-01,4628.4
T22437,2012-12-01,4624.2
T22437,2013-01-01,4566.7
T22437,2013-02-01,4553.6
T22437,2013-03-01,4588.5
T22437,2013-04-01,4656.8
T22437,2013-05-01,4693.2
T22437,2013-06-01,4771.7
T22437,2013-07-01,4839.7
T22437,2013-08-01,4765.6
T22437,2013-09-01,4751.6
T22437,2013-10-01,4742.1
T22437,2013-11-01,4730.8
T22437,2013-12-01,4695.1
T22437,2014-01-01,4722.4
T22437,2014-02-01,4714.3
T22437,2014-03-01,4754.9
T22437,2014-04-01,4772.9
T22437,2014-05-01,4812.1
T22437,2014-06-01,4913.5
T22437,2014-07-01,4999.0
T22437,2014-08-01,4950.6
T22437,2014-09-01,4922.1
T22437,2014-10-01,4979.6
T22437,2014-11-01,4946.9
T22437,2014-12-01,4892.9
T22437,2015-01-01,4818.8
T22437,2015-02-01,4758.1
T22437,2015-03-01,4755.8
T22437,2015-04-01,4724.8
T22437,2015-05-01,4740.4
T22437,2015-06-01,4761.8
T22437,2015-07-01,4778.2
T22437,2015-08-01,4673.1
T22437,2015-09-01,4606.3
T22437,2015-10-01,4601.6
T22437,2015-11-01,4537.8
T22437,2015-12-01,4478.7
T22465,2012-01-01,7748.0
T22465,2012-02-01,7771.0
T22465,2012-03-01,7784.0
T22465,2012-04-01,7802.0
T22465,2012-05-01,7802.0
T22465,2012-06-01,8015.0
T22465,2012-07-01,8115.0
T22465,2012-08-01,8044.0
T22465,2012-09-01,7888.0
T22465,2012-10-01,7904.0
T22465,2012-11-01,7825.0
T22465,2012-12-01,7858.0
T22465,2013-01-01,7808.0
T22465,2013-02-01,7843.0
T22465,2013-03-01,7868.0
T22465,2013-04-01,7886.0
T22465,2013-05-01,7842.0
T22465,2013-06-01,8049.0
T22465,2013-07-01,8063.0
T22465,2013-08-01,8058.0
T22465,2013-09-01,7966.0
T22465,2013-10-01,8003.0
T22465,2013-11-01,7853.0
T22465,2013-12-01,7854.0
T22465,2014-01-01,7736.0
T22465,2014-02-01,7743.0
T22465,2014-03-01,7721.0
T22465,2014-04-01,7696.0
T22465,2014-05-01,7662.0
T22465,2014-06-01,7822.0
T22465,2014-07-01,7890.0
T22465,2014-08-01,7812.0
T22465,2014-09-01,7674.0
T22465,2014-10-01,7686.0
T22465,2014-11-01,7550.0
T22465,2014-12-01,7547.0
T22465,2015-01-01,7470.0
T22465,2015-02-01,7445.0
T22465,2015-03-01,7443.0
T22465,2015-04-01,7422.0
T22465,2015-05-01,7472.0
T22465,2015-06-01,7575.0
T22465,2015-07-01,7616.0
T22465,2015-08-01,7531.0
T22465,2015-09-01,7393.0
T22465,2015-10-01,7437.0
T22465,2015-11-01,7317.0
T22465,2015-12-01,7284.0
T22507,2012-01-01,4160.94
T22507,2012-02-01,4156.52
T22507,2012-03-01,4167.84
T22507,2012-04-01,4137.61
T22507,2012-05-01,4143.94
T22507,2012-06-01,4219.75
T22507,2012-07-01,4195.11
T22507,2012-08-01,4190.82
T22507,2012-09-01,4162.65
T22507,2012-10-01,4188.76
T22507,2012-11-01,4194.24
T22507,2012-12-01,4190.62
T22507,2013-01-01,4197.17
T22507,2013-02-01,4193.48
T22507,2013-03-01,4201.33
T22507,2013-04-01,4188.41
T22507,2013-05-01,4194.37
T22507,2013-06-01,4262.48
T22507,2013-07-01,4221.07
T22507,2013-08-01,4219.81
T22507,2013-09-01,4172.53
T22507,2013-10-01,4173.26
T22507,2013-11-01,4207.73
T22507,2013-12-01,4205.33
T22507,2014-01-01,4222.64
T22507,2014-02-01,4229.82
T22507,2014-03-01,4250.89
T22507,2014-04-01,4222.22
T22507,2014-05-01,4224.28
T22507,2014-06-01,4292.4
T22507,2014-07-01,4272.89
T22507,2014-08-01,4277.04
T22507,2014-09-01,4242.9
T22507,2014-10-01,4268.57
T22507,2014-11-01,4285.56
T22507,2014-12-01,4270.31
T22507,2015-01-01,4268.63
T22507,2015-02-01,4274.22
T22507,2015-03-01,4272.38
T22507,2015-04-01,4247.98
T22507,2015-05-01,4250.49
T22507,2015-06-01,4297.87
T22507,2015-07-01,4254.62
T22507,2015-08-01,4249.99
T22507,2015-09-01,4208.05
T22507,2015-10-01,4226.91
T22507,2015-11-01,4238.13
T22507,2015-12-01,4245.45
T22610,2012-01-01,2705.87
T22610,2012-02-01,2715.54
T22610,2012-03-01,2717.47
T22610,2012-04-01,2714.98
T22610,2012-05-01,2721.81
T22610,2012-06-01,2750.87
T22610,2012-07-01,2759.54
T22610,2012-08-01,2756.27
T22610,2012-09-01,2757.44
T22610,2012-10-01,2773.81
T22610,2012-11-01,2765.14
T22610,2012-12-01,2746.49
T22610,2013-01-01,2748.11
T22610,2013-02-01,2745.43
T22610,2013-03-01,2744.53
T22610,2013-04-01,2750.39
T22610,2013-05-01,2760.12
T22610,2013-06-01,2781.48
T22610,2013-07-01,2789.66
T22610,2013-08-01,2772.86
T22610,2013-09-01,2771.79
T22610,2013-10-01,2771.04
T22610,2013-11-01,2773.9
T22610,2013-12-01,2762.01
T22610,2014-01-01,2759.94
T22610,2014-02-01,2765.57
T22610,2014-03-01,2771.48
T22610,2014-04-01,2772.02
T22610,2014-05-01,2786.19
T22610,2014-06-01,2808.83
T22610,2014-07-01,2820.89
T22610,2014-08-01,2795.58
T22610,2014-09-01,2782.85
T22610,2014-10-01,2779.07
T22610,2014-11-01,2782.49
T22610,2014-12-01,2769.96
T22610,2015-01-01,2758.09
T22610,2015-02-01,2772.15
T22610,2015-03-01,2769.26
T22610,2015-04-01,2794.83
T22610,2015-05-01,2824.91
T22610,2015-06-01,2827.94
T22610,2015-07-01,2852.92
T22610,2015-08-01,2833.27
T22610,2015-09-01,2809.12
T22610,2015-10-01,2797.94
T22610,2015-11-01,2806.31
T22610,2015-12-01,2802.27
T22639,2012-01-01,8931.0
T22639,2012-02-01,8930.0
T22639,2012-03-01,8965.0
T22639,2012-04-01,8786.0
T22639,2012-05-01,8885.0
T22639,2012-06-01,8900.0
T22639,2012-07-01,8938.0
T22639,2012-08-01,8813.0
T22639,2012-09-01,8744.0
T22639,2012-10-01,8684.0
T22639,2012-11-01,8608.0
T22639,2012-12-01,8789.0
T22639,2013-01-01,8572.0
T22639,2013-02-01,8530.0
T22639,2013-03-01,8588.0
T22639,2013-04-01,8508.0
T22639,2013-05-01,8594.0
T22639,2013-06-01,8625.0
T22639,2013-07-01,8631.0
T22639,2013-08-01,8595.0
T22639,2013-09-01,8622.0
T22639,2013-10-01,8452.0
T22639,2013-11-01,8479.0
T22639,2013-12-01,8511.0
T22639,2014-01-01,8558.0
T22639,2014-02-01,8591.0
T22639,2014-03-01,8756.0
T22639,2014-04-01,8630.0
T22639,2014-05-01,8892.0
T22639,2014-06-01,9354.0
T22639,2014-07-01,9580.0
T22639,2014-08-01,9424.0
T22639,2014-09-01,9141.0
T22639,2014-10-01,8841.0
T22639,2014-11-01,8707.0
T22639,2014-12-01,8695.0
T22639,2015-01-01,8614.0
T22639,2015-02-01,8681.0
T22639,2015-03-01,8729.0
T22639,2015-04-01,8798.0
T22639,2015-05-01,8911.0
T22639,2015-06-01,9085.0
T22639,2015-07-01,9141.0
T22639,2015-08-01,8962.0
T22639,2015-09-01,9094.0
T22639,2015-10-01,8991.0
T22639,2015-11-01,8886.0
T22639,2015-12-01,8987.0
T22666,2012-01-01,2369.9
T22666,2012-02-01,2468.0
T22666,2012-03-01,2466.0
T22666,2012-04-01,2443.3
T22666,2012-05-01,2418.6
T22666,2012-06-01,2321.7
T22666,2012-07-01,2270.3
T22666,2012-08-01,2239.8
T22666,2012-09-01,2242.5
T22666,2012-10-01,2246.9
T22666,2012-11-01,2206.3
T22666,2012-12-01,2236.3
T22666,2013-01-01,2225.3
T22666,2013-02-01,2207.3
T22666,2013-03-01,2179.3
T22666,2013-04-01,2166.3
T22666,2013-05-01,2182.4
T22666,2013-06-01,2179.7
T22666,2013-07-01,2172.4
T22666,2013-08-01,2111.7
T22666,2013-09-01,2141.1
T22666,2013-10-01,2137.4
T22666,2013-11-01,2113.5
T22666,2013-12-01,2125.2
T22666,2014-01-01,2123.0
T22666,2014-02-01,2145.5
T22666,2014-03-01,2141.9
T22666,2014-04-01,2063.8
T22666,2014-05-01,2094.1
T22666,2014-06-01,2104.9
T22666,2014-07-01,2116.1
T22666,2014-08-01,2063.3
T22666,2014-09-01,2069.2
T22666,2014-10-01,2070.8
T22666,2014-11-01,2069.9
T22666,2014-12-01,2099.4
T22666,2015-01-01,2079.4
T22666,2015-02-01,2074.4
T22666,2015-03-01,2080.5
T22666,2015-04-01,2085.1
T22666,2015-05-01,2123.1
T22666,2015-06-01,2141.8
T22666,2015-07-01,2149.8
T22666,2015-08-01,2107.3
T22666,2015-09-01,2099.2
T22666,2015-10-01,2097.5
T22666,2015-11-01,2103.6
T22666,2015-12-01,2127.5
T2269,2012-01-01,4130.0
T2269,2012-02-01,4210.0
T2269,2012-03-01,4370.0
T2269,2012-04-01,4500.0
T2269,2012-05-01,4570.0
T2269,2012-06-01,4700.0
T2269,2012-07-01,4660.0
T2269,2012-08-01,4700.0
T2269,2012-09-01,4630.0
T2269,2012-10-01,4540.0
T2269,2012-11-01,4520.0
T2269,2012-12-01,4510.0
T2269,2013-01-01,4390.0
T2269,2013-02-01,4510.0
T2269,2013-03-01,4630.0
T2269,2013-04-01,4640.0
T2269,2013-05-01,4650.0
T2269,2013-06-01,4800.0
T2269,2013-07-01,4760.0
T2269,2013-08-01,4790.0
T2269,2013-09-01,4750.0
T2269,2013-10-01,4680.0
T2269,2013-11-01,4680.0
T2269,2013-12-01,4630.0
T2269,2014-01-01,4530.0
T2269,2014-02-01,4540.0
T2269,2014-03-01,4640.0
T2269,2014-04-01,4880.0
T2269,2014-05-01,4960.0
T2269,2014-06-01,5000.0
T2269,2014-07-01,4950.0
T2269,2014-08-01,4980.0
T2269,2014-09-01,4920.0
T2269,2014-10-01,4910.0
T2269,2014-11-01,4830.0
T2269,2014-12-01,4780.0
T2269,2015-01-01,4720.0
T2269,2015-02-01,4830.0
T2269,2015-03-01,4910.0
T2269,2015-04-01,5100.0
T2269,2015-05-01,5230.0
T2269,2015-06-01,5320.0
T2269,2015-07-01,5360.0
T2269,2015-08-01,5340.0
T2269,2015-09-01,5280.0
T2269,2015-10-01,5230.0
T2269,2015-11-01,5170.0
T2269,2015-12-01,5120.0
T22751,2012-01-01,3066.0
T22751,2012-02-01,3128.0
T22751,2012-03-01,3130.0
T22751,2012-04-01,3146.0
T22751,2012-05-01,3171.0
T22751,2012-06-01,3206.0
T22751,2012-07-01,3247.0
T22751,2012-08-01,3140.0
T22751,2012-09-01,3137.0
T22751,2012-10-01,3132.0
T22751,2012-11-01,3112.0
T22751,2012-12-01,3100.0
T22751,2013-01-01,3070.0
T22751,2013-02-01,3100.0
T22751,2013-03-01,3118.0
T22751,2013-04-01,3128.0
T22751,2013-05-01,3165.0
T22751,2013-06-01,3175.0
T22751,2013-07-01,3222.0
T22751,2013-08-01,3122.0
T22751,2013-09-01,3079.0
T22751,2013-10-01,3106.0
T22751,2013-11-01,3109.0
T22751,2013-12-01,3109.0
T22751,2014-01-01,3071.0
T22751,2014-02-01,3095.0
T22751,2014-03-01,3067.0
T22751,2014-04-01,3074.0
T22751,2014-05-01,3069.0
T22751,2014-06-01,3094.0
T22751,2014-07-01,3115.0
T22751,2014-08-01,3050.0
T22751,2014-09-01,3034.0
T22751,2014-10-01,3018.0
T22751,2014-11-01,3026.0
T22751,2014-12-01,3029.0
T22751,2015-01-01,3060.0
T22751,2015-02-01,3060.0
T22751,2015-03-01,3065.0
T22751,2015-04-01,3052.0
T22751,2015-05-01,3099.0
T22751,2015-06-01,3192.0
T22751,2015-07-01,3165.0
T22751,2015-08-01,3119.0
T22751,2015-09-01,3070.0
T22751,2015-10-01,3049.0
T22751,2015-11-01,3063.0
T22751,2015-12-01,3071.0
T22854,2012-01-01,1592.5
T22854,2012-02-01,1605.6
T22854,2012-03-01,1606.2
T22854,2012-04-01,1612.0
T22854,2012-05-01,1635.9
T22854,2012-06-01,1663.8
T22854,2012-07-01,1664.8
T22854,2012-08-01,1631.6
T22854,2012-09-01,1617.4
T22854,2012-10-01,1626.4
T22854,2012-11-01,1614.9
T22854,2012-12-01,1602.7
T22854,2013-01-01,1580.6
T22854,2013-02-01,1581.3
T22854,2013-03-01,1570.7
T22854,2013-04-01,1572.8
T22854,2013-05-01,1594.9
T22854,2013-06-01,1614.1
T22854,2013-07-01,1629.7
T22854,2013-08-01,1631.5
T22854,2013-09-01,1591.5
T22854,2013-10-01,1555.1
T22854,2013-11-01,1553.5
T22854,2013-12-01,1540.5
T22854,2014-01-01,1531.0
T22854,2014-02-01,1545.7
T22854,2014-03-01,1537.5
T22854,2014-04-01,1540.1
T22854,2014-05-01,1556.2
T22854,2014-06-01,1575.8
T22854,2014-07-01,1593.8
T22854,2014-08-01,1582.7
T22854,2014-09-01,1558.7
T22854,2014-10-01,1557.1
T22854,2014-11-01,1544.0
T22854,2014-12-01,1533.4
T22854,2015-01-01,1556.7
T22854,2015-02-01,1561.8
T22854,2015-03-01,1567.3
T22854,2015-04-01,1589.3
T22854,2015-05-01,1602.5
T22854,2015-06-01,1626.6
T22854,2015-07-01,1634.0
T22854,2015-08-01,1618.0
T22854,2015-09-01,1594.4
T22854,2015-10-01,1587.3
T22854,2015-11-01,1572.1
T22854,2015-12-01,1579.4
T22943,2012-01-01,9560.0
T22943,2012-02-01,9550.0
T22943,2012-03-01,9970.0
T22943,2012-04-01,9720.0
T22943,2012-05-01,9920.0
T22943,2012-06-01,10150.0
T22943,2012-07-01,10060.0
T22943,2012-08-01,10010.0
T22943,2012-09-01,9860.0
T22943,2012-10-01,9870.0
T22943,2012-11-01,9650.0
T22943,2012-12-01,9460.0
T22943,2013-01-01,9500.0
T22943,2013-02-01,9600.0
T22943,2013-03-01,9660.0
T22943,2013-04-01,9790.0
T22943,2013-05-01,9690.0
T22943,2013-06-01,10110.0
T22943,2013-07-01,9950.0
T22943,2013-08-01,10200.0
T22943,2013-09-01,9780.0
T22943,2013-10-01,9510.0
T22943,2013-11-01,9560.0
T22943,2013-12-01,9530.0
T22943,2014-01-01,9730.0
T22943,2014-02-01,9780.0
T22943,2014-03-01,9810.0
T22943,2014-04-01,9760.0
T22943,2014-05-01,9660.0
T22943,2014-06-01,10220.0
T22943,2014-07-01,9760.0
T22943,2014-08-01,10230.0
T22943,2014-09-01,9880.0
T22943,2014-10-01,9730.0
T22943,2014-11-01,9640.0
T22943,2014-12-01,9210.0
T22943,2015-01-01,9670.0
T22943,2015-02-01,9560.0
T22943,2015-03-01,9840.0
T22943,2015-04-01,9750.0
T22943,2015-05-01,9810.0
T22943,2015-06-01,10370.0
T22943,2015-07-01,10000.0
T22943,2015-08-01,10340.0
T22943,2015-09-01,9780.0
T22943,2015-10-01,9530.0
T22943,2015-11-01,9500.0
T22943,2015-12-01,9120.0
T22989,2012-01-01,11430.0
T22989,2012-02-01,11480.0
T22989,2012-03-01,11510.0
T22989,2012-04-01,11570.0
T22989,2012-05-01,11630.0
T22989,2012-06-01,11690.0
T22989,2012-07-01,11710.0
T22989,2012-08-01,11750.0
T22989,2012-09-01,11710.0
T22989,2012-10-01,11810.0
T22989,2012-11-01,11850.0
T22989,2012-12-01,11890.0
T22989,2013-01-01,11910.0
T22989,2013-02-01,11930.0
T22989,2013-03-01,11910.0
T22989,2013-04-01,11980.0
T22989,2013-05-01,12050.0
T22989,2013-06-01,12050.0
T22989,2013-07-01,12140.0
T22989,2013-08-01,12210.0
T22989,2013-09-01,12110.0
T22989,2013-10-01,12190.0
T22989,2013-11-01,12260.0
T22989,2013-12-01,12290.0
T22989,2014-01-01,12210.0
T22989,2014-02-01,12300.0
T22989,2014-03-01,12340.0
T22989,2014-04-01,12430.0
T22989,2014-05-01,12510.0
T22989,2014-06-01,12530.0
T22989,2014-07-01,12610.0
T22989,2014-08-01,12670.0
T22989,2014-09-01,12590.0
T22989,2014-10-01,12660.0
T22989,2014-11-01,12680.0
T22989,2014-12-01,12680.0
T22989,2015-01-01,12700.0
T22989,2015-02-01,12760.0
T22989,2015-03-01,12770.0
T22989,2015-04-01,12870.0
T22989,2015-05-01,12960.0
T22989,2015-06-01,12980.0
T22989,2015-07-01,13140.0
T22989,2015-08-01,13160.0
T22989,2015-09-01,13030.0
T22989,2015-10-01,13140.0
T22989,2015-11-01,13120.0
T22989,2015-12-01,13060.0
T23011,2012-01-01,1125.0
T23011,2012-02-01,1122.8
T23011,2012-03-01,1134.6
T23011,2012-04-01,1121.3
T23011,2012-05-01,1134.6
T23011,2012-06-01,1140.6
T23011,2012-07-01,1079.0
T23011,2012-08-01,1102.9
T23011,2012-09-01,1089.4
T23011,2012-10-01,1085.1
T23011,2012-11-01,1083.4
T23011,2012-12-01,1083.7
T23011,2013-01-01,1098.6
T23011,2013-02-01,1090.4
T23011,2013-03-01,1108.7
T23011,2013-04-01,1107.1
T23011,2013-05-01,1104.5
T23011,2013-06-01,1118.6
T23011,2013-07-01,1064.6
T23011,2013-08-01,1083.0
T23011,2013-09-01,1079.2
T23011,2013-10-01,1063.5
T23011,2013-11-01,1055.4
T23011,2013-12-01,1055.1
T23011,2014-01-01,1056.8
T23011,2014-02-01,1054.7
T23011,2014-03-01,1070.2
T23011,2014-04-01,1061.7
T23011,2014-05-01,1057.0
T23011,2014-06-01,1071.5
T23011,2014-07-01,1028.7
T23011,2014-08-01,1071.2
T23011,2014-09-01,1074.4
T23011,2014-10-01,1083.6
T23011,2014-11-01,1077.7
T23011,2014-12-01,1078.3
T23011,2015-01-01,1091.5
T23011,2015-02-01,1093.7
T23011,2015-03-01,1106.7
T23011,2015-04-01,1101.5
T23011,2015-05-01,1105.7
T23011,2015-06-01,1120.0
T23011,2015-07-01,1070.7
T23011,2015-08-01,1092.0
T23011,2015-09-01,1089.9
T23011,2015-10-01,1098.0
T23011,2015-11-01,1098.5
T23011,2015-12-01,1094.1
T23022,2012-01-01,2096.2
T23022,2012-02-01,2104.7
T23022,2012-03-01,2107.7
T23022,2012-04-01,2114.1
T23022,2012-05-01,2127.0
T23022,2012-06-01,2162.3
T23022,2012-07-01,2166.2
T23022,2012-08-01,2132.6
T23022,2012-09-01,2136.6
T23022,2012-10-01,2158.0
T23022,2012-11-01,2158.6
T23022,2012-12-01,2141.9
T23022,2013-01-01,2104.2
T23022,2013-02-01,2098.6
T23022,2013-03-01,2104.5
T23022,2013-04-01,2109.1
T23022,2013-05-01,2121.2
T23022,2013-06-01,2151.8
T23022,2013-07-01,2156.4
T23022,2013-08-01,2118.8
T23022,2013-09-01,2114.3
T23022,2013-10-01,2115.6
T23022,2013-11-01,2115.7
T23022,2013-12-01,2094.0
T23022,2014-01-01,2077.6
T23022,2014-02-01,2069.6
T23022,2014-03-01,2077.7
T23022,2014-04-01,2067.5
T23022,2014-05-01,2078.6
T23022,2014-06-01,2111.4
T23022,2014-07-01,2122.7
T23022,2014-08-01,2093.4
T23022,2014-09-01,2092.2
T23022,2014-10-01,2120.7
T23022,2014-11-01,2129.3
T23022,2014-12-01,2112.7
T23022,2015-01-01,2123.8
T23022,2015-02-01,2129.6
T23022,2015-03-01,2142.5
T23022,2015-04-01,2152.0
T23022,2015-05-01,2163.7
T23022,2015-06-01,2186.7
T23022,2015-07-01,2193.0
T23022,2015-08-01,2153.9
T23022,2015-09-01,2148.6
T23022,2015-10-01,2169.8
T23022,2015-11-01,2172.9
T23022,2015-12-01,2159.8
T23085,2012-01-01,1853.57
T23085,2012-02-01,1850.48
T23085,2012-03-01,1855.85
T23085,2012-04-01,1852.27
T23085,2012-05-01,1873.4
T23085,2012-06-01,1909.71
T23085,2012-07-01,1916.26
T23085,2012-08-01,1893.62
T23085,2012-09-01,1876.1
T23085,2012-10-01,1882.45
T23085,2012-11-01,1875.91
T23085,2012-12-01,1877.69
T23085,2013-01-01,1875.85
T23085,2013-02-01,1860.31
T23085,2013-03-01,1852.83
T23085,2013-04-01,1855.05
T23085,2013-05-01,1868.71
T23085,2013-06-01,1900.06
T23085,2013-07-01,1903.73
T23085,2013-08-01,1875.74
T23085,2013-09-01,1854.92
T23085,2013-10-01,1837.07
T23085,2013-11-01,1840.09
T23085,2013-12-01,1833.15
T23085,2014-01-01,1827.01
T23085,2014-02-01,1823.07
T23085,2014-03-01,1827.36
T23085,2014-04-01,1817.6
T23085,2014-05-01,1834.93
T23085,2014-06-01,1858.82
T23085,2014-07-01,1864.04
T23085,2014-08-01,1841.2
T23085,2014-09-01,1820.0
T23085,2014-10-01,1821.71
T23085,2014-11-01,1819.41
T23085,2014-12-01,1816.19
T23085,2015-01-01,1830.95
T23085,2015-02-01,1819.1
T23085,2015-03-01,1816.31
T23085,2015-04-01,1821.74
T23085,2015-05-01,1843.75
T23085,2015-06-01,1857.51
T23085,2015-07-01,1868.05
T23085,2015-08-01,1848.78
T23085,2015-09-01,1827.53
T23085,2015-10-01,1830.63
T23085,2015-11-01,1828.56
T23085,2015-12-01,1829.54
T23158,2012-01-01,1704.23
T23158,2012-02-01,1703.52
T23158,2012-03-01,1741.91
T23158,2012-04-01,1814.45
T23158,2012-05-01,1842.78
T23158,2012-06-01,1906.16
T23158,2012-07-01,1931.94
T23158,2012-08-01,1882.41
T23158,2012-09-01,1809.81
T23158,2012-10-01,1781.32
T23158,2012-11-01,1739.55
T23158,2012-12-01,1724.48
T23158,2013-01-01,1712.32
T23158,2013-02-01,1718.18
T23158,2013-03-01,1749.86
T23158,2013-04-01,1819.41
T23158,2013-05-01,1857.98
T23158,2013-06-01,1923.07
T23158,2013-07-01,1938.86
T23158,2013-08-01,1888.27
T23158,2013-09-01,1819.06
T23158,2013-10-01,1768.04
T23158,2013-11-01,1735.75
T23158,2013-12-01,1706.13
T23158,2014-01-01,1688.71
T23158,2014-02-01,1701.09
T23158,2014-03-01,1756.06
T23158,2014-04-01,1810.68
T23158,2014-05-01,1866.55
T23158,2014-06-01,1922.22
T23158,2014-07-01,1943.53
T23158,2014-08-01,1905.34
T23158,2014-09-01,1842.11
T23158,2014-10-01,1808.32
T23158,2014-11-01,1777.83
T23158,2014-12-01,1751.45
T23158,2015-01-01,1743.0
T23158,2015-02-01,1765.49
T23158,2015-03-01,1802.63
T23158,2015-04-01,1864.97
T23158,2015-05-01,1909.01
T23158,2015-06-01,1953.43
T23158,2015-07-01,1961.1
T23158,2015-08-01,1918.73
T23158,2015-09-01,1859.77
T23158,2015-10-01,1824.84
T23158,2015-11-01,1808.11
T23158,2015-12-01,1787.15
T23292,2012-01-01,2143.0
T23292,2012-02-01,2155.7
T23292,2012-03-01,2151.7
T23292,2012-04-01,2171.3
T23292,2012-05-01,2175.9
T23292,2012-06-01,2217.0
T23292,2012-07-01,2215.9
T23292,2012-08-01,2170.5
T23292,2012-09-01,2165.1
T23292,2012-10-01,2170.5
T23292,2012-11-01,2172.2
T23292,2012-12-01,2153.6
T23292,2013-01-01,2128.8
T23292,2013-02-01,2136.1
T23292,2013-03-01,2124.1
T23292,2013-04-01,2151.6
T23292,2013-05-01,2147.5
T23292,2013-06-01,2208.1
T23292,2013-07-01,2226.0
T23292,2013-08-01,2146.7
T23292,2013-09-01,2142.8
T23292,2013-10-01,2134.3
T23292,2013-11-01,2152.0
T23292,2013-12-01,2151.0
T23292,2014-01-01,2116.5
T23292,2014-02-01,2144.5
T23292,2014-03-01,2135.0
T23292,2014-04-01,2142.4
T23292,2014-05-01,2126.4
T23292,2014-06-01,2194.4
T23292,2014-07-01,2199.1
T23292,2014-08-01,2138.3
T23292,2014-09-01,2136.5
T23292,2014-10-01,2130.4
T23292,2014-11-01,2142.0
T23292,2014-12-01,2109.6
T23292,2015-01-01,2082.1
T23292,2015-02-01,2101.3
T23292,2015-03-01,2112.1
T23292,2015-04-01,2120.7
T23292,2015-05-01,2121.7
T23292,2015-06-01,2168.5
T23292,2015-07-01,2155.3
T23292,2015-08-01,2109.5
T23292,2015-09-01,2128.1
T23292,2015-10-01,2125.4
T23292,2015-11-01,2146.1
T23292,2015-12-01,2137.5
T23443,2012-01-01,2878.0
T23443,2012-02-01,2878.0
T23443,2012-03-01,2828.0
T23443,2012-04-01,2856.0
T23443,2012-05-01,2869.0
T23443,2012-06-01,2886.0
T23443,2012-07-01,2875.0
T23443,2012-08-01,2893.0
T23443,2012-09-01,2916.0
T23443,2012-10-01,2898.0
T23443,2012-11-01,2878.0
T23443,2012-12-01,2865.0
T23443,2013-01-01,2902.0
T23443,2013-02-01,2877.0
T23443,2013-03-01,2811.0
T23443,2013-04-01,2868.0
T23443,2013-05-01,2928.0
T23443,2013-06-01,2914.0
T23443,2013-07-01,2909.0
T23443,2013-08-01,2935.0
T23443,2013-09-01,2903.0
T23443,2013-10-01,2897.0
T23443,2013-11-01,2908.0
T23443,2013-12-01,2884.0
T23443,2014-01-01,3053.0
T23443,2014-02-01,3009.0
T23443,2014-03-01,2999.0
T23443,2014-04-01,2972.0
T23443,2014-05-01,3005.0
T23443,2014-06-01,3045.0
T23443,2014-07-01,3008.0
T23443,2014-08-01,3004.0
T23443,2014-09-01,2915.0
T23443,2014-10-01,2989.0
T23443,2014-11-01,2894.0
T23443,2014-12-01,2878.0
T23443,2015-01-01,2957.0
T23443,2015-02-01,2986.0
T23443,2015-03-01,2992.0
T23443,2015-04-01,3021.0
T23443,2015-05-01,2979.0
T23443,2015-06-01,3045.0
T23443,2015-07-01,2980.0
T23443,2015-08-01,3054.0
T23443,2015-09-01,2992.0
T23443,2015-10-01,2977.0
T23443,2015-11-01,2977.0
T23443,2015-12-01,3010.0
T23530,2012-01-01,2230.0
T23530,2012-02-01,2250.0
T23530,2012-03-01,2260.0
T23530,2012-04-01,2260.0
T23530,2012-05-01,2260.0
T23530,2012-06-01,2260.0
T23530,2012-07-01,2220.0
T23530,2012-08-01,2240.0
T23530,2012-09-01,2260.0
T23530,2012-10-01,2280.0
T23530,2012-11-01,2280.0
T23530,2012-12-01,2280.0
T23530,2013-01-01,2280.0
T23530,2013-02-01,2280.0
T23530,2013-03-01,2290.0
T23530,2013-04-01,2280.0
T23530,2013-05-01,2290.0
T23530,2013-06-01,2280.0
T23530,2013-07-01,2270.0
T23530,2013-08-01,2280.0
T23530,2013-09-01,2290.0
T23530,2013-10-01,2300.0
T23530,2013-11-01,2300.0
T23530,2013-12-01,2310.0
T23530,2014-01-01,2280.0
T23530,2014-02-01,2310.0
T23530,2014-03-01,2310.0
T23530,2014-04-01,2300.0
T23530,2014-05-01,2310.0
T23530,2014-06-01,2320.0
T23530,2014-07-01,2290.0
T23530,2014-08-01,2320.0
T23530,2014-09-01,2340.0
T23530,2014-10-01,2350.0
T23530,2014-11-01,2370.0
T23530,2014-12-01,2370.0
T23530,2015-01-01,2390.0
T23530,2015-02-01,2420.0
T23530,2015-03-01,2430.0
T23530,2015-04-01,2430.0
T23530,2015-05-01,2420.0
T23530,2015-06-01,2420.0
T23530,2015-07-01,2420.0
T23530,2015-08-01,2430.0
T23530,2015-09-01,2440.0
T23530,2015-10-01,2460.0
T23530,2015-11-01,2470.0
T23530,2015-12-01,2480.0
T23539,2012-01-01,3802.0
T23539,2012-02-01,3731.0
T23539,2012-03-01,3769.0
T23539,2012-04-01,3749.0
T23539,2012-05-01,3915.0
T23539,2012-06-01,4028.0
T23539,2012-07-01,3919.0
T23539,2012-08-01,3856.0
T23539,2012-09-01,3851.0
T23539,2012-10-01,3755.0
T23539,2012-11-01,3748.0
T23539,2012-12-01,3667.0
T23539,2013-01-01,3688.0
T23539,2013-02-01,3635.0
T23539,2013-03-01,3602.0
T23539,2013-04-01,3608.0
T23539,2013-05-01,3680.0
T23539,2013-06-01,3763.0
T23539,2013-07-01,3681.0
T23539,2013-08-01,3754.0
T23539,2013-09-01,3723.0
T23539,2013-10-01,3730.0
T23539,2013-11-01,3711.0
T23539,2013-12-01,3720.0
T23539,2014-01-01,3787.0
T23539,2014-02-01,3635.0
T23539,2014-03-01,3619.0
T23539,2014-04-01,3631.0
T23539,2014-05-01,3697.0
T23539,2014-06-01,3811.0
T23539,2014-07-01,3760.0
T23539,2014-08-01,3883.0
T23539,2014-09-01,3771.0
T23539,2014-10-01,3736.0
T23539,2014-11-01,3679.0
T23539,2014-12-01,3603.0
T23539,2015-01-01,3660.0
T23539,2015-02-01,3532.0
T23539,2015-03-01,3533.0
T23539,2015-04-01,3571.0
T23539,2015-05-01,3740.0
T23539,2015-06-01,3999.0
T23539,2015-07-01,3874.0
T23539,2015-08-01,3911.0
T23539,2015-09-01,3774.0
T23539,2015-10-01,3689.0
T23539,2015-11-01,3686.0
T23539,2015-12-01,3565.0
T29007,2012-01-01,2007.0
T29007,2012-02-01,2016.0
T29007,2012-03-01,2040.0
T29007,2012-04-01,2051.0
T29007,2012-05-01,2066.0
T29007,2012-06-01,2096.0
T29007,2012-07-01,2103.0
T29007,2012-08-01,2121.0
T29007,2012-09-01,2123.0
T29007,2012-10-01,2127.0
T29007,2012-11-01,2123.0
T29007,2012-12-01,2114.0
T29007,2013-01-01,2079.0
T29007,2013-02-01,2096.0
T29007,2013-03-01,2110.0
T29007,2013-04-01,2117.0
T29007,2013-05-01,2136.0
T29007,2013-06-01,2164.0
T29007,2013-07-01,2166.0
T29007,2013-08-01,2170.0
T29007,2013-09-01,2160.0
T29007,2013-10-01,2168.0
T29007,2013-11-01,2165.0
T29007,2013-12-01,2158.0
T29007,2014-01-01,2145.0
T29007,2014-02-01,2159.0
T29007,2014-03-01,2159.0
T29007,2014-04-01,2174.0
T29007,2014-05-01,2179.0
T29007,2014-06-01,2182.0
T29007,2014-07-01,2179.0
T29007,2014-08-01,2178.0
T29007,2014-09-01,2165.0
T29007,2014-10-01,2178.0
T29007,2014-11-01,2183.0
T29007,2014-12-01,2186.0
T29007,2015-01-01,2160.0
T29007,2015-02-01,2177.0
T29007,2015-03-01,2182.0
T29007,2015-04-01,2194.0
T29007,2015-05-01,2204.0
T29007,2015-06-01,2218.0
T29007,2015-07-01,2237.0
T29007,2015-08-01,2242.0
T29007,2015-09-01,2236.0
T29007,2015-10-01,2239.0
T29007,2015-11-01,2272.0
T29007,2015-12-01,2257.0
T29080,2012-01-01,1510.0
T29080,2012-02-01,1520.0
T29080,2012-03-01,1520.0
T29080,2012-04-01,1550.0
T29080,2012-05-01,1560.0
T29080,2012-06-01,1570.0
T29080,2012-07-01,1570.0
T29080,2012-08-01,1590.0
T29080,2012-09-01,1590.0
T29080,2012-10-01,1600.0
T29080,2012-11-01,1620.0
T29080,2012-12-01,1640.0
T29080,2013-01-01,1630.0
T29080,2013-02-01,1650.0
T29080,2013-03-01,1660.0
T29080,2013-04-01,1660.0
T29080,2013-05-01,1670.0
T29080,2013-06-01,1680.0
T29080,2013-07-01,1670.0
T29080,2013-08-01,1670.0
T29080,2013-09-01,1670.0
T29080,2013-10-01,1670.0
T29080,2013-11-01,1650.0
T29080,2013-12-01,1650.0
T29080,2014-01-01,1640.0
T29080,2014-02-01,1650.0
T29080,2014-03-01,1660.0
T29080,2014-04-01,1650.0
T29080,2014-05-01,1640.0
T29080,2014-06-01,1640.0
T29080,2014-07-01,1650.0
T29080,2014-08-01,1660.0
T29080,2014-09-01,1640.0
T29080,2014-10-01,1640.0
T29080,2014-11-01,1640.0
T29080,2014-12-01,1640.0
T29080,2015-01-01,1660.0
T29080,2015-02-01,1650.0
T29080,2015-03-01,1650.0
T29080,2015-04-01,1660.0
T29080,2015-05-01,1670.0
T29080,2015-06-01,1670.0
T29080,2015-07-01,1700.0
T29080,2015-08-01,1700.0
T29080,2015-09-01,1700.0
T29080,2015-10-01,1730.0
T29080,2015-11-01,1740.0
T29080,2015-12-01,1740.0
T29256,2012-01-01,5130.0
T29256,2012-02-01,5200.0
T29256,2012-03-01,5260.0
T29256,2012-04-01,5280.0
T29256,2012-05-01,5350.0
T29256,2012-06-01,5440.0
T29256,2012-07-01,5400.0
T29256,2012-08-01,5450.0
T29256,2012-09-01,5450.0
T29256,2012-10-01,5470.0
T29256,2012-11-01,5500.0
T29256,2012-12-01,5510.0
T29256,2013-01-01,5340.0
T29256,2013-02-01,5400.0
T29256,2013-03-01,5480.0
T29256,2013-04-01,5550.0
T29256,2013-05-01,5620.0
T29256,2013-06-01,5680.0
T29256,2013-07-01,5680.0
T29256,2013-08-01,5740.0
T29256,2013-09-01,5760.0
T29256,2013-10-01,5800.0
T29256,2013-11-01,5880.0
T29256,2013-12-01,5850.0
T29256,2014-01-01,5680.0
T29256,2014-02-01,5780.0
T29256,2014-03-01,5850.0
T29256,2014-04-01,5960.0
T29256,2014-05-01,6050.0
T29256,2014-06-01,6140.0
T29256,2014-07-01,6150.0
T29256,2014-08-01,6180.0
T29256,2014-09-01,6180.0
T29256,2014-10-01,6190.0
T29256,2014-11-01,6170.0
T29256,2014-12-01,6180.0
T29256,2015-01-01,6090.0
T29256,2015-02-01,6160.0
T29256,2015-03-01,6240.0
T29256,2015-04-01,6320.0
T29256,2015-05-01,6380.0
T29256,2015-06-01,6460.0
T29256,2015-07-01,6480.0
T29256,2015-08-01,6540.0
T29256,2015-09-01,6580.0
T29256,2015-10-01,6550.0
T29256,2015-11-01,6510.0
T29256,2015-12-01,6470.0
T29661,2012-01-01,1380.0
T29661,2012-02-01,1380.0
T29661,2012-03-01,1390.0
T29661,2012-04-01,1380.0
T29661,2012-05-01,1380.0
T29661,2012-06-01,1390.0
T29661,2012-07-01,1400.0
T29661,2012-08-01,1410.0
T29661,2012-09-01,1410.0
T29661,2012-10-01,1400.0
T29661,2012-11-01,1390.0
T29661,2012-12-01,1410.0
T29661,2013-01-01,1410.0
T29661,2013-02-01,1420.0
T29661,2013-03-01,1430.0
T29661,2013-04-01,1420.0
T29661,2013-05-01,1430.0
T29661,2013-06-01,1430.0
T29661,2013-07-01,1430.0
T29661,2013-08-01,1430.0
T29661,2013-09-01,1430.0
T29661,2013-10-01,1420.0
T29661,2013-11-01,1420.0
T29661,2013-12-01,1420.0
T29661,2014-01-01,1430.0
T29661,2014-02-01,1440.0
T29661,2014-03-01,1450.0
T29661,2014-04-01,1450.0
T29661,2014-05-01,1460.0
T29661,2014-06-01,1470.0
T29661,2014-07-01,1490.0
T29661,2014-08-01,1490.0
T29661,2014-09-01,1480.0
T29661,2014-10-01,1480.0
T29661,2014-11-01,1490.0
T29661,2014-12-01,1500.0
T29661,2015-01-01,1500.0
T29661,2015-02-01,1510.0
T29661,2015-03-01,1500.0
T29661,2015-04-01,1490.0
T29661,2015-05-01,1500.0
T29661,2015-06-01,1500.0
T29661,2015-07-01,1490.0
T29661,2015-08-01,1480.0
T29661,2015-09-01,1460.0
T29661,2015-10-01,1430.0
T29661,2015-11-01,1430.0
T29661,2015-12-01,1430.0
T29832,2012-01-01,1760.0
T29832,2012-02-01,1760.0
T29832,2012-03-01,1760.0
T29832,2012-04-01,1780.0
T29832,2012-05-01,1820.0
T29832,2012-06-01,1860.0
T29832,2012-07-01,1900.0
T29832,2012-08-01,1930.0
T29832,2012-09-01,1910.0
T29832,2012-10-01,1890.0
T29832,2012-11-01,1850.0
T29832,2012-12-01,1840.0
T29832,2013-01-01,1800.0
T29832,2013-02-01,1800.0
T29832,2013-03-01,1810.0
T29832,2013-04-01,1840.0
T29832,2013-05-01,1870.0
T29832,2013-06-01,1900.0
T29832,2013-07-01,1940.0
T29832,2013-08-01,1960.0
T29832,2013-09-01,1950.0
T29832,2013-10-01,1950.0
T29832,2013-11-01,1940.0
T29832,2013-12-01,1900.0
T29832,2014-01-01,1900.0
T29832,2014-02-01,1900.0
T29832,2014-03-01,1920.0
T29832,2014-04-01,1940.0
T29832,2014-05-01,1960.0
T29832,2014-06-01,1990.0
T29832,2014-07-01,2020.0
T29832,2014-08-01,2020.0
T29832,2014-09-01,2020.0
T29832,2014-10-01,2000.0
T29832,2014-11-01,1970.0
T29832,2014-12-01,1950.0
T29832,2015-01-01,1930.0
T29832,2015-02-01,1940.0
T29832,2015-03-01,1940.0
T29832,2015-04-01,1980.0
T29832,2015-05-01,2010.0
T29832,2015-06-01,2020.0
T29832,2015-07-01,2070.0
T29832,2015-08-01,2070.0
T29832,2015-09-01,2070.0
T29832,2015-10-01,2060.0
T29832,2015-11-01,2030.0
T29832,2015-12-01,2030.0
T30074,2012-01-01,3670.0
T30074,2012-02-01,3720.0
T30074,2012-03-01,3780.0
T30074,2012-04-01,3840.0
T30074,2012-05-01,3900.0
T30074,2012-06-01,3970.0
T30074,2012-07-01,3970.0
T30074,2012-08-01,4040.0
T30074,2012-09-01,4150.0
T30074,2012-10-01,4110.0
T30074,2012-11-01,4010.0
T30074,2012-12-01,3990.0
T30074,2013-01-01,3770.0
T30074,2013-02-01,3800.0
T30074,2013-03-01,3870.0
T30074,2013-04-01,3800.0
T30074,2013-05-01,3860.0
T30074,2013-06-01,3830.0
T30074,2013-07-01,3800.0
T30074,2013-08-01,3850.0
T30074,2013-09-01,3870.0
T30074,2013-10-01,3860.0
T30074,2013-11-01,3900.0
T30074,2013-12-01,3810.0
T30074,2014-01-01,3740.0
T30074,2014-02-01,3700.0
T30074,2014-03-01,3810.0
T30074,2014-04-01,3930.0
T30074,2014-05-01,4030.0
T30074,2014-06-01,4040.0
T30074,2014-07-01,3960.0
T30074,2014-08-01,3980.0
T30074,2014-09-01,4080.0
T30074,2014-10-01,4160.0
T30074,2014-11-01,4190.0
T30074,2014-12-01,4150.0
T30074,2015-01-01,4130.0
T30074,2015-02-01,4130.0
T30074,2015-03-01,4280.0
T30074,2015-04-01,4340.0
T30074,2015-05-01,4480.0
T30074,2015-06-01,4460.0
T30074,2015-07-01,4400.0
T30074,2015-08-01,4480.0
T30074,2015-09-01,4590.0
T30074,2015-10-01,4740.0
T30074,2015-11-01,4730.0
T30074,2015-12-01,4780.0
T30101,2012-01-01,3110.0
T30101,2012-02-01,3140.0
T30101,2012-03-01,3160.0
T30101,2012-04-01,3160.0
T30101,2012-05-01,3200.0
T30101,2012-06-01,3220.0
T30101,2012-07-01,3210.0
T30101,2012-08-01,3200.0
T30101,2012-09-01,3200.0
T30101,2012-10-01,3190.0
T30101,2012-11-01,3190.0
T30101,2012-12-01,3230.0
T30101,2013-01-01,3140.0
T30101,2013-02-01,3180.0
T30101,2013-03-01,3170.0
T30101,2013-04-01,3170.0
T30101,2013-05-01,3180.0
T30101,2013-06-01,3220.0
T30101,2013-07-01,3210.0
T30101,2013-08-01,3180.0
T30101,2013-09-01,3150.0
T30101,2013-10-01,3150.0
T30101,2013-11-01,3160.0
T30101,2013-12-01,3190.0
T30101,2014-01-01,3090.0
T30101,2014-02-01,3130.0
T30101,2014-03-01,3100.0
T30101,2014-04-01,3090.0
T30101,2014-05-01,3120.0
T30101,2014-06-01,3150.0
T30101,2014-07-01,3150.0
T30101,2014-08-01,3150.0
T30101,2014-09-01,3100.0
T30101,2014-10-01,3100.0
T30101,2014-11-01,3110.0
T30101,2014-12-01,3150.0
T30101,2015-01-01,3050.0
T30101,2015-02-01,3080.0
T30101,2015-03-01,3060.0
T30101,2015-04-01,3070.0
T30101,2015-05-01,3100.0
T30101,2015-06-01,3110.0
T30101,2015-07-01,3110.0
T30101,2015-08-01,3110.0
T30101,2015-09-01,3090.0
T30101,2015-10-01,3070.0
T30101,2015-11-01,3070.0
T30101,2015-12-01,3050.0
T30137,2012-01-01,1410.0
T30137,2012-02-01,1420.0
T30137,2012-03-01,1510.0
T30137,2012-04-01,1540.0
T30137,2012-05-01,1520.0
T30137,2012-06-01,1520.0
T30137,2012-07-01,1530.0
T30137,2012-08-01,1560.0
T30137,2012-09-01,1540.0
T30137,2012-10-01,1540.0
T30137,2012-11-01,1510.0
T30137,2012-12-01,1530.0
T30137,2013-01-01,1470.0
T30137,2013-02-01,1490.0
T30137,2013-03-01,1500.0
T30137,2013-04-01,1490.0
T30137,2013-05-01,1500.0
T30137,2013-06-01,1520.0
T30137,2013-07-01,1580.0
T30137,2013-08-01,1610.0
T30137,2013-09-01,1610.0
T30137,2013-10-01,1600.0
T30137,2013-11-01,1580.0
T30137,2013-12-01,1570.0
T30137,2014-01-01,1530.0
T30137,2014-02-01,1520.0
T30137,2014-03-01,1580.0
T30137,2014-04-01,1590.0
T30137,2014-05-01,1590.0
T30137,2014-06-01,1650.0
T30137,2014-07-01,1710.0
T30137,2014-08-01,1760.0
T30137,2014-09-01,1760.0
T30137,2014-10-01,1760.0
T30137,2014-11-01,1770.0
T30137,2014-12-01,1780.0
T30137,2015-01-01,1750.0
T30137,2015-02-01,1760.0
T30137,2015-03-01,1770.0
T30137,2015-04-01,1790.0
T30137,2015-05-01,1830.0
T30137,2015-06-01,1860.0
T30137,2015-07-01,1850.0
T30137,2015-08-01,1850.0
T30137,2015-09-01,1840.0
T30137,2015-10-01,1870.0
T30137,2015-11-01,1890.0
T30137,2015-12-01,1890.0
T30183,2012-01-01,1820.0
T30183,2012-02-01,1830.0
T30183,2012-03-01,1850.0
T30183,2012-04-01,1890.0
T30183,2012-05-01,1940.0
T30183,2012-06-01,1980.0
T30183,2012-07-01,1980.0
T30183,2012-08-01,1990.0
T30183,2012-09-01,1980.0
T30183,2012-10-01,1920.0
T30183,2012-11-01,1890.0
T30183,2012-12-01,1860.0
T30183,2013-01-01,1820.0
T30183,2013-02-01,1810.0
T30183,2013-03-01,1830.0
T30183,2013-04-01,1870.0
T30183,2013-05-01,1940.0
T30183,2013-06-01,1970.0
T30183,2013-07-01,1970.0
T30183,2013-08-01,1980.0
T30183,2013-09-01,1960.0
T30183,2013-10-01,1900.0
T30183,2013-11-01,1880.0
T30183,2013-12-01,1850.0
T30183,2014-01-01,1810.0
T30183,2014-02-01,1820.0
T30183,2014-03-01,1840.0
T30183,2014-04-01,1860.0
T30183,2014-05-01,1930.0
T30183,2014-06-01,1980.0
T30183,2014-07-01,1990.0
T30183,2014-08-01,2000.0
T30183,2014-09-01,1970.0
T30183,2014-10-01,1930.0
T30183,2014-11-01,1910.0
T30183,2014-12-01,1890.0
T30183,2015-01-01,1850.0
T30183,2015-02-01,1870.0
T30183,2015-03-01,1890.0
T30183,2015-04-01,1940.0
T30183,2015-05-01,2020.0
T30183,2015-06-01,2040.0
T30183,2015-07-01,2070.0
T30183,2015-08-01,2080.0
T30183,2015-09-01,2040.0
T30183,2015-10-01,1980.0
T30183,2015-11-01,1940.0
T30183,2015-12-01,1920.0
T38013,2012-01-01,2850.0
T38013,2012-02-01,2880.0
T38013,2012-03-01,2900.0
T38013,2012-04-01,2960.0
T38013,2012-05-01,2990.0
T38013,2012-06-01,3010.0
T38013,2012-07-01,3010.0
T38013,2012-08-01,3040.0
T38013,2012-09-01,3030.0
T38013,2012-10-01,3040.0
T38013,2012-11-01,3040.0
T38013,2012-12-01,3040.0
T38013,2013-01-01,2990.0
T38013,2013-02-01,3050.0
T38013,2013-03-01,3070.0
T38013,2013-04-01,3140.0
T38013,2013-05-01,3200.0
T38013,2013-06-01,3210.0
T38013,2013-07-01,3220.0
T38013,2013-08-01,3230.0
T38013,2013-09-01,3230.0
T38013,2013-10-01,3240.0
T38013,2013-11-01,3260.0
T38013,2013-12-01,3270.0
T38013,2014-01-01,3210.0
T38013,2014-02-01,3240.0
T38013,2014-03-01,3290.0
T38013,2014-04-01,3350.0
T38013,2014-05-01,3390.0
T38013,2014-06-01,3410.0
T38013,2014-07-01,3440.0
T38013,2014-08-01,3440.0
T38013,2014-09-01,3410.0
T38013,2014-10-01,3400.0
T38013,2014-11-01,3400.0
T38013,2014-12-01,3370.0
T38013,2015-01-01,3340.0
T38013,2015-02-01,3400.0
T38013,2015-03-01,3460.0
T38013,2015-04-01,3490.0
T38013,2015-05-01,3540.0
T38013,2015-06-01,3560.0
T38013,2015-07-01,3580.0
T38013,2015-08-01,3510.0
T38013,2015-09-01,3490.0
T38013,2015-10-01,3430.0
T38013,2015-11-01,3450.0
T38013,2015-12-01,3470.0
T38117,2012-01-01,2070.7
T38117,2012-02-01,2081.9
T38117,2012-03-01,2096.5
T38117,2012-04-01,2113.1
T38117,2012-05-01,2125.2
T38117,2012-06-01,2122.3
T38117,2012-07-01,2104.4
T38117,2012-08-01,2122.1
T38117,2012-09-01,2114.9
T38117,2012-10-01,2136.1
T38117,2012-11-01,2156.5
T38117,2012-12-01,2153.0
T38117,2013-01-01,2120.3
T38117,2013-02-01,2134.8
T38117,2013-03-01,2142.0
T38117,2013-04-01,2161.4
T38117,2013-05-01,2168.9
T38117,2013-06-01,2165.9
T38117,2013-07-01,2156.2
T38117,2013-08-01,2178.2
T38117,2013-09-01,2177.0
T38117,2013-10-01,2200.3
T38117,2013-11-01,2219.2
T38117,2013-12-01,2222.1
T38117,2014-01-01,2181.8
T38117,2014-02-01,2183.7
T38117,2014-03-01,2212.9
T38117,2014-04-01,2231.3
T38117,2014-05-01,2248.6
T38117,2014-06-01,2245.0
T38117,2014-07-01,2241.7
T38117,2014-08-01,2266.3
T38117,2014-09-01,2260.2
T38117,2014-10-01,2280.4
T38117,2014-11-01,2304.3
T38117,2014-12-01,2312.2
T38117,2015-01-01,2259.9
T38117,2015-02-01,2272.5
T38117,2015-03-01,2283.7
T38117,2015-04-01,2299.6
T38117,2015-05-01,2319.7
T38117,2015-06-01,2322.1
T38117,2015-07-01,2313.3
T38117,2015-08-01,2327.9
T38117,2015-09-01,2323.1
T38117,2015-10-01,2351.4
T38117,2015-11-01,2370.4
T38117,2015-12-01,2369.3
T38121,2012-01-01,1945.0
T38121,2012-02-01,1951.0
T38121,2012-03-01,1971.0
T38121,2012-04-01,1987.0
T38121,2012-05-01,1979.0
T38121,2012-06-01,1949.0
T38121,2012-07-01,1935.0
T38121,2012-08-01,1958.0
T38121,2012-09-01,1981.0
T38121,2012-10-01,1996.0
T38121,2012-11-01,2005.0
T38121,2012-12-01,2007.0
T38121,2013-01-01,1956.0
T38121,2013-02-01,1972.0
T38121,2013-03-01,1980.0
T38121,2013-04-01,1995.0
T38121,2013-05-01,1981.0
T38121,2013-06-01,1955.0
T38121,2013-07-01,1959.0
T38121,2013-08-01,1983.0
T38121,2013-09-01,1997.0
T38121,2013-10-01,2004.0
T38121,2013-11-01,2011.0
T38121,2013-12-01,2010.0
T38121,2014-01-01,1958.0
T38121,2014-02-01,1961.0
T38121,2014-03-01,1986.0
T38121,2014-04-01,2000.0
T38121,2014-05-01,1987.0
T38121,2014-06-01,1995.0
T38121,2014-07-01,1976.0
T38121,2014-08-01,1998.0
T38121,2014-09-01,2015.0
T38121,2014-10-01,2018.0
T38121,2014-11-01,2028.0
T38121,2014-12-01,2028.0
T38121,2015-01-01,1989.0
T38121,2015-02-01,2003.0
T38121,2015-03-01,2016.0
T38121,2015-04-01,2046.0
T38121,2015-05-01,2043.0
T38121,2015-06-01,2046.0
T38121,2015-07-01,2043.0
T38121,2015-08-01,2082.0
T38121,2015-09-01,2077.0
T38121,2015-10-01,2084.0
T38121,2015-11-01,2091.0
T38121,2015-12-01,2104.0
T38369,2012-01-01,4360.0
T38369,2012-02-01,4390.0
T38369,2012-03-01,4390.0
T38369,2012-04-01,4470.0
T38369,2012-05-01,4460.0
T38369,2012-06-01,4400.0
T38369,2012-07-01,4180.0
T38369,2012-08-01,4460.0
T38369,2012-09-01,4480.0
T38369,2012-10-01,4500.0
T38369,2012-11-01,4550.0
T38369,2012-12-01,4530.0
T38369,2013-01-01,4470.0
T38369,2013-02-01,4490.0
T38369,2013-03-01,4520.0
T38369,2013-04-01,4550.0
T38369,2013-05-01,4550.0
T38369,2013-06-01,4510.0
T38369,2013-07-01,4250.0
T38369,2013-08-01,4530.0
T38369,2013-09-01,4510.0
T38369,2013-10-01,4540.0
T38369,2013-11-01,4550.0
T38369,2013-12-01,4570.0
T38369,2014-01-01,4500.0
T38369,2014-02-01,4460.0
T38369,2014-03-01,4520.0
T38369,2014-04-01,4580.0
T38369,2014-05-01,4630.0
T38369,2014-06-01,4570.0
T38369,2014-07-01,4320.0
T38369,2014-08-01,4610.0
T38369,2014-09-01,4570.0
T38369,2014-10-01,4590.0
T38369,2014-11-01,4640.0
T38369,2014-12-01,4600.0
T38369,2015-01-01,4550.0
T38369,2015-02-01,4550.0
T38369,2015-03-01,4570.0
T38369,2015-04-01,4630.0
T38369,2015-05-01,4650.0
T38369,2015-06-01,4580.0
T38369,2015-07-01,4300.0
T38369,2015-08-01,4570.0
T38369,2015-09-01,4580.0
T38369,2015-10-01,4600.0
T38369,2015-11-01,4630.0
T38369,2015-12-01,4590.0
T38388,2012-01-01,3396.0
T38388,2012-02-01,3429.0
T38388,2012-03-01,3450.0
T38388,2012-04-01,3479.0
T38388,2012-05-01,3497.0
T38388,2012-06-01,3489.0
T38388,2012-07-01,3436.0
T38388,2012-08-01,3442.0
T38388,2012-09-01,3475.0
T38388,2012-10-01,3509.0
T38388,2012-11-01,3534.0
T38388,2012-12-01,3541.0
T38388,2013-01-01,3445.0
T38388,2013-02-01,3469.0
T38388,2013-03-01,3493.0
T38388,2013-04-01,3515.0
T38388,2013-05-01,3535.0
T38388,2013-06-01,3529.0
T38388,2013-07-01,3502.0
T38388,2013-08-01,3511.0
T38388,2013-09-01,3539.0
T38388,2013-10-01,3564.0
T38388,2013-11-01,3583.0
T38388,2013-12-01,3580.0
T38388,2014-01-01,3518.0
T38388,2014-02-01,3538.0
T38388,2014-03-01,3561.0
T38388,2014-04-01,3583.0
T38388,2014-05-01,3605.0
T38388,2014-06-01,3595.0
T38388,2014-07-01,3564.0
T38388,2014-08-01,3568.0
T38388,2014-09-01,3593.0
T38388,2014-10-01,3637.0
T38388,2014-11-01,3656.0
T38388,2014-12-01,3665.0
T38388,2015-01-01,3605.0
T38388,2015-02-01,3618.0
T38388,2015-03-01,3633.0
T38388,2015-04-01,3663.0
T38388,2015-05-01,3674.0
T38388,2015-06-01,3665.0
T38388,2015-07-01,3646.0
T38388,2015-08-01,3632.0
T38388,2015-09-01,3656.0
T38388,2015-10-01,3706.0
T38388,2015-11-01,3719.0
T38388,2015-12-01,3715.0
T655,2012-01-01,2730.0
T655,2012-02-01,2760.0
T655,2012-03-01,2790.0
T655,2012-04-01,2800.0
T655,2012-05-01,2800.0
T655,2012-06-01,2770.0
T655,2012-07-01,2770.0
T655,2012-08-01,2780.0
T655,2012-09-01,2800.0
T655,2012-10-01,2790.0
T655,2012-11-01,2780.0
T655,2012-12-01,2790.0
T655,2013-01-01,2780.0
T655,2013-02-01,2820.0
T655,2013-03-01,2820.0
T655,2013-04-01,2820.0
T655,2013-05-01,2820.0
T655,2013-06-01,2800.0
T655,2013-07-01,2830.0
T655,2013-08-01,2830.0
T655,2013-09-01,2850.0
T655,2013-10-01,2860.0
T655,2013-11-01,2850.0
T655,2013-12-01,2850.0
T655,2014-01-01,2860.0
T655,2014-02-01,2870.0
T655,2014-03-01,2880.0
T655,2014-04-01,2880.0
T655,2014-05-01,2890.0
T655,2014-06-01,2880.0
T655,2014-07-01,2860.0
T655,2014-08-01,2880.0
T655,2014-09-01,2890.0
T655,2014-10-01,2900.0
T655,2014-11-01,2900.0
T655,2014-12-01,2920.0
T655,2015-01-01,2890.0
T655,2015-02-01,2910.0
T655,2015-03-01,2920.0
T655,2015-04-01,2930.0
T655,2015-05-01,2930.0
T655,2015-06-01,2900.0
T655,2015-07-01,2920.0
T655,2015-08-01,2980.0
T655,2015-09-01,2990.0
T655,2015-10-01,3020.0
T655,2015-11-01,3020.0
T655,2015-12-01,3000.0
T819,2012-01-01,2444.0
T819,2012-02-01,2461.0
T819,2012-03-01,2479.0
T819,2012-04-01,2499.0
T819,2012-05-01,2527.0
T819,2012-06-01,2537.0
T819,2012-07-01,2519.0
T819,2012-08-01,2540.0
T819,2012-09-01,2539.0
T819,2012-10-01,2552.0
T819,2012-11-01,2564.0
T819,2012-12-01,2556.0
T819,2013-01-01,2498.0
T819,2013-02-01,2519.0
T819,2013-03-01,2538.0
T819,2013-04-01,2558.0
T819,2013-05-01,2588.0
T819,2013-06-01,2598.0
T819,2013-07-01,2579.0
T819,2013-08-01,2599.0
T819,2013-09-01,2601.0
T819,2013-10-01,2605.0
T819,2013-11-01,2617.0
T819,2013-12-01,2609.0
T819,2014-01-01,2548.0
T819,2014-02-01,2559.0
T819,2014-03-01,2576.0
T819,2014-04-01,2609.0
T819,2014-05-01,2650.0
T819,2014-06-01,2658.0
T819,2014-07-01,2637.0
T819,2014-08-01,2658.0
T819,2014-09-01,2656.0
T819,2014-10-01,2675.0
T819,2014-11-01,2681.0
T819,2014-12-01,2682.0
T819,2015-01-01,2623.0
T819,2015-02-01,2644.0
T819,2015-03-01,2656.0
T819,2015-04-01,2686.0
T819,2015-05-01,2722.0
T819,2015-06-01,2737.0
T819,2015-07-01,2729.0
T819,2015-08-01,2744.0
T819,2015-09-01,2756.0
T819,2015-10-01,2757.0
T819,2015-11-01,2751.0
T819,2015-12-01,2769.0
