Region,Datetime,Energy_Consumption_GW
AEP,2018-06-22 00:00:00,14.309
AEP,2018-06-22 01:00:00,13.576
AEP,2018-06-22 02:00:00,12.811
AEP,2018-06-22 03:00:00,12.42
AEP,2018-06-22 04:00:00,12.383
AEP,2018-06-22 05:00:00,12.459
AEP,2018-06-22 06:00:00,12.965
AEP,2018-06-22 07:00:00,13.608
AEP,2018-06-22 08:00:00,14.301
AEP,2018-06-22 09:00:00,14.978
AEP,2018-06-22 10:00:00,15.557
AEP,2018-06-22 11:00:00,16.087
AEP,2018-06-22 12:00:00,16.544
AEP,2018-06-22 13:00:00,17.081
AEP,2018-06-22 14:00:00,17.57
AEP,2018-06-22 15:00:00,17.654
AEP,2018-06-22 16:00:00,17.765
AEP,2018-06-22 17:00:00,17.528
AEP,2018-06-22 18:00:00,17.278
AEP,2018-06-22 19:00:00,16.844
AEP,2018-06-22 20:00:00,16.382
AEP,2018-06-22 21:00:00,15.849
AEP,2018-06-22 22:00:00,15.708
AEP,2018-06-22 23:00:00,14.903
AEP,2018-06-23 00:00:00,13.841
AEP,2018-06-23 01:00:00,13.054
AEP,2018-06-23 02:00:00,12.371
AEP,2018-06-23 03:00:00,11.913
AEP,2018-06-23 04:00:00,11.568
AEP,2018-06-23 05:00:00,11.582
AEP,2018-06-23 06:00:00,11.739
AEP,2018-06-23 07:00:00,11.861
AEP,2018-06-23 08:00:00,12.352
AEP,2018-06-23 09:00:00,13.061
AEP,2018-06-23 10:00:00,13.733
AEP,2018-06-23 11:00:00,14.351
AEP,2018-06-23 12:00:00,14.908
AEP,2018-06-23 13:00:00,15.232
AEP,2018-06-23 14:00:00,15.576
AEP,2018-06-23 15:00:00,15.756
AEP,2018-06-23 16:00:00,16.0
AEP,2018-06-23 17:00:00,16.143
AEP,2018-06-23 18:00:00,16.344
AEP,2018-06-23 19:00:00,16.228
AEP,2018-06-23 20:00:00,15.836
AEP,2018-06-23 21:00:00,15.32
AEP,2018-06-23 22:00:00,15.175
AEP,2018-06-23 23:00:00,14.535
AEP,2018-06-24 00:00:00,13.566
AEP,2018-06-24 01:00:00,12.652
AEP,2018-06-24 02:00:00,12.085
AEP,2018-06-24 03:00:00,11.627
AEP,2018-06-24 04:00:00,11.374
AEP,2018-06-24 05:00:00,11.248
AEP,2018-06-24 06:00:00,11.275
AEP,2018-06-24 07:00:00,11.18
AEP,2018-06-24 08:00:00,11.745
AEP,2018-06-24 09:00:00,12.672
AEP,2018-06-24 10:00:00,13.577
AEP,2018-06-24 11:00:00,14.374
AEP,2018-06-24 12:00:00,15.219
AEP,2018-06-24 13:00:00,15.833
AEP,2018-06-24 14:00:00,16.405
AEP,2018-06-24 15:00:00,16.821
AEP,2018-06-24 16:00:00,17.202
AEP,2018-06-24 17:00:00,17.469
AEP,2018-06-24 18:00:00,17.657
AEP,2018-06-24 19:00:00,17.472
AEP,2018-06-24 20:00:00,17.084
AEP,2018-06-24 21:00:00,16.544
AEP,2018-06-24 22:00:00,16.152
AEP,2018-06-24 23:00:00,15.332
AEP,2018-06-25 00:00:00,14.132
AEP,2018-06-25 01:00:00,13.136
AEP,2018-06-25 02:00:00,12.512
AEP,2018-06-25 03:00:00,12.057
AEP,2018-06-25 04:00:00,11.86
AEP,2018-06-25 05:00:00,11.875
AEP,2018-06-25 06:00:00,12.495
AEP,2018-06-25 07:00:00,13.201
AEP,2018-06-25 08:00:00,14.098
AEP,2018-06-25 09:00:00,14.721
AEP,2018-06-25 10:00:00,15.294
AEP,2018-06-25 11:00:00,15.945
AEP,2018-06-25 12:00:00,16.435
AEP,2018-06-25 13:00:00,16.954
AEP,2018-06-25 14:00:00,17.432
AEP,2018-06-25 15:00:00,17.66
AEP,2018-06-25 16:00:00,17.696
AEP,2018-06-25 17:00:00,17.692
AEP,2018-06-25 18:00:00,17.556
AEP,2018-06-25 19:00:00,17.451
AEP,2018-06-25 20:00:00,17.068
AEP,2018-06-25 21:00:00,16.601
AEP,2018-06-25 22:00:00,16.337
AEP,2018-06-25 23:00:00,15.436
AEP,2018-06-26 00:00:00,14.265
AEP,2018-06-26 01:00:00,13.301
AEP,2018-06-26 02:00:00,12.594
AEP,2018-06-26 03:00:00,12.228
AEP,2018-06-26 04:00:00,12.02
AEP,2018-06-26 05:00:00,11.975
AEP,2018-06-26 06:00:00,12.483
AEP,2018-06-26 07:00:00,13.107
AEP,2018-06-26 08:00:00,13.87
AEP,2018-06-26 09:00:00,14.543
AEP,2018-06-26 10:00:00,15.119
AEP,2018-06-26 11:00:00,16.01
AEP,2018-06-26 12:00:00,16.638
AEP,2018-06-26 13:00:00,17.198
AEP,2018-06-26 14:00:00,17.493
AEP,2018-06-26 15:00:00,17.494
AEP,2018-06-26 16:00:00,17.395
AEP,2018-06-26 17:00:00,17.122
AEP,2018-06-26 18:00:00,16.855
AEP,2018-06-26 19:00:00,16.545
AEP,2018-06-26 20:00:00,16.262
AEP,2018-06-26 21:00:00,15.951
AEP,2018-06-26 22:00:00,15.8
AEP,2018-06-26 23:00:00,14.973
AEP,2018-06-27 00:00:00,14.013
AEP,2018-06-27 01:00:00,13.118
AEP,2018-06-27 02:00:00,12.641
AEP,2018-06-27 03:00:00,12.286
AEP,2018-06-27 04:00:00,12.081
AEP,2018-06-27 05:00:00,12.256
AEP,2018-06-27 06:00:00,12.795
AEP,2018-06-27 07:00:00,13.538
AEP,2018-06-27 08:00:00,14.256
AEP,2018-06-27 09:00:00,14.81
AEP,2018-06-27 10:00:00,15.17
AEP,2018-06-27 11:00:00,15.71
AEP,2018-06-27 12:00:00,16.095
AEP,2018-06-27 13:00:00,16.64
AEP,2018-06-27 14:00:00,17.297
AEP,2018-06-27 15:00:00,17.649
AEP,2018-06-27 16:00:00,17.801
AEP,2018-06-27 17:00:00,17.831
AEP,2018-06-27 18:00:00,17.726
AEP,2018-06-27 19:00:00,17.682
AEP,2018-06-27 20:00:00,17.396
AEP,2018-06-27 21:00:00,16.897
AEP,2018-06-27 22:00:00,16.666
AEP,2018-06-27 23:00:00,15.936
AEP,2018-06-28 00:00:00,14.638
AEP,2018-06-28 01:00:00,13.702
AEP,2018-06-28 02:00:00,12.973
AEP,2018-06-28 03:00:00,12.639
AEP,2018-06-28 04:00:00,12.454
AEP,2018-06-28 05:00:00,12.345
AEP,2018-06-28 06:00:00,12.81
AEP,2018-06-28 07:00:00,13.461
AEP,2018-06-28 08:00:00,14.352
AEP,2018-06-28 09:00:00,15.124
AEP,2018-06-28 10:00:00,15.796
AEP,2018-06-28 11:00:00,16.742
AEP,2018-06-28 12:00:00,17.449
AEP,2018-06-28 13:00:00,18.285
AEP,2018-06-28 14:00:00,18.807
AEP,2018-06-28 15:00:00,19.406
AEP,2018-06-28 16:00:00,19.677
AEP,2018-06-28 17:00:00,20.083
AEP,2018-06-28 18:00:00,20.147
AEP,2018-06-28 19:00:00,20.061
AEP,2018-06-28 20:00:00,19.578
AEP,2018-06-28 21:00:00,18.816
AEP,2018-06-28 22:00:00,18.304
AEP,2018-06-28 23:00:00,17.157
AEP,2018-06-29 00:00:00,15.747
AEP,2018-06-29 01:00:00,14.515
AEP,2018-06-29 02:00:00,13.721
AEP,2018-06-29 03:00:00,12.964
AEP,2018-06-29 04:00:00,12.72
AEP,2018-06-29 05:00:00,12.641
AEP,2018-06-29 06:00:00,12.993
AEP,2018-06-29 07:00:00,13.558
AEP,2018-06-29 08:00:00,14.505
AEP,2018-06-29 09:00:00,15.552
AEP,2018-06-29 10:00:00,16.725
AEP,2018-06-29 11:00:00,17.867
AEP,2018-06-29 12:00:00,18.684
AEP,2018-06-29 13:00:00,19.53
AEP,2018-06-29 14:00:00,20.228
AEP,2018-06-29 15:00:00,20.579
AEP,2018-06-29 16:00:00,20.711
AEP,2018-06-29 17:00:00,20.842
AEP,2018-06-29 18:00:00,20.899
AEP,2018-06-29 19:00:00,20.659
AEP,2018-06-29 20:00:00,20.405
AEP,2018-06-29 21:00:00,19.578
AEP,2018-06-29 22:00:00,18.945
AEP,2018-06-29 23:00:00,17.624
AEP,2018-06-30 00:00:00,16.268
AEP,2018-06-30 01:00:00,14.981
AEP,2018-06-30 02:00:00,13.938
AEP,2018-06-30 03:00:00,13.298
AEP,2018-06-30 04:00:00,12.809
AEP,2018-06-30 05:00:00,12.459
AEP,2018-06-30 06:00:00,12.423
AEP,2018-06-30 07:00:00,12.386
AEP,2018-06-30 08:00:00,13.08
AEP,2018-06-30 09:00:00,14.336
AEP,2018-06-30 10:00:00,15.664
AEP,2018-06-30 11:00:00,17.016
AEP,2018-06-30 12:00:00,17.932
AEP,2018-06-30 13:00:00,19.001
AEP,2018-06-30 14:00:00,19.627
AEP,2018-06-30 15:00:00,20.009
AEP,2018-06-30 16:00:00,20.433
AEP,2018-06-30 17:00:00,20.685
AEP,2018-06-30 18:00:00,20.745
AEP,2018-06-30 19:00:00,20.42
AEP,2018-06-30 20:00:00,19.888
AEP,2018-06-30 21:00:00,19.067
AEP,2018-06-30 22:00:00,18.389
AEP,2018-06-30 23:00:00,17.393
COMED,2018-06-22 00:00:00,10.622
COMED,2018-06-22 01:00:00,9.914
COMED,2018-06-22 02:00:00,9.378
COMED,2018-06-22 03:00:00,9.012
COMED,2018-06-22 04:00:00,8.822
COMED,2018-06-22 05:00:00,8.687
COMED,2018-06-22 06:00:00,8.843
COMED,2018-06-22 07:00:00,9.253
COMED,2018-06-22 08:00:00,10.029
COMED,2018-06-22 09:00:00,10.7
COMED,2018-06-22 10:00:00,11.146
COMED,2018-06-22 11:00:00,11.371
COMED,2018-06-22 12:00:00,11.508
COMED,2018-06-22 13:00:00,11.529
COMED,2018-06-22 14:00:00,11.472
COMED,2018-06-22 15:00:00,11.485
COMED,2018-06-22 16:00:00,11.385
COMED,2018-06-22 17:00:00,11.195
COMED,2018-06-22 18:00:00,11.037
COMED,2018-06-22 19:00:00,10.861
COMED,2018-06-22 20:00:00,10.663
COMED,2018-06-22 21:00:00,10.541
COMED,2018-06-22 22:00:00,10.631
COMED,2018-06-22 23:00:00,10.543
COMED,2018-06-23 00:00:00,9.989
COMED,2018-06-23 01:00:00,9.391
COMED,2018-06-23 02:00:00,8.899
COMED,2018-06-23 03:00:00,8.572
COMED,2018-06-23 04:00:00,8.332
COMED,2018-06-23 05:00:00,8.21
COMED,2018-06-23 06:00:00,8.207
COMED,2018-06-23 07:00:00,8.354
COMED,2018-06-23 08:00:00,8.577
COMED,2018-06-23 09:00:00,9.054
COMED,2018-06-23 10:00:00,9.648
COMED,2018-06-23 11:00:00,10.159
COMED,2018-06-23 12:00:00,10.541
COMED,2018-06-23 13:00:00,10.928
COMED,2018-06-23 14:00:00,11.238
COMED,2018-06-23 15:00:00,11.486
COMED,2018-06-23 16:00:00,11.706
COMED,2018-06-23 17:00:00,11.846
COMED,2018-06-23 18:00:00,11.959
COMED,2018-06-23 19:00:00,11.929
COMED,2018-06-23 20:00:00,11.61
COMED,2018-06-23 21:00:00,11.244
COMED,2018-06-23 22:00:00,11.221
COMED,2018-06-23 23:00:00,11.131
COMED,2018-06-24 00:00:00,10.572
COMED,2018-06-24 01:00:00,9.944
COMED,2018-06-24 02:00:00,9.379
COMED,2018-06-24 03:00:00,8.941
COMED,2018-06-24 04:00:00,8.592
COMED,2018-06-24 05:00:00,8.363
COMED,2018-06-24 06:00:00,8.259
COMED,2018-06-24 07:00:00,8.108
COMED,2018-06-24 08:00:00,8.275
COMED,2018-06-24 09:00:00,8.9
COMED,2018-06-24 10:00:00,9.743
COMED,2018-06-24 11:00:00,10.592
COMED,2018-06-24 12:00:00,11.376
COMED,2018-06-24 13:00:00,12.005
COMED,2018-06-24 14:00:00,12.548
COMED,2018-06-24 15:00:00,12.928
COMED,2018-06-24 16:00:00,13.256
COMED,2018-06-24 17:00:00,13.346
COMED,2018-06-24 18:00:00,13.215
COMED,2018-06-24 19:00:00,13.103
COMED,2018-06-24 20:00:00,12.696
COMED,2018-06-24 21:00:00,12.002
COMED,2018-06-24 22:00:00,11.547
COMED,2018-06-24 23:00:00,11.301
COMED,2018-06-25 00:00:00,10.623
COMED,2018-06-25 01:00:00,9.864
COMED,2018-06-25 02:00:00,9.28
COMED,2018-06-25 03:00:00,8.841
COMED,2018-06-25 04:00:00,8.543
COMED,2018-06-25 05:00:00,8.46
COMED,2018-06-25 06:00:00,8.664
COMED,2018-06-25 07:00:00,9.136
COMED,2018-06-25 08:00:00,10.081
COMED,2018-06-25 09:00:00,11.174
COMED,2018-06-25 10:00:00,11.918
COMED,2018-06-25 11:00:00,12.556
COMED,2018-06-25 12:00:00,13.146
COMED,2018-06-25 13:00:00,13.595
COMED,2018-06-25 14:00:00,13.949
COMED,2018-06-25 15:00:00,14.293
COMED,2018-06-25 16:00:00,14.543
COMED,2018-06-25 17:00:00,14.746
COMED,2018-06-25 18:00:00,14.845
COMED,2018-06-25 19:00:00,14.688
COMED,2018-06-25 20:00:00,14.147
COMED,2018-06-25 21:00:00,13.468
COMED,2018-06-25 22:00:00,13.192
COMED,2018-06-25 23:00:00,12.935
COMED,2018-06-26 00:00:00,12.11
COMED,2018-06-26 01:00:00,11.152
COMED,2018-06-26 02:00:00,10.402
COMED,2018-06-26 03:00:00,9.867
COMED,2018-06-26 04:00:00,9.491
COMED,2018-06-26 05:00:00,9.269
COMED,2018-06-26 06:00:00,9.378
COMED,2018-06-26 07:00:00,9.769
COMED,2018-06-26 08:00:00,10.528
COMED,2018-06-26 09:00:00,11.358
COMED,2018-06-26 10:00:00,11.865
COMED,2018-06-26 11:00:00,12.237
COMED,2018-06-26 12:00:00,12.833
COMED,2018-06-26 13:00:00,13.211
COMED,2018-06-26 14:00:00,13.702
COMED,2018-06-26 15:00:00,14.279
COMED,2018-06-26 16:00:00,15.081
COMED,2018-06-26 17:00:00,15.453
COMED,2018-06-26 18:00:00,15.369
COMED,2018-06-26 19:00:00,15.177
COMED,2018-06-26 20:00:00,14.546
COMED,2018-06-26 21:00:00,14.039
COMED,2018-06-26 22:00:00,13.75
COMED,2018-06-26 23:00:00,13.373
COMED,2018-06-27 00:00:00,12.504
COMED,2018-06-27 01:00:00,11.521
COMED,2018-06-27 02:00:00,10.748
COMED,2018-06-27 03:00:00,10.212
COMED,2018-06-27 04:00:00,9.85
COMED,2018-06-27 05:00:00,9.697
COMED,2018-06-27 06:00:00,9.79
COMED,2018-06-27 07:00:00,10.334
COMED,2018-06-27 08:00:00,11.146
COMED,2018-06-27 09:00:00,11.983
COMED,2018-06-27 10:00:00,12.537
COMED,2018-06-27 11:00:00,12.968
COMED,2018-06-27 12:00:00,13.463
COMED,2018-06-27 13:00:00,13.743
COMED,2018-06-27 14:00:00,14.092
COMED,2018-06-27 15:00:00,14.671
COMED,2018-06-27 16:00:00,15.095
COMED,2018-06-27 17:00:00,15.163
COMED,2018-06-27 18:00:00,15.069
COMED,2018-06-27 19:00:00,15.012
COMED,2018-06-27 20:00:00,14.652
COMED,2018-06-27 21:00:00,14.115
COMED,2018-06-27 22:00:00,13.663
COMED,2018-06-27 23:00:00,13.308
COMED,2018-06-28 00:00:00,12.389
COMED,2018-06-28 01:00:00,11.297
COMED,2018-06-28 02:00:00,10.486
COMED,2018-06-28 03:00:00,9.927
COMED,2018-06-28 04:00:00,9.542
COMED,2018-06-28 05:00:00,9.374
COMED,2018-06-28 06:00:00,9.474
COMED,2018-06-28 07:00:00,9.888
COMED,2018-06-28 08:00:00,10.956
COMED,2018-06-28 09:00:00,12.254
COMED,2018-06-28 10:00:00,13.39
COMED,2018-06-28 11:00:00,14.381
COMED,2018-06-28 12:00:00,15.291
COMED,2018-06-28 13:00:00,16.059
COMED,2018-06-28 14:00:00,16.715
COMED,2018-06-28 15:00:00,17.322
COMED,2018-06-28 16:00:00,17.736
COMED,2018-06-28 17:00:00,17.998
COMED,2018-06-28 18:00:00,18.075
COMED,2018-06-28 19:00:00,17.677
COMED,2018-06-28 20:00:00,16.999
COMED,2018-06-28 21:00:00,16.355
COMED,2018-06-28 22:00:00,15.863
COMED,2018-06-28 23:00:00,15.4
COMED,2018-06-29 00:00:00,14.306
COMED,2018-06-29 01:00:00,13.028
COMED,2018-06-29 02:00:00,11.948
COMED,2018-06-29 03:00:00,11.243
COMED,2018-06-29 04:00:00,10.764
COMED,2018-06-29 05:00:00,10.529
COMED,2018-06-29 06:00:00,10.599
COMED,2018-06-29 07:00:00,11.035
COMED,2018-06-29 08:00:00,12.137
COMED,2018-06-29 09:00:00,13.605
COMED,2018-06-29 10:00:00,14.95
COMED,2018-06-29 11:00:00,16.12
COMED,2018-06-29 12:00:00,17.214
COMED,2018-06-29 13:00:00,18.179
COMED,2018-06-29 14:00:00,18.953
COMED,2018-06-29 15:00:00,19.756
COMED,2018-06-29 16:00:00,20.375
COMED,2018-06-29 17:00:00,20.745
COMED,2018-06-29 18:00:00,20.996
COMED,2018-06-29 19:00:00,20.915
COMED,2018-06-29 20:00:00,20.53
COMED,2018-06-29 21:00:00,19.965
COMED,2018-06-29 22:00:00,19.389
COMED,2018-06-29 23:00:00,18.848
COMED,2018-06-30 00:00:00,17.633
COMED,2018-06-30 01:00:00,16.412
COMED,2018-06-30 02:00:00,15.313
COMED,2018-06-30 03:00:00,14.478
COMED,2018-06-30 04:00:00,13.758
COMED,2018-06-30 05:00:00,13.263
COMED,2018-06-30 06:00:00,12.937
COMED,2018-06-30 07:00:00,12.778
COMED,2018-06-30 08:00:00,13.219
COMED,2018-06-30 09:00:00,14.318
COMED,2018-06-30 10:00:00,15.662
COMED,2018-06-30 11:00:00,17.009
COMED,2018-06-30 12:00:00,18.114
COMED,2018-06-30 13:00:00,18.832
COMED,2018-06-30 14:00:00,19.302
COMED,2018-06-30 15:00:00,19.605
COMED,2018-06-30 16:00:00,19.821
COMED,2018-06-30 17:00:00,19.937
COMED,2018-06-30 18:00:00,19.954
COMED,2018-06-30 19:00:00,19.79
COMED,2018-06-30 20:00:00,19.376
COMED,2018-06-30 21:00:00,18.709
COMED,2018-06-30 22:00:00,18.086
COMED,2018-06-30 23:00:00,17.611
DAYTON,2018-06-22 00:00:00,1.919
DAYTON,2018-06-22 01:00:00,1.797
DAYTON,2018-06-22 02:00:00,1.729
DAYTON,2018-06-22 03:00:00,1.666
DAYTON,2018-06-22 04:00:00,1.647
DAYTON,2018-06-22 05:00:00,1.657
DAYTON,2018-06-22 06:00:00,1.727
DAYTON,2018-06-22 07:00:00,1.894
DAYTON,2018-06-22 08:00:00,2.006
DAYTON,2018-06-22 09:00:00,2.121
DAYTON,2018-06-22 10:00:00,2.199
DAYTON,2018-06-22 11:00:00,2.326
DAYTON,2018-06-22 12:00:00,2.434
DAYTON,2018-06-22 13:00:00,2.511
DAYTON,2018-06-22 14:00:00,2.597
DAYTON,2018-06-22 15:00:00,2.625
DAYTON,2018-06-22 16:00:00,2.563
DAYTON,2018-06-22 17:00:00,2.492
DAYTON,2018-06-22 18:00:00,2.456
DAYTON,2018-06-22 19:00:00,2.376
DAYTON,2018-06-22 20:00:00,2.275
DAYTON,2018-06-22 21:00:00,2.208
DAYTON,2018-06-22 22:00:00,2.167
DAYTON,2018-06-22 23:00:00,2.041
DAYTON,2018-06-23 00:00:00,1.856
DAYTON,2018-06-23 01:00:00,1.683
DAYTON,2018-06-23 02:00:00,1.589
DAYTON,2018-06-23 03:00:00,1.53
DAYTON,2018-06-23 04:00:00,1.501
DAYTON,2018-06-23 05:00:00,1.481
DAYTON,2018-06-23 06:00:00,1.499
DAYTON,2018-06-23 07:00:00,1.526
DAYTON,2018-06-23 08:00:00,1.582
DAYTON,2018-06-23 09:00:00,1.704
DAYTON,2018-06-23 10:00:00,1.804
DAYTON,2018-06-23 11:00:00,1.881
DAYTON,2018-06-23 12:00:00,1.902
DAYTON,2018-06-23 13:00:00,1.973
DAYTON,2018-06-23 14:00:00,2.007
DAYTON,2018-06-23 15:00:00,2.05
DAYTON,2018-06-23 16:00:00,2.055
DAYTON,2018-06-23 17:00:00,2.109
DAYTON,2018-06-23 18:00:00,2.095
DAYTON,2018-06-23 19:00:00,2.065
DAYTON,2018-06-23 20:00:00,1.996
DAYTON,2018-06-23 21:00:00,1.931
DAYTON,2018-06-23 22:00:00,1.914
DAYTON,2018-06-23 23:00:00,1.852
DAYTON,2018-06-24 00:00:00,1.692
DAYTON,2018-06-24 01:00:00,1.602
DAYTON,2018-06-24 02:00:00,1.506
DAYTON,2018-06-24 03:00:00,1.443
DAYTON,2018-06-24 04:00:00,1.397
DAYTON,2018-06-24 05:00:00,1.382
DAYTON,2018-06-24 06:00:00,1.374
DAYTON,2018-06-24 07:00:00,1.37
DAYTON,2018-06-24 08:00:00,1.44
DAYTON,2018-06-24 09:00:00,1.599
DAYTON,2018-06-24 10:00:00,1.739
DAYTON,2018-06-24 11:00:00,1.859
DAYTON,2018-06-24 12:00:00,1.963
DAYTON,2018-06-24 13:00:00,2.05
DAYTON,2018-06-24 14:00:00,2.13
DAYTON,2018-06-24 15:00:00,2.178
DAYTON,2018-06-24 16:00:00,2.246
DAYTON,2018-06-24 17:00:00,2.313
DAYTON,2018-06-24 18:00:00,2.378
DAYTON,2018-06-24 19:00:00,2.373
DAYTON,2018-06-24 20:00:00,2.316
DAYTON,2018-06-24 21:00:00,2.232
DAYTON,2018-06-24 22:00:00,2.175
DAYTON,2018-06-24 23:00:00,2.074
DAYTON,2018-06-25 00:00:00,1.922
DAYTON,2018-06-25 01:00:00,1.787
DAYTON,2018-06-25 02:00:00,1.674
DAYTON,2018-06-25 03:00:00,1.628
DAYTON,2018-06-25 04:00:00,1.592
DAYTON,2018-06-25 05:00:00,1.597
DAYTON,2018-06-25 06:00:00,1.693
DAYTON,2018-06-25 07:00:00,1.785
DAYTON,2018-06-25 08:00:00,1.951
DAYTON,2018-06-25 09:00:00,2.048
DAYTON,2018-06-25 10:00:00,2.125
DAYTON,2018-06-25 11:00:00,2.213
DAYTON,2018-06-25 12:00:00,2.269
DAYTON,2018-06-25 13:00:00,2.325
DAYTON,2018-06-25 14:00:00,2.356
DAYTON,2018-06-25 15:00:00,2.383
DAYTON,2018-06-25 16:00:00,2.371
DAYTON,2018-06-25 17:00:00,2.415
DAYTON,2018-06-25 18:00:00,2.418
DAYTON,2018-06-25 19:00:00,2.412
DAYTON,2018-06-25 20:00:00,2.376
DAYTON,2018-06-25 21:00:00,2.289
DAYTON,2018-06-25 22:00:00,2.252
DAYTON,2018-06-25 23:00:00,2.122
DAYTON,2018-06-26 00:00:00,1.933
DAYTON,2018-06-26 01:00:00,1.778
DAYTON,2018-06-26 02:00:00,1.668
DAYTON,2018-06-26 03:00:00,1.604
DAYTON,2018-06-26 04:00:00,1.569
DAYTON,2018-06-26 05:00:00,1.577
DAYTON,2018-06-26 06:00:00,1.657
DAYTON,2018-06-26 07:00:00,1.787
DAYTON,2018-06-26 08:00:00,1.928
DAYTON,2018-06-26 09:00:00,2.041
DAYTON,2018-06-26 10:00:00,2.141
DAYTON,2018-06-26 11:00:00,2.287
DAYTON,2018-06-26 12:00:00,2.418
DAYTON,2018-06-26 13:00:00,2.533
DAYTON,2018-06-26 14:00:00,2.475
DAYTON,2018-06-26 15:00:00,2.324
DAYTON,2018-06-26 16:00:00,2.233
DAYTON,2018-06-26 17:00:00,2.193
DAYTON,2018-06-26 18:00:00,2.177
DAYTON,2018-06-26 19:00:00,2.12
DAYTON,2018-06-26 20:00:00,2.096
DAYTON,2018-06-26 21:00:00,2.051
DAYTON,2018-06-26 22:00:00,2.059
DAYTON,2018-06-26 23:00:00,1.98
DAYTON,2018-06-27 00:00:00,1.845
DAYTON,2018-06-27 01:00:00,1.714
DAYTON,2018-06-27 02:00:00,1.639
DAYTON,2018-06-27 03:00:00,1.618
DAYTON,2018-06-27 04:00:00,1.576
DAYTON,2018-06-27 05:00:00,1.603
DAYTON,2018-06-27 06:00:00,1.682
DAYTON,2018-06-27 07:00:00,1.829
DAYTON,2018-06-27 08:00:00,1.956
DAYTON,2018-06-27 09:00:00,2.041
DAYTON,2018-06-27 10:00:00,2.125
DAYTON,2018-06-27 11:00:00,2.195
DAYTON,2018-06-27 12:00:00,2.282
DAYTON,2018-06-27 13:00:00,2.402
DAYTON,2018-06-27 14:00:00,2.495
DAYTON,2018-06-27 15:00:00,2.549
DAYTON,2018-06-27 16:00:00,2.589
DAYTON,2018-06-27 17:00:00,2.609
DAYTON,2018-06-27 18:00:00,2.606
DAYTON,2018-06-27 19:00:00,2.595
DAYTON,2018-06-27 20:00:00,2.52
DAYTON,2018-06-27 21:00:00,2.464
DAYTON,2018-06-27 22:00:00,2.382
DAYTON,2018-06-27 23:00:00,2.243
DAYTON,2018-06-28 00:00:00,2.057
DAYTON,2018-06-28 01:00:00,1.897
DAYTON,2018-06-28 02:00:00,1.783
DAYTON,2018-06-28 03:00:00,1.694
DAYTON,2018-06-28 04:00:00,1.634
DAYTON,2018-06-28 05:00:00,1.64
DAYTON,2018-06-28 06:00:00,1.715
DAYTON,2018-06-28 07:00:00,1.832
DAYTON,2018-06-28 08:00:00,1.97
DAYTON,2018-06-28 09:00:00,2.109
DAYTON,2018-06-28 10:00:00,2.225
DAYTON,2018-06-28 11:00:00,2.345
DAYTON,2018-06-28 12:00:00,2.463
DAYTON,2018-06-28 13:00:00,2.561
DAYTON,2018-06-28 14:00:00,2.668
DAYTON,2018-06-28 15:00:00,2.75
DAYTON,2018-06-28 16:00:00,2.82
DAYTON,2018-06-28 17:00:00,2.876
DAYTON,2018-06-28 18:00:00,2.893
DAYTON,2018-06-28 19:00:00,2.869
DAYTON,2018-06-28 20:00:00,2.805
DAYTON,2018-06-28 21:00:00,2.711
DAYTON,2018-06-28 22:00:00,2.609
DAYTON,2018-06-28 23:00:00,2.416
DAYTON,2018-06-29 00:00:00,2.181
DAYTON,2018-06-29 01:00:00,1.983
DAYTON,2018-06-29 02:00:00,1.826
DAYTON,2018-06-29 03:00:00,1.731
DAYTON,2018-06-29 04:00:00,1.667
DAYTON,2018-06-29 05:00:00,1.661
DAYTON,2018-06-29 06:00:00,1.718
DAYTON,2018-06-29 07:00:00,1.827
DAYTON,2018-06-29 08:00:00,1.959
DAYTON,2018-06-29 09:00:00,2.157
DAYTON,2018-06-29 10:00:00,2.349
DAYTON,2018-06-29 11:00:00,2.493
DAYTON,2018-06-29 12:00:00,2.643
DAYTON,2018-06-29 13:00:00,2.755
DAYTON,2018-06-29 14:00:00,2.849
DAYTON,2018-06-29 15:00:00,2.921
DAYTON,2018-06-29 16:00:00,2.932
DAYTON,2018-06-29 17:00:00,2.974
DAYTON,2018-06-29 18:00:00,2.976
DAYTON,2018-06-29 19:00:00,2.988
DAYTON,2018-06-29 20:00:00,2.915
DAYTON,2018-06-29 21:00:00,2.781
DAYTON,2018-06-29 22:00:00,2.665
DAYTON,2018-06-29 23:00:00,2.499
DAYTON,2018-06-30 00:00:00,2.254
DAYTON,2018-06-30 01:00:00,2.053
DAYTON,2018-06-30 02:00:00,1.897
DAYTON,2018-06-30 03:00:00,1.786
DAYTON,2018-06-30 04:00:00,1.704
DAYTON,2018-06-30 05:00:00,1.667
DAYTON,2018-06-30 06:00:00,1.661
DAYTON,2018-06-30 07:00:00,1.656
DAYTON,2018-06-30 08:00:00,1.764
DAYTON,2018-06-30 09:00:00,1.943
DAYTON,2018-06-30 10:00:00,2.157
DAYTON,2018-06-30 11:00:00,2.358
DAYTON,2018-06-30 12:00:00,2.503
DAYTON,2018-06-30 13:00:00,2.618
DAYTON,2018-06-30 14:00:00,2.718
DAYTON,2018-06-30 15:00:00,2.774
DAYTON,2018-06-30 16:00:00,2.817
DAYTON,2018-06-30 17:00:00,2.892
DAYTON,2018-06-30 18:00:00,2.894
DAYTON,2018-06-30 19:00:00,2.861
DAYTON,2018-06-30 20:00:00,2.76
DAYTON,2018-06-30 21:00:00,2.662
DAYTON,2018-06-30 22:00:00,2.561
DAYTON,2018-06-30 23:00:00,2.399
DEOK,2018-06-22 00:00:00,3.216
DEOK,2018-06-22 01:00:00,2.984
DEOK,2018-06-22 02:00:00,2.829
DEOK,2018-06-22 03:00:00,2.764
DEOK,2018-06-22 04:00:00,2.688
DEOK,2018-06-22 05:00:00,2.703
DEOK,2018-06-22 06:00:00,2.82
DEOK,2018-06-22 07:00:00,3.012
DEOK,2018-06-22 08:00:00,3.174
DEOK,2018-06-22 09:00:00,3.408
DEOK,2018-06-22 10:00:00,3.509
DEOK,2018-06-22 11:00:00,3.73
DEOK,2018-06-22 12:00:00,3.859
DEOK,2018-06-22 13:00:00,4.041
DEOK,2018-06-22 14:00:00,4.13
DEOK,2018-06-22 15:00:00,4.058
DEOK,2018-06-22 16:00:00,3.988
DEOK,2018-06-22 17:00:00,3.963
DEOK,2018-06-22 18:00:00,3.774
DEOK,2018-06-22 19:00:00,3.636
DEOK,2018-06-22 20:00:00,3.569
DEOK,2018-06-22 21:00:00,3.472
DEOK,2018-06-22 22:00:00,3.413
DEOK,2018-06-22 23:00:00,3.266
DEOK,2018-06-23 00:00:00,3.059
DEOK,2018-06-23 01:00:00,2.825
DEOK,2018-06-23 02:00:00,2.669
DEOK,2018-06-23 03:00:00,2.56
DEOK,2018-06-23 04:00:00,2.483
DEOK,2018-06-23 05:00:00,2.458
DEOK,2018-06-23 06:00:00,2.494
DEOK,2018-06-23 07:00:00,2.525
DEOK,2018-06-23 08:00:00,2.633
DEOK,2018-06-23 09:00:00,2.793
DEOK,2018-06-23 10:00:00,2.968
DEOK,2018-06-23 11:00:00,3.098
DEOK,2018-06-23 12:00:00,3.225
DEOK,2018-06-23 13:00:00,3.267
DEOK,2018-06-23 14:00:00,3.314
DEOK,2018-06-23 15:00:00,3.385
DEOK,2018-06-23 16:00:00,3.461
DEOK,2018-06-23 17:00:00,3.486
DEOK,2018-06-23 18:00:00,3.515
DEOK,2018-06-23 19:00:00,3.457
DEOK,2018-06-23 20:00:00,3.368
DEOK,2018-06-23 21:00:00,3.329
DEOK,2018-06-23 22:00:00,3.305
DEOK,2018-06-23 23:00:00,3.189
DEOK,2018-06-24 00:00:00,2.997
DEOK,2018-06-24 01:00:00,2.808
DEOK,2018-06-24 02:00:00,2.638
DEOK,2018-06-24 03:00:00,2.528
DEOK,2018-06-24 04:00:00,2.425
DEOK,2018-06-24 05:00:00,2.393
DEOK,2018-06-24 06:00:00,2.391
DEOK,2018-06-24 07:00:00,2.368
DEOK,2018-06-24 08:00:00,2.513
DEOK,2018-06-24 09:00:00,2.761
DEOK,2018-06-24 10:00:00,3.055
DEOK,2018-06-24 11:00:00,3.228
DEOK,2018-06-24 12:00:00,3.437
DEOK,2018-06-24 13:00:00,3.579
DEOK,2018-06-24 14:00:00,3.663
DEOK,2018-06-24 15:00:00,3.767
DEOK,2018-06-24 16:00:00,3.873
DEOK,2018-06-24 17:00:00,4.008
DEOK,2018-06-24 18:00:00,4.126
DEOK,2018-06-24 19:00:00,4.117
DEOK,2018-06-24 20:00:00,4.013
DEOK,2018-06-24 21:00:00,3.87
DEOK,2018-06-24 22:00:00,3.76
DEOK,2018-06-24 23:00:00,3.543
DEOK,2018-06-25 00:00:00,3.257
DEOK,2018-06-25 01:00:00,3.011
DEOK,2018-06-25 02:00:00,2.8
DEOK,2018-06-25 03:00:00,2.687
DEOK,2018-06-25 04:00:00,2.633
DEOK,2018-06-25 05:00:00,2.655
DEOK,2018-06-25 06:00:00,2.756
DEOK,2018-06-25 07:00:00,2.934
DEOK,2018-06-25 08:00:00,3.087
DEOK,2018-06-25 09:00:00,3.222
DEOK,2018-06-25 10:00:00,3.312
DEOK,2018-06-25 11:00:00,3.409
DEOK,2018-06-25 12:00:00,3.437
DEOK,2018-06-25 13:00:00,3.465
DEOK,2018-06-25 14:00:00,3.483
DEOK,2018-06-25 15:00:00,3.49
DEOK,2018-06-25 16:00:00,3.624
DEOK,2018-06-25 17:00:00,3.602
DEOK,2018-06-25 18:00:00,3.575
DEOK,2018-06-25 19:00:00,3.545
DEOK,2018-06-25 20:00:00,3.535
DEOK,2018-06-25 21:00:00,3.486
DEOK,2018-06-25 22:00:00,3.435
DEOK,2018-06-25 23:00:00,3.245
DEOK,2018-06-26 00:00:00,3.034
DEOK,2018-06-26 01:00:00,2.809
DEOK,2018-06-26 02:00:00,2.644
DEOK,2018-06-26 03:00:00,2.596
DEOK,2018-06-26 04:00:00,2.511
DEOK,2018-06-26 05:00:00,2.515
DEOK,2018-06-26 06:00:00,2.63
DEOK,2018-06-26 07:00:00,2.813
DEOK,2018-06-26 08:00:00,2.979
DEOK,2018-06-26 09:00:00,3.137
DEOK,2018-06-26 10:00:00,3.332
DEOK,2018-06-26 11:00:00,3.521
DEOK,2018-06-26 12:00:00,3.641
DEOK,2018-06-26 13:00:00,3.784
DEOK,2018-06-26 14:00:00,3.799
DEOK,2018-06-26 15:00:00,3.637
DEOK,2018-06-26 16:00:00,3.535
DEOK,2018-06-26 17:00:00,3.45
DEOK,2018-06-26 18:00:00,3.386
DEOK,2018-06-26 19:00:00,3.37
DEOK,2018-06-26 20:00:00,3.309
DEOK,2018-06-26 21:00:00,3.282
DEOK,2018-06-26 22:00:00,3.309
DEOK,2018-06-26 23:00:00,3.173
DEOK,2018-06-27 00:00:00,2.975
DEOK,2018-06-27 01:00:00,2.766
DEOK,2018-06-27 02:00:00,2.66
DEOK,2018-06-27 03:00:00,2.54
DEOK,2018-06-27 04:00:00,2.524
DEOK,2018-06-27 05:00:00,2.534
DEOK,2018-06-27 06:00:00,2.684
DEOK,2018-06-27 07:00:00,2.893
DEOK,2018-06-27 08:00:00,3.053
DEOK,2018-06-27 09:00:00,3.204
DEOK,2018-06-27 10:00:00,3.361
DEOK,2018-06-27 11:00:00,3.498
DEOK,2018-06-27 12:00:00,3.618
DEOK,2018-06-27 13:00:00,3.743
DEOK,2018-06-27 14:00:00,3.86
DEOK,2018-06-27 15:00:00,3.933
DEOK,2018-06-27 16:00:00,4.064
DEOK,2018-06-27 17:00:00,4.127
DEOK,2018-06-27 18:00:00,4.189
DEOK,2018-06-27 19:00:00,4.092
DEOK,2018-06-27 20:00:00,4.027
DEOK,2018-06-27 21:00:00,3.881
DEOK,2018-06-27 22:00:00,3.803
DEOK,2018-06-27 23:00:00,3.57
DEOK,2018-06-28 00:00:00,3.326
DEOK,2018-06-28 01:00:00,3.072
DEOK,2018-06-28 02:00:00,2.882
DEOK,2018-06-28 03:00:00,2.76
DEOK,2018-06-28 04:00:00,2.682
DEOK,2018-06-28 05:00:00,2.688
DEOK,2018-06-28 06:00:00,2.765
DEOK,2018-06-28 07:00:00,2.923
DEOK,2018-06-28 08:00:00,3.164
DEOK,2018-06-28 09:00:00,3.431
DEOK,2018-06-28 10:00:00,3.646
DEOK,2018-06-28 11:00:00,3.874
DEOK,2018-06-28 12:00:00,3.995
DEOK,2018-06-28 13:00:00,4.173
DEOK,2018-06-28 14:00:00,4.323
DEOK,2018-06-28 15:00:00,4.438
DEOK,2018-06-28 16:00:00,4.561
DEOK,2018-06-28 17:00:00,4.675
DEOK,2018-06-28 18:00:00,4.727
DEOK,2018-06-28 19:00:00,4.662
DEOK,2018-06-28 20:00:00,4.556
DEOK,2018-06-28 21:00:00,4.364
DEOK,2018-06-28 22:00:00,4.226
DEOK,2018-06-28 23:00:00,3.956
DEOK,2018-06-29 00:00:00,3.621
DEOK,2018-06-29 01:00:00,3.296
DEOK,2018-06-29 02:00:00,3.096
DEOK,2018-06-29 03:00:00,2.929
DEOK,2018-06-29 04:00:00,2.827
DEOK,2018-06-29 05:00:00,2.809
DEOK,2018-06-29 06:00:00,2.882
DEOK,2018-06-29 07:00:00,3.027
DEOK,2018-06-29 08:00:00,3.215
DEOK,2018-06-29 09:00:00,3.397
DEOK,2018-06-29 10:00:00,3.81
DEOK,2018-06-29 11:00:00,4.103
DEOK,2018-06-29 12:00:00,4.301
DEOK,2018-06-29 13:00:00,4.484
DEOK,2018-06-29 14:00:00,4.622
DEOK,2018-06-29 15:00:00,4.734
DEOK,2018-06-29 16:00:00,4.786
DEOK,2018-06-29 17:00:00,4.867
DEOK,2018-06-29 18:00:00,4.922
DEOK,2018-06-29 19:00:00,4.887
DEOK,2018-06-29 20:00:00,4.798
DEOK,2018-06-29 21:00:00,4.617
DEOK,2018-06-29 22:00:00,4.471
DEOK,2018-06-29 23:00:00,4.198
DEOK,2018-06-30 00:00:00,3.893
DEOK,2018-06-30 01:00:00,3.56
DEOK,2018-06-30 02:00:00,3.297
DEOK,2018-06-30 03:00:00,3.121
DEOK,2018-06-30 04:00:00,2.974
DEOK,2018-06-30 05:00:00,2.862
DEOK,2018-06-30 06:00:00,2.867
DEOK,2018-06-30 07:00:00,2.859
DEOK,2018-06-30 08:00:00,3.02
DEOK,2018-06-30 09:00:00,3.339
DEOK,2018-06-30 10:00:00,3.671
DEOK,2018-06-30 11:00:00,4.011
DEOK,2018-06-30 12:00:00,4.24
DEOK,2018-06-30 13:00:00,4.423
DEOK,2018-06-30 14:00:00,4.533
DEOK,2018-06-30 15:00:00,4.658
DEOK,2018-06-30 16:00:00,4.753
DEOK,2018-06-30 17:00:00,4.81
DEOK,2018-06-30 18:00:00,4.799
DEOK,2018-06-30 19:00:00,4.751
DEOK,2018-06-30 20:00:00,4.651
DEOK,2018-06-30 21:00:00,4.488
DEOK,2018-06-30 22:00:00,4.293
DEOK,2018-06-30 23:00:00,4.1
DOM,2018-06-22 00:00:00,12.053
DOM,2018-06-22 01:00:00,11.153
DOM,2018-06-22 02:00:00,10.528
DOM,2018-06-22 03:00:00,10.155
DOM,2018-06-22 04:00:00,9.932
DOM,2018-06-22 05:00:00,9.964
DOM,2018-06-22 06:00:00,10.361
DOM,2018-06-22 07:00:00,10.878
DOM,2018-06-22 08:00:00,11.418
DOM,2018-06-22 09:00:00,11.789
DOM,2018-06-22 10:00:00,12.017
DOM,2018-06-22 11:00:00,12.374
DOM,2018-06-22 12:00:00,12.753
DOM,2018-06-22 13:00:00,13.119
DOM,2018-06-22 14:00:00,13.265
DOM,2018-06-22 15:00:00,13.449
DOM,2018-06-22 16:00:00,13.485
DOM,2018-06-22 17:00:00,13.507
DOM,2018-06-22 18:00:00,13.551
DOM,2018-06-22 19:00:00,13.323
DOM,2018-06-22 20:00:00,12.949
DOM,2018-06-22 21:00:00,12.724
DOM,2018-06-22 22:00:00,12.245
DOM,2018-06-22 23:00:00,11.491
DOM,2018-06-23 00:00:00,10.656
DOM,2018-06-23 01:00:00,9.897
DOM,2018-06-23 02:00:00,9.392
DOM,2018-06-23 03:00:00,8.992
DOM,2018-06-23 04:00:00,8.77
DOM,2018-06-23 05:00:00,8.69
DOM,2018-06-23 06:00:00,8.884
DOM,2018-06-23 07:00:00,9.076
DOM,2018-06-23 08:00:00,9.616
DOM,2018-06-23 09:00:00,10.353
DOM,2018-06-23 10:00:00,10.993
DOM,2018-06-23 11:00:00,11.704
DOM,2018-06-23 12:00:00,12.418
DOM,2018-06-23 13:00:00,13.139
DOM,2018-06-23 14:00:00,13.589
DOM,2018-06-23 15:00:00,14.147
DOM,2018-06-23 16:00:00,14.457
DOM,2018-06-23 17:00:00,14.646
DOM,2018-06-23 18:00:00,14.759
DOM,2018-06-23 19:00:00,14.558
DOM,2018-06-23 20:00:00,14.097
DOM,2018-06-23 21:00:00,13.565
DOM,2018-06-23 22:00:00,13.213
DOM,2018-06-23 23:00:00,12.321
DOM,2018-06-24 00:00:00,11.431
DOM,2018-06-24 01:00:00,10.517
DOM,2018-06-24 02:00:00,9.876
DOM,2018-06-24 03:00:00,9.509
DOM,2018-06-24 04:00:00,9.18
DOM,2018-06-24 05:00:00,9.039
DOM,2018-06-24 06:00:00,9.036
DOM,2018-06-24 07:00:00,9.146
DOM,2018-06-24 08:00:00,9.746
DOM,2018-06-24 09:00:00,10.705
DOM,2018-06-24 10:00:00,11.615
DOM,2018-06-24 11:00:00,12.624
DOM,2018-06-24 12:00:00,13.757
DOM,2018-06-24 13:00:00,14.579
DOM,2018-06-24 14:00:00,15.219
DOM,2018-06-24 15:00:00,15.527
DOM,2018-06-24 16:00:00,15.604
DOM,2018-06-24 17:00:00,15.731
DOM,2018-06-24 18:00:00,15.875
DOM,2018-06-24 19:00:00,15.632
DOM,2018-06-24 20:00:00,15.204
DOM,2018-06-24 21:00:00,14.446
DOM,2018-06-24 22:00:00,13.741
DOM,2018-06-24 23:00:00,12.689
DOM,2018-06-25 00:00:00,11.514
DOM,2018-06-25 01:00:00,10.56
DOM,2018-06-25 02:00:00,9.818
DOM,2018-06-25 03:00:00,9.504
DOM,2018-06-25 04:00:00,9.326
DOM,2018-06-25 05:00:00,9.372
DOM,2018-06-25 06:00:00,9.645
DOM,2018-06-25 07:00:00,10.328
DOM,2018-06-25 08:00:00,11.24
DOM,2018-06-25 09:00:00,12.005
DOM,2018-06-25 10:00:00,12.757
DOM,2018-06-25 11:00:00,13.334
DOM,2018-06-25 12:00:00,13.868
DOM,2018-06-25 13:00:00,14.52
DOM,2018-06-25 14:00:00,14.972
DOM,2018-06-25 15:00:00,15.113
DOM,2018-06-25 16:00:00,15.112
DOM,2018-06-25 17:00:00,15.103
DOM,2018-06-25 18:00:00,15.001
DOM,2018-06-25 19:00:00,14.78
DOM,2018-06-25 20:00:00,14.132
DOM,2018-06-25 21:00:00,13.664
DOM,2018-06-25 22:00:00,13.225
DOM,2018-06-25 23:00:00,12.065
DOM,2018-06-26 00:00:00,10.952
DOM,2018-06-26 01:00:00,10.025
DOM,2018-06-26 02:00:00,9.369
DOM,2018-06-26 03:00:00,8.964
DOM,2018-06-26 04:00:00,8.7
DOM,2018-06-26 05:00:00,8.817
DOM,2018-06-26 06:00:00,9.21
DOM,2018-06-26 07:00:00,9.783
DOM,2018-06-26 08:00:00,10.503
DOM,2018-06-26 09:00:00,10.969
DOM,2018-06-26 10:00:00,11.475
DOM,2018-06-26 11:00:00,12.047
DOM,2018-06-26 12:00:00,12.48
DOM,2018-06-26 13:00:00,12.922
DOM,2018-06-26 14:00:00,13.169
DOM,2018-06-26 15:00:00,13.223
DOM,2018-06-26 16:00:00,13.524
DOM,2018-06-26 17:00:00,13.614
DOM,2018-06-26 18:00:00,13.443
DOM,2018-06-26 19:00:00,13.299
DOM,2018-06-26 20:00:00,12.848
DOM,2018-06-26 21:00:00,12.595
DOM,2018-06-26 22:00:00,12.309
DOM,2018-06-26 23:00:00,11.405
DOM,2018-06-27 00:00:00,10.403
DOM,2018-06-27 01:00:00,9.612
DOM,2018-06-27 02:00:00,9.104
DOM,2018-06-27 03:00:00,8.802
DOM,2018-06-27 04:00:00,8.693
DOM,2018-06-27 05:00:00,8.891
DOM,2018-06-27 06:00:00,9.349
DOM,2018-06-27 07:00:00,10.028
DOM,2018-06-27 08:00:00,10.655
DOM,2018-06-27 09:00:00,11.144
DOM,2018-06-27 10:00:00,11.589
DOM,2018-06-27 11:00:00,12.193
DOM,2018-06-27 12:00:00,12.655
DOM,2018-06-27 13:00:00,13.008
DOM,2018-06-27 14:00:00,13.674
DOM,2018-06-27 15:00:00,14.227
DOM,2018-06-27 16:00:00,14.677
DOM,2018-06-27 17:00:00,15.044
DOM,2018-06-27 18:00:00,15.2
DOM,2018-06-27 19:00:00,15.204
DOM,2018-06-27 20:00:00,14.763
DOM,2018-06-27 21:00:00,14.404
DOM,2018-06-27 22:00:00,14.002
DOM,2018-06-27 23:00:00,12.902
DOM,2018-06-28 00:00:00,11.888
DOM,2018-06-28 01:00:00,10.946
DOM,2018-06-28 02:00:00,10.384
DOM,2018-06-28 03:00:00,10.069
DOM,2018-06-28 04:00:00,9.837
DOM,2018-06-28 05:00:00,9.941
DOM,2018-06-28 06:00:00,10.278
DOM,2018-06-28 07:00:00,10.919
DOM,2018-06-28 08:00:00,11.782
DOM,2018-06-28 09:00:00,12.637
DOM,2018-06-28 10:00:00,13.468
DOM,2018-06-28 11:00:00,14.436
DOM,2018-06-28 12:00:00,15.212
DOM,2018-06-28 13:00:00,15.806
DOM,2018-06-28 14:00:00,16.287
DOM,2018-06-28 15:00:00,16.525
DOM,2018-06-28 16:00:00,16.73
DOM,2018-06-28 17:00:00,16.847
DOM,2018-06-28 18:00:00,16.888
DOM,2018-06-28 19:00:00,16.733
DOM,2018-06-28 20:00:00,16.351
DOM,2018-06-28 21:00:00,15.704
DOM,2018-06-28 22:00:00,15.08
DOM,2018-06-28 23:00:00,13.855
DOM,2018-06-29 00:00:00,12.555
DOM,2018-06-29 01:00:00,11.412
DOM,2018-06-29 02:00:00,10.643
DOM,2018-06-29 03:00:00,10.182
DOM,2018-06-29 04:00:00,9.81
DOM,2018-06-29 05:00:00,9.847
DOM,2018-06-29 06:00:00,10.129
DOM,2018-06-29 07:00:00,10.671
DOM,2018-06-29 08:00:00,11.545
DOM,2018-06-29 09:00:00,12.546
DOM,2018-06-29 10:00:00,13.351
DOM,2018-06-29 11:00:00,14.282
DOM,2018-06-29 12:00:00,15.035
DOM,2018-06-29 13:00:00,15.756
DOM,2018-06-29 14:00:00,16.239
DOM,2018-06-29 15:00:00,16.65
DOM,2018-06-29 16:00:00,16.884
DOM,2018-06-29 17:00:00,17.081
DOM,2018-06-29 18:00:00,17.125
DOM,2018-06-29 19:00:00,16.948
DOM,2018-06-29 20:00:00,16.408
DOM,2018-06-29 21:00:00,15.516
DOM,2018-06-29 22:00:00,14.799
DOM,2018-06-29 23:00:00,13.637
DOM,2018-06-30 00:00:00,12.362
DOM,2018-06-30 01:00:00,11.242
DOM,2018-06-30 02:00:00,10.515
DOM,2018-06-30 03:00:00,9.967
DOM,2018-06-30 04:00:00,9.532
DOM,2018-06-30 05:00:00,9.275
DOM,2018-06-30 06:00:00,9.247
DOM,2018-06-30 07:00:00,9.356
DOM,2018-06-30 08:00:00,10.162
DOM,2018-06-30 09:00:00,11.403
DOM,2018-06-30 10:00:00,12.76
DOM,2018-06-30 11:00:00,14.051
DOM,2018-06-30 12:00:00,14.998
DOM,2018-06-30 13:00:00,15.723
DOM,2018-06-30 14:00:00,16.201
DOM,2018-06-30 15:00:00,16.517
DOM,2018-06-30 16:00:00,16.846
DOM,2018-06-30 17:00:00,17.087
DOM,2018-06-30 18:00:00,17.14
DOM,2018-06-30 19:00:00,16.906
DOM,2018-06-30 20:00:00,16.408
DOM,2018-06-30 21:00:00,15.658
DOM,2018-06-30 22:00:00,15.04
DOM,2018-06-30 23:00:00,14.002
DUQ,2018-06-22 00:00:00,1.625
DUQ,2018-06-22 01:00:00,1.512
DUQ,2018-06-22 02:00:00,1.42
DUQ,2018-06-22 03:00:00,1.364
DUQ,2018-06-22 04:00:00,1.347
DUQ,2018-06-22 05:00:00,1.347
DUQ,2018-06-22 06:00:00,1.39
DUQ,2018-06-22 07:00:00,1.467
DUQ,2018-06-22 08:00:00,1.532
DUQ,2018-06-22 09:00:00,1.601
DUQ,2018-06-22 10:00:00,1.657
DUQ,2018-06-22 11:00:00,1.691
DUQ,2018-06-22 12:00:00,1.743
DUQ,2018-06-22 13:00:00,1.802
DUQ,2018-06-22 14:00:00,1.846
DUQ,2018-06-22 15:00:00,1.845
DUQ,2018-06-22 16:00:00,1.814
DUQ,2018-06-22 17:00:00,1.755
DUQ,2018-06-22 18:00:00,1.711
DUQ,2018-06-22 19:00:00,1.679
DUQ,2018-06-22 20:00:00,1.642
DUQ,2018-06-22 21:00:00,1.595
DUQ,2018-06-22 22:00:00,1.584
DUQ,2018-06-22 23:00:00,1.531
DUQ,2018-06-23 00:00:00,1.431
DUQ,2018-06-23 01:00:00,1.345
DUQ,2018-06-23 02:00:00,1.288
DUQ,2018-06-23 03:00:00,1.257
DUQ,2018-06-23 04:00:00,1.219
DUQ,2018-06-23 05:00:00,1.221
DUQ,2018-06-23 06:00:00,1.238
DUQ,2018-06-23 07:00:00,1.253
DUQ,2018-06-23 08:00:00,1.312
DUQ,2018-06-23 09:00:00,1.387
DUQ,2018-06-23 10:00:00,1.491
DUQ,2018-06-23 11:00:00,1.572
DUQ,2018-06-23 12:00:00,1.592
DUQ,2018-06-23 13:00:00,1.642
DUQ,2018-06-23 14:00:00,1.717
DUQ,2018-06-23 15:00:00,1.751
DUQ,2018-06-23 16:00:00,1.795
DUQ,2018-06-23 17:00:00,1.788
DUQ,2018-06-23 18:00:00,1.787
DUQ,2018-06-23 19:00:00,1.746
DUQ,2018-06-23 20:00:00,1.72
DUQ,2018-06-23 21:00:00,1.671
DUQ,2018-06-23 22:00:00,1.661
DUQ,2018-06-23 23:00:00,1.595
DUQ,2018-06-24 00:00:00,1.499
DUQ,2018-06-24 01:00:00,1.416
DUQ,2018-06-24 02:00:00,1.349
DUQ,2018-06-24 03:00:00,1.29
DUQ,2018-06-24 04:00:00,1.239
DUQ,2018-06-24 05:00:00,1.24
DUQ,2018-06-24 06:00:00,1.254
DUQ,2018-06-24 07:00:00,1.279
DUQ,2018-06-24 08:00:00,1.33
DUQ,2018-06-24 09:00:00,1.45
DUQ,2018-06-24 10:00:00,1.578
DUQ,2018-06-24 11:00:00,1.651
DUQ,2018-06-24 12:00:00,1.731
DUQ,2018-06-24 13:00:00,1.786
DUQ,2018-06-24 14:00:00,1.806
DUQ,2018-06-24 15:00:00,1.85
DUQ,2018-06-24 16:00:00,1.885
DUQ,2018-06-24 17:00:00,1.908
DUQ,2018-06-24 18:00:00,1.958
DUQ,2018-06-24 19:00:00,1.939
DUQ,2018-06-24 20:00:00,1.847
DUQ,2018-06-24 21:00:00,1.783
DUQ,2018-06-24 22:00:00,1.748
DUQ,2018-06-24 23:00:00,1.666
DUQ,2018-06-25 00:00:00,1.546
DUQ,2018-06-25 01:00:00,1.436
DUQ,2018-06-25 02:00:00,1.351
DUQ,2018-06-25 03:00:00,1.308
DUQ,2018-06-25 04:00:00,1.309
DUQ,2018-06-25 05:00:00,1.312
DUQ,2018-06-25 06:00:00,1.333
DUQ,2018-06-25 07:00:00,1.39
DUQ,2018-06-25 08:00:00,1.533
DUQ,2018-06-25 09:00:00,1.635
DUQ,2018-06-25 10:00:00,1.718
DUQ,2018-06-25 11:00:00,1.804
DUQ,2018-06-25 12:00:00,1.858
DUQ,2018-06-25 13:00:00,1.921
DUQ,2018-06-25 14:00:00,1.968
DUQ,2018-06-25 15:00:00,1.997
DUQ,2018-06-25 16:00:00,2.022
DUQ,2018-06-25 17:00:00,2.042
DUQ,2018-06-25 18:00:00,2.041
DUQ,2018-06-25 19:00:00,1.984
DUQ,2018-06-25 20:00:00,1.905
DUQ,2018-06-25 21:00:00,1.818
DUQ,2018-06-25 22:00:00,1.767
DUQ,2018-06-25 23:00:00,1.658
DUQ,2018-06-26 00:00:00,1.495
DUQ,2018-06-26 01:00:00,1.38
DUQ,2018-06-26 02:00:00,1.285
DUQ,2018-06-26 03:00:00,1.253
DUQ,2018-06-26 04:00:00,1.224
DUQ,2018-06-26 05:00:00,1.229
DUQ,2018-06-26 06:00:00,1.279
DUQ,2018-06-26 07:00:00,1.345
DUQ,2018-06-26 08:00:00,1.433
DUQ,2018-06-26 09:00:00,1.512
DUQ,2018-06-26 10:00:00,1.598
DUQ,2018-06-26 11:00:00,1.693
DUQ,2018-06-26 12:00:00,1.761
DUQ,2018-06-26 13:00:00,1.83
DUQ,2018-06-26 14:00:00,1.87
DUQ,2018-06-26 15:00:00,1.895
DUQ,2018-06-26 16:00:00,1.935
DUQ,2018-06-26 17:00:00,1.943
DUQ,2018-06-26 18:00:00,1.952
DUQ,2018-06-26 19:00:00,1.894
DUQ,2018-06-26 20:00:00,1.827
DUQ,2018-06-26 21:00:00,1.794
DUQ,2018-06-26 22:00:00,1.756
DUQ,2018-06-26 23:00:00,1.665
DUQ,2018-06-27 00:00:00,1.547
DUQ,2018-06-27 01:00:00,1.449
DUQ,2018-06-27 02:00:00,1.394
DUQ,2018-06-27 03:00:00,1.344
DUQ,2018-06-27 04:00:00,1.338
DUQ,2018-06-27 05:00:00,1.346
DUQ,2018-06-27 06:00:00,1.379
DUQ,2018-06-27 07:00:00,1.483
DUQ,2018-06-27 08:00:00,1.588
DUQ,2018-06-27 09:00:00,1.644
DUQ,2018-06-27 10:00:00,1.693
DUQ,2018-06-27 11:00:00,1.722
DUQ,2018-06-27 12:00:00,1.758
DUQ,2018-06-27 13:00:00,1.826
DUQ,2018-06-27 14:00:00,1.875
DUQ,2018-06-27 15:00:00,1.927
DUQ,2018-06-27 16:00:00,1.961
DUQ,2018-06-27 17:00:00,1.95
DUQ,2018-06-27 18:00:00,1.965
DUQ,2018-06-27 19:00:00,1.937
DUQ,2018-06-27 20:00:00,1.867
DUQ,2018-06-27 21:00:00,1.838
DUQ,2018-06-27 22:00:00,1.799
DUQ,2018-06-27 23:00:00,1.687
DUQ,2018-06-28 00:00:00,1.578
DUQ,2018-06-28 01:00:00,1.473
DUQ,2018-06-28 02:00:00,1.427
DUQ,2018-06-28 03:00:00,1.373
DUQ,2018-06-28 04:00:00,1.362
DUQ,2018-06-28 05:00:00,1.37
DUQ,2018-06-28 06:00:00,1.436
DUQ,2018-06-28 07:00:00,1.502
DUQ,2018-06-28 08:00:00,1.599
DUQ,2018-06-28 09:00:00,1.685
DUQ,2018-06-28 10:00:00,1.734
DUQ,2018-06-28 11:00:00,1.779
DUQ,2018-06-28 12:00:00,1.826
DUQ,2018-06-28 13:00:00,1.876
DUQ,2018-06-28 14:00:00,1.921
DUQ,2018-06-28 15:00:00,1.995
DUQ,2018-06-28 16:00:00,2.054
DUQ,2018-06-28 17:00:00,2.125
DUQ,2018-06-28 18:00:00,2.131
DUQ,2018-06-28 19:00:00,2.13
DUQ,2018-06-28 20:00:00,2.088
DUQ,2018-06-28 21:00:00,1.994
DUQ,2018-06-28 22:00:00,1.932
DUQ,2018-06-28 23:00:00,1.8
DUQ,2018-06-29 00:00:00,1.672
DUQ,2018-06-29 01:00:00,1.524
DUQ,2018-06-29 02:00:00,1.452
DUQ,2018-06-29 03:00:00,1.408
DUQ,2018-06-29 04:00:00,1.371
DUQ,2018-06-29 05:00:00,1.351
DUQ,2018-06-29 06:00:00,1.422
DUQ,2018-06-29 07:00:00,1.481
DUQ,2018-06-29 08:00:00,1.572
DUQ,2018-06-29 09:00:00,1.705
DUQ,2018-06-29 10:00:00,1.845
DUQ,2018-06-29 11:00:00,1.972
DUQ,2018-06-29 12:00:00,2.091
DUQ,2018-06-29 13:00:00,2.193
DUQ,2018-06-29 14:00:00,2.273
DUQ,2018-06-29 15:00:00,2.347
DUQ,2018-06-29 16:00:00,2.376
DUQ,2018-06-29 17:00:00,2.438
DUQ,2018-06-29 18:00:00,2.463
DUQ,2018-06-29 19:00:00,2.42
DUQ,2018-06-29 20:00:00,2.335
DUQ,2018-06-29 21:00:00,2.229
DUQ,2018-06-29 22:00:00,2.157
DUQ,2018-06-29 23:00:00,2.031
DUQ,2018-06-30 00:00:00,1.888
DUQ,2018-06-30 01:00:00,1.729
DUQ,2018-06-30 02:00:00,1.642
DUQ,2018-06-30 03:00:00,1.563
DUQ,2018-06-30 04:00:00,1.484
DUQ,2018-06-30 05:00:00,1.446
DUQ,2018-06-30 06:00:00,1.43
DUQ,2018-06-30 07:00:00,1.428
DUQ,2018-06-30 08:00:00,1.516
DUQ,2018-06-30 09:00:00,1.697
DUQ,2018-06-30 10:00:00,1.864
DUQ,2018-06-30 11:00:00,2.022
DUQ,2018-06-30 12:00:00,2.147
DUQ,2018-06-30 13:00:00,2.253
DUQ,2018-06-30 14:00:00,2.336
DUQ,2018-06-30 15:00:00,2.401
DUQ,2018-06-30 16:00:00,2.426
DUQ,2018-06-30 17:00:00,2.442
DUQ,2018-06-30 18:00:00,2.464
DUQ,2018-06-30 19:00:00,2.44
DUQ,2018-06-30 20:00:00,2.384
DUQ,2018-06-30 21:00:00,2.294
DUQ,2018-06-30 22:00:00,2.209
DUQ,2018-06-30 23:00:00,2.082
EKPC,2018-06-22 00:00:00,1.486
EKPC,2018-06-22 01:00:00,1.38
EKPC,2018-06-22 02:00:00,1.284
EKPC,2018-06-22 03:00:00,1.205
EKPC,2018-06-22 04:00:00,1.17
EKPC,2018-06-22 05:00:00,1.172
EKPC,2018-06-22 06:00:00,1.208
EKPC,2018-06-22 07:00:00,1.28
EKPC,2018-06-22 08:00:00,1.345
EKPC,2018-06-22 09:00:00,1.419
EKPC,2018-06-22 10:00:00,1.505
EKPC,2018-06-22 11:00:00,1.577
EKPC,2018-06-22 12:00:00,1.65
EKPC,2018-06-22 13:00:00,1.702
EKPC,2018-06-22 14:00:00,1.752
EKPC,2018-06-22 15:00:00,1.752
EKPC,2018-06-22 16:00:00,1.743
EKPC,2018-06-22 17:00:00,1.659
EKPC,2018-06-22 18:00:00,1.64
EKPC,2018-06-22 19:00:00,1.679
EKPC,2018-06-22 20:00:00,1.65
EKPC,2018-06-22 21:00:00,1.597
EKPC,2018-06-22 22:00:00,1.563
EKPC,2018-06-22 23:00:00,1.502
EKPC,2018-06-23 00:00:00,1.369
EKPC,2018-06-23 01:00:00,1.264
EKPC,2018-06-23 02:00:00,1.155
EKPC,2018-06-23 03:00:00,1.099
EKPC,2018-06-23 04:00:00,1.059
EKPC,2018-06-23 05:00:00,1.061
EKPC,2018-06-23 06:00:00,1.064
EKPC,2018-06-23 07:00:00,1.068
EKPC,2018-06-23 08:00:00,1.106
EKPC,2018-06-23 09:00:00,1.21
EKPC,2018-06-23 10:00:00,1.308
EKPC,2018-06-23 11:00:00,1.427
EKPC,2018-06-23 12:00:00,1.514
EKPC,2018-06-23 13:00:00,1.577
EKPC,2018-06-23 14:00:00,1.628
EKPC,2018-06-23 15:00:00,1.678
EKPC,2018-06-23 16:00:00,1.746
EKPC,2018-06-23 17:00:00,1.792
EKPC,2018-06-23 18:00:00,1.784
EKPC,2018-06-23 19:00:00,1.787
EKPC,2018-06-23 20:00:00,1.771
EKPC,2018-06-23 21:00:00,1.699
EKPC,2018-06-23 22:00:00,1.676
EKPC,2018-06-23 23:00:00,1.572
EKPC,2018-06-24 00:00:00,1.436
EKPC,2018-06-24 01:00:00,1.27
EKPC,2018-06-24 02:00:00,1.198
EKPC,2018-06-24 03:00:00,1.15
EKPC,2018-06-24 04:00:00,1.091
EKPC,2018-06-24 05:00:00,1.065
EKPC,2018-06-24 06:00:00,1.059
EKPC,2018-06-24 07:00:00,1.098
EKPC,2018-06-24 08:00:00,1.076
EKPC,2018-06-24 09:00:00,1.167
EKPC,2018-06-24 10:00:00,1.393
EKPC,2018-06-24 11:00:00,1.537
EKPC,2018-06-24 12:00:00,1.624
EKPC,2018-06-24 13:00:00,1.717
EKPC,2018-06-24 14:00:00,1.824
EKPC,2018-06-24 15:00:00,1.889
EKPC,2018-06-24 16:00:00,1.956
EKPC,2018-06-24 17:00:00,1.981
EKPC,2018-06-24 18:00:00,1.976
EKPC,2018-06-24 19:00:00,1.936
EKPC,2018-06-24 20:00:00,1.927
EKPC,2018-06-24 21:00:00,1.819
EKPC,2018-06-24 22:00:00,1.778
EKPC,2018-06-24 23:00:00,1.692
EKPC,2018-06-25 00:00:00,1.528
EKPC,2018-06-25 01:00:00,1.381
EKPC,2018-06-25 02:00:00,1.292
EKPC,2018-06-25 03:00:00,1.213
EKPC,2018-06-25 04:00:00,1.17
EKPC,2018-06-25 05:00:00,1.103
EKPC,2018-06-25 06:00:00,1.155
EKPC,2018-06-25 07:00:00,1.29
EKPC,2018-06-25 08:00:00,1.345
EKPC,2018-06-25 09:00:00,1.384
EKPC,2018-06-25 10:00:00,1.404
EKPC,2018-06-25 11:00:00,1.506
EKPC,2018-06-25 12:00:00,1.546
EKPC,2018-06-25 13:00:00,1.6
EKPC,2018-06-25 14:00:00,1.547
EKPC,2018-06-25 15:00:00,1.55
EKPC,2018-06-25 16:00:00,1.612
EKPC,2018-06-25 17:00:00,1.616
EKPC,2018-06-25 18:00:00,1.683
EKPC,2018-06-25 19:00:00,1.766
EKPC,2018-06-25 20:00:00,1.77
EKPC,2018-06-25 21:00:00,1.707
EKPC,2018-06-25 22:00:00,1.623
EKPC,2018-06-25 23:00:00,1.564
EKPC,2018-06-26 00:00:00,1.411
EKPC,2018-06-26 01:00:00,1.295
EKPC,2018-06-26 02:00:00,1.236
EKPC,2018-06-26 03:00:00,1.179
EKPC,2018-06-26 04:00:00,1.18
EKPC,2018-06-26 05:00:00,1.196
EKPC,2018-06-26 06:00:00,1.225
EKPC,2018-06-26 07:00:00,1.298
EKPC,2018-06-26 08:00:00,1.364
EKPC,2018-06-26 09:00:00,1.411
EKPC,2018-06-26 10:00:00,1.462
EKPC,2018-06-26 11:00:00,1.518
EKPC,2018-06-26 12:00:00,1.603
EKPC,2018-06-26 13:00:00,1.716
EKPC,2018-06-26 14:00:00,1.69
EKPC,2018-06-26 15:00:00,1.616
EKPC,2018-06-26 16:00:00,1.547
EKPC,2018-06-26 17:00:00,1.543
EKPC,2018-06-26 18:00:00,1.531
EKPC,2018-06-26 19:00:00,1.578
EKPC,2018-06-26 20:00:00,1.581
EKPC,2018-06-26 21:00:00,1.558
EKPC,2018-06-26 22:00:00,1.564
EKPC,2018-06-26 23:00:00,1.484
EKPC,2018-06-27 00:00:00,1.271
EKPC,2018-06-27 01:00:00,1.219
EKPC,2018-06-27 02:00:00,1.175
EKPC,2018-06-27 03:00:00,1.113
EKPC,2018-06-27 04:00:00,1.015
EKPC,2018-06-27 05:00:00,1.086
EKPC,2018-06-27 06:00:00,1.178
EKPC,2018-06-27 07:00:00,1.255
EKPC,2018-06-27 08:00:00,1.29
EKPC,2018-06-27 09:00:00,1.334
EKPC,2018-06-27 10:00:00,1.394
EKPC,2018-06-27 11:00:00,1.493
EKPC,2018-06-27 12:00:00,1.571
EKPC,2018-06-27 13:00:00,1.656
EKPC,2018-06-27 14:00:00,1.671
EKPC,2018-06-27 15:00:00,1.655
EKPC,2018-06-27 16:00:00,1.662
EKPC,2018-06-27 17:00:00,1.732
EKPC,2018-06-27 18:00:00,1.749
EKPC,2018-06-27 19:00:00,1.766
EKPC,2018-06-27 20:00:00,1.768
EKPC,2018-06-27 21:00:00,1.724
EKPC,2018-06-27 22:00:00,1.711
EKPC,2018-06-27 23:00:00,1.602
EKPC,2018-06-28 00:00:00,1.438
EKPC,2018-06-28 01:00:00,1.318
EKPC,2018-06-28 02:00:00,1.229
EKPC,2018-06-28 03:00:00,1.19
EKPC,2018-06-28 04:00:00,1.14
EKPC,2018-06-28 05:00:00,1.143
EKPC,2018-06-28 06:00:00,1.191
EKPC,2018-06-28 07:00:00,1.191
EKPC,2018-06-28 08:00:00,1.26
EKPC,2018-06-28 09:00:00,1.314
EKPC,2018-06-28 10:00:00,1.415
EKPC,2018-06-28 11:00:00,1.545
EKPC,2018-06-28 12:00:00,1.633
EKPC,2018-06-28 13:00:00,1.756
EKPC,2018-06-28 14:00:00,1.818
EKPC,2018-06-28 15:00:00,1.974
EKPC,2018-06-28 16:00:00,1.998
EKPC,2018-06-28 17:00:00,2.044
EKPC,2018-06-28 18:00:00,2.114
EKPC,2018-06-28 19:00:00,2.137
EKPC,2018-06-28 20:00:00,2.065
EKPC,2018-06-28 21:00:00,1.954
EKPC,2018-06-28 22:00:00,1.873
EKPC,2018-06-28 23:00:00,1.743
EKPC,2018-06-29 00:00:00,1.545
EKPC,2018-06-29 01:00:00,1.444
EKPC,2018-06-29 02:00:00,1.322
EKPC,2018-06-29 03:00:00,1.197
EKPC,2018-06-29 04:00:00,1.182
EKPC,2018-06-29 05:00:00,1.213
EKPC,2018-06-29 06:00:00,1.275
EKPC,2018-06-29 07:00:00,1.316
EKPC,2018-06-29 08:00:00,1.392
EKPC,2018-06-29 09:00:00,1.484
EKPC,2018-06-29 10:00:00,1.567
EKPC,2018-06-29 11:00:00,1.701
EKPC,2018-06-29 12:00:00,1.802
EKPC,2018-06-29 13:00:00,1.912
EKPC,2018-06-29 14:00:00,2.043
EKPC,2018-06-29 15:00:00,2.074
EKPC,2018-06-29 16:00:00,2.056
EKPC,2018-06-29 17:00:00,2.107
EKPC,2018-06-29 18:00:00,2.247
EKPC,2018-06-29 19:00:00,2.217
EKPC,2018-06-29 20:00:00,2.186
EKPC,2018-06-29 21:00:00,2.08
EKPC,2018-06-29 22:00:00,2.007
EKPC,2018-06-29 23:00:00,1.854
EKPC,2018-06-30 00:00:00,1.672
EKPC,2018-06-30 01:00:00,1.499
EKPC,2018-06-30 02:00:00,1.357
EKPC,2018-06-30 03:00:00,1.239
EKPC,2018-06-30 04:00:00,1.171
EKPC,2018-06-30 05:00:00,1.129
EKPC,2018-06-30 06:00:00,1.073
EKPC,2018-06-30 07:00:00,1.104
EKPC,2018-06-30 08:00:00,1.195
EKPC,2018-06-30 09:00:00,1.342
EKPC,2018-06-30 10:00:00,1.543
EKPC,2018-06-30 11:00:00,1.741
EKPC,2018-06-30 12:00:00,1.896
EKPC,2018-06-30 13:00:00,2.043
EKPC,2018-06-30 14:00:00,2.099
EKPC,2018-06-30 15:00:00,2.168
EKPC,2018-06-30 16:00:00,2.188
EKPC,2018-06-30 17:00:00,2.208
EKPC,2018-06-30 18:00:00,2.211
EKPC,2018-06-30 19:00:00,2.158
EKPC,2018-06-30 20:00:00,2.153
EKPC,2018-06-30 21:00:00,2.073
EKPC,2018-06-30 22:00:00,2.025
EKPC,2018-06-30 23:00:00,1.903
FE,2018-06-22 00:00:00,7.631
FE,2018-06-22 01:00:00,7.159
FE,2018-06-22 02:00:00,6.709
FE,2018-06-22 03:00:00,6.495
FE,2018-06-22 04:00:00,6.428
FE,2018-06-22 05:00:00,6.466
FE,2018-06-22 06:00:00,6.728
FE,2018-06-22 07:00:00,7.142
FE,2018-06-22 08:00:00,7.638
FE,2018-06-22 09:00:00,8.0
FE,2018-06-22 10:00:00,8.15
FE,2018-06-22 11:00:00,8.347
FE,2018-06-22 12:00:00,8.43
FE,2018-06-22 13:00:00,8.536
FE,2018-06-22 14:00:00,8.572
FE,2018-06-22 15:00:00,8.554
FE,2018-06-22 16:00:00,8.513
FE,2018-06-22 17:00:00,8.503
FE,2018-06-22 18:00:00,8.391
FE,2018-06-22 19:00:00,8.187
FE,2018-06-22 20:00:00,7.983
FE,2018-06-22 21:00:00,7.757
FE,2018-06-22 22:00:00,7.834
FE,2018-06-22 23:00:00,7.489
FE,2018-06-23 00:00:00,6.981
FE,2018-06-23 01:00:00,6.536
FE,2018-06-23 02:00:00,6.238
FE,2018-06-23 03:00:00,6.076
FE,2018-06-23 04:00:00,5.927
FE,2018-06-23 05:00:00,5.966
FE,2018-06-23 06:00:00,6.042
FE,2018-06-23 07:00:00,6.17
FE,2018-06-23 08:00:00,6.416
FE,2018-06-23 09:00:00,6.826
FE,2018-06-23 10:00:00,7.168
FE,2018-06-23 11:00:00,7.533
FE,2018-06-23 12:00:00,7.74
FE,2018-06-23 13:00:00,7.871
FE,2018-06-23 14:00:00,8.016
FE,2018-06-23 15:00:00,8.17
FE,2018-06-23 16:00:00,8.277
FE,2018-06-23 17:00:00,8.317
FE,2018-06-23 18:00:00,8.321
FE,2018-06-23 19:00:00,8.244
FE,2018-06-23 20:00:00,8.005
FE,2018-06-23 21:00:00,7.737
FE,2018-06-23 22:00:00,7.714
FE,2018-06-23 23:00:00,7.451
FE,2018-06-24 00:00:00,7.043
FE,2018-06-24 01:00:00,6.622
FE,2018-06-24 02:00:00,6.255
FE,2018-06-24 03:00:00,5.995
FE,2018-06-24 04:00:00,5.891
FE,2018-06-24 05:00:00,5.837
FE,2018-06-24 06:00:00,5.808
FE,2018-06-24 07:00:00,5.827
FE,2018-06-24 08:00:00,6.073
FE,2018-06-24 09:00:00,6.388
FE,2018-06-24 10:00:00,6.891
FE,2018-06-24 11:00:00,7.226
FE,2018-06-24 12:00:00,7.46
FE,2018-06-24 13:00:00,7.736
FE,2018-06-24 14:00:00,7.891
FE,2018-06-24 15:00:00,8.055
FE,2018-06-24 16:00:00,8.184
FE,2018-06-24 17:00:00,8.373
FE,2018-06-24 18:00:00,8.464
FE,2018-06-24 19:00:00,8.332
FE,2018-06-24 20:00:00,8.038
FE,2018-06-24 21:00:00,7.72
FE,2018-06-24 22:00:00,7.712
FE,2018-06-24 23:00:00,7.433
FE,2018-06-25 00:00:00,6.948
FE,2018-06-25 01:00:00,6.528
FE,2018-06-25 02:00:00,6.3
FE,2018-06-25 03:00:00,6.125
FE,2018-06-25 04:00:00,6.071
FE,2018-06-25 05:00:00,6.161
FE,2018-06-25 06:00:00,6.454
FE,2018-06-25 07:00:00,6.867
FE,2018-06-25 08:00:00,7.346
FE,2018-06-25 09:00:00,7.743
FE,2018-06-25 10:00:00,8.083
FE,2018-06-25 11:00:00,8.387
FE,2018-06-25 12:00:00,8.605
FE,2018-06-25 13:00:00,8.852
FE,2018-06-25 14:00:00,9.102
FE,2018-06-25 15:00:00,9.202
FE,2018-06-25 16:00:00,9.303
FE,2018-06-25 17:00:00,9.407
FE,2018-06-25 18:00:00,9.363
FE,2018-06-25 19:00:00,9.137
FE,2018-06-25 20:00:00,8.801
FE,2018-06-25 21:00:00,8.435
FE,2018-06-25 22:00:00,8.24
FE,2018-06-25 23:00:00,7.761
FE,2018-06-26 00:00:00,7.158
FE,2018-06-26 01:00:00,6.652
FE,2018-06-26 02:00:00,6.23
FE,2018-06-26 03:00:00,6.058
FE,2018-06-26 04:00:00,5.981
FE,2018-06-26 05:00:00,5.974
FE,2018-06-26 06:00:00,6.272
FE,2018-06-26 07:00:00,6.571
FE,2018-06-26 08:00:00,7.053
FE,2018-06-26 09:00:00,7.48
FE,2018-06-26 10:00:00,7.785
FE,2018-06-26 11:00:00,8.19
FE,2018-06-26 12:00:00,8.502
FE,2018-06-26 13:00:00,8.85
FE,2018-06-26 14:00:00,9.176
FE,2018-06-26 15:00:00,9.394
FE,2018-06-26 16:00:00,9.567
FE,2018-06-26 17:00:00,9.696
FE,2018-06-26 18:00:00,9.615
FE,2018-06-26 19:00:00,9.477
FE,2018-06-26 20:00:00,9.259
FE,2018-06-26 21:00:00,9.042
FE,2018-06-26 22:00:00,8.939
FE,2018-06-26 23:00:00,8.496
FE,2018-06-27 00:00:00,7.858
FE,2018-06-27 01:00:00,7.296
FE,2018-06-27 02:00:00,6.939
FE,2018-06-27 03:00:00,6.693
FE,2018-06-27 04:00:00,6.449
FE,2018-06-27 05:00:00,6.473
FE,2018-06-27 06:00:00,6.801
FE,2018-06-27 07:00:00,7.221
FE,2018-06-27 08:00:00,7.697
FE,2018-06-27 09:00:00,8.025
FE,2018-06-27 10:00:00,8.245
FE,2018-06-27 11:00:00,8.511
FE,2018-06-27 12:00:00,8.617
FE,2018-06-27 13:00:00,8.754
FE,2018-06-27 14:00:00,8.923
FE,2018-06-27 15:00:00,9.092
FE,2018-06-27 16:00:00,9.232
FE,2018-06-27 17:00:00,9.252
FE,2018-06-27 18:00:00,9.246
FE,2018-06-27 19:00:00,9.224
FE,2018-06-27 20:00:00,9.029
FE,2018-06-27 21:00:00,8.735
FE,2018-06-27 22:00:00,8.692
FE,2018-06-27 23:00:00,8.278
FE,2018-06-28 00:00:00,7.672
FE,2018-06-28 01:00:00,7.204
FE,2018-06-28 02:00:00,6.83
FE,2018-06-28 03:00:00,6.646
FE,2018-06-28 04:00:00,6.51
FE,2018-06-28 05:00:00,6.474
FE,2018-06-28 06:00:00,6.746
FE,2018-06-28 07:00:00,7.17
FE,2018-06-28 08:00:00,7.626
FE,2018-06-28 09:00:00,8.014
FE,2018-06-28 10:00:00,8.314
FE,2018-06-28 11:00:00,8.733
FE,2018-06-28 12:00:00,8.986
FE,2018-06-28 13:00:00,9.299
FE,2018-06-28 14:00:00,9.608
FE,2018-06-28 15:00:00,9.793
FE,2018-06-28 16:00:00,10.059
FE,2018-06-28 17:00:00,10.4
FE,2018-06-28 18:00:00,10.471
FE,2018-06-28 19:00:00,10.376
FE,2018-06-28 20:00:00,10.177
FE,2018-06-28 21:00:00,9.786
FE,2018-06-28 22:00:00,9.488
FE,2018-06-28 23:00:00,8.933
FE,2018-06-29 00:00:00,8.126
FE,2018-06-29 01:00:00,7.447
FE,2018-06-29 02:00:00,7.062
FE,2018-06-29 03:00:00,6.761
FE,2018-06-29 04:00:00,6.573
FE,2018-06-29 05:00:00,6.582
FE,2018-06-29 06:00:00,6.78
FE,2018-06-29 07:00:00,7.207
FE,2018-06-29 08:00:00,7.805
FE,2018-06-29 09:00:00,8.48
FE,2018-06-29 10:00:00,9.176
FE,2018-06-29 11:00:00,9.898
FE,2018-06-29 12:00:00,10.376
FE,2018-06-29 13:00:00,10.873
FE,2018-06-29 14:00:00,11.232
FE,2018-06-29 15:00:00,11.363
FE,2018-06-29 16:00:00,11.508
FE,2018-06-29 17:00:00,11.578
FE,2018-06-29 18:00:00,11.584
FE,2018-06-29 19:00:00,11.625
FE,2018-06-29 20:00:00,11.409
FE,2018-06-29 21:00:00,10.899
FE,2018-06-29 22:00:00,10.568
FE,2018-06-29 23:00:00,9.935
FE,2018-06-30 00:00:00,9.045
FE,2018-06-30 01:00:00,8.423
FE,2018-06-30 02:00:00,7.804
FE,2018-06-30 03:00:00,7.437
FE,2018-06-30 04:00:00,7.137
FE,2018-06-30 05:00:00,6.954
FE,2018-06-30 06:00:00,6.964
FE,2018-06-30 07:00:00,6.93
FE,2018-06-30 08:00:00,7.49
FE,2018-06-30 09:00:00,8.286
FE,2018-06-30 10:00:00,9.087
FE,2018-06-30 11:00:00,9.956
FE,2018-06-30 12:00:00,10.536
FE,2018-06-30 13:00:00,10.942
FE,2018-06-30 14:00:00,11.287
FE,2018-06-30 15:00:00,11.433
FE,2018-06-30 16:00:00,11.652
FE,2018-06-30 17:00:00,11.838
FE,2018-06-30 18:00:00,11.843
FE,2018-06-30 19:00:00,11.757
FE,2018-06-30 20:00:00,11.472
FE,2018-06-30 21:00:00,11.004
FE,2018-06-30 22:00:00,10.623
FE,2018-06-30 23:00:00,10.065
PJME,2018-06-22 00:00:00,32.318
PJME,2018-06-22 01:00:00,29.654
PJME,2018-06-22 02:00:00,27.867
PJME,2018-06-22 03:00:00,26.814
PJME,2018-06-22 04:00:00,26.194
PJME,2018-06-22 05:00:00,26.283
PJME,2018-06-22 06:00:00,27.362
PJME,2018-06-22 07:00:00,29.217
PJME,2018-06-22 08:00:00,31.115
PJME,2018-06-22 09:00:00,32.57
PJME,2018-06-22 10:00:00,33.505
PJME,2018-06-22 11:00:00,34.164
PJME,2018-06-22 12:00:00,34.504
PJME,2018-06-22 13:00:00,34.576
PJME,2018-06-22 14:00:00,34.629
PJME,2018-06-22 15:00:00,34.389
PJME,2018-06-22 16:00:00,34.157
PJME,2018-06-22 17:00:00,33.883
PJME,2018-06-22 18:00:00,33.332
PJME,2018-06-22 19:00:00,32.39
PJME,2018-06-22 20:00:00,31.606
PJME,2018-06-22 21:00:00,31.422
PJME,2018-06-22 22:00:00,30.877
PJME,2018-06-22 23:00:00,29.196
PJME,2018-06-23 00:00:00,27.095
PJME,2018-06-23 01:00:00,25.255
PJME,2018-06-23 02:00:00,23.962
PJME,2018-06-23 03:00:00,23.201
PJME,2018-06-23 04:00:00,22.744
PJME,2018-06-23 05:00:00,22.669
PJME,2018-06-23 06:00:00,23.01
PJME,2018-06-23 07:00:00,23.516
PJME,2018-06-23 08:00:00,24.734
PJME,2018-06-23 09:00:00,26.414
PJME,2018-06-23 10:00:00,27.871
PJME,2018-06-23 11:00:00,29.05
PJME,2018-06-23 12:00:00,29.538
PJME,2018-06-23 13:00:00,29.804
PJME,2018-06-23 14:00:00,29.808
PJME,2018-06-23 15:00:00,29.867
PJME,2018-06-23 16:00:00,30.096
PJME,2018-06-23 17:00:00,30.626
PJME,2018-06-23 18:00:00,31.193
PJME,2018-06-23 19:00:00,31.295
PJME,2018-06-23 20:00:00,31.139
PJME,2018-06-23 21:00:00,31.071
PJME,2018-06-23 22:00:00,30.967
PJME,2018-06-23 23:00:00,29.512
PJME,2018-06-24 00:00:00,27.624
PJME,2018-06-24 01:00:00,25.828
PJME,2018-06-24 02:00:00,24.526
PJME,2018-06-24 03:00:00,23.65
PJME,2018-06-24 04:00:00,23.1
PJME,2018-06-24 05:00:00,22.912
PJME,2018-06-24 06:00:00,22.901
PJME,2018-06-24 07:00:00,23.245
PJME,2018-06-24 08:00:00,24.669
PJME,2018-06-24 09:00:00,27.002
PJME,2018-06-24 10:00:00,29.511
PJME,2018-06-24 11:00:00,31.952
PJME,2018-06-24 12:00:00,34.3
PJME,2018-06-24 13:00:00,36.15
PJME,2018-06-24 14:00:00,37.741
PJME,2018-06-24 15:00:00,38.805
PJME,2018-06-24 16:00:00,39.699
PJME,2018-06-24 17:00:00,40.315
PJME,2018-06-24 18:00:00,40.79
PJME,2018-06-24 19:00:00,40.563
PJME,2018-06-24 20:00:00,39.342
PJME,2018-06-24 21:00:00,37.945
PJME,2018-06-24 22:00:00,36.671
PJME,2018-06-24 23:00:00,34.024
PJME,2018-06-25 00:00:00,31.067
PJME,2018-06-25 01:00:00,28.482
PJME,2018-06-25 02:00:00,26.738
PJME,2018-06-25 03:00:00,25.605
PJME,2018-06-25 04:00:00,25.08
PJME,2018-06-25 05:00:00,25.333
PJME,2018-06-25 06:00:00,26.324
PJME,2018-06-25 07:00:00,28.487
PJME,2018-06-25 08:00:00,31.01
PJME,2018-06-25 09:00:00,32.692
PJME,2018-06-25 10:00:00,33.998
PJME,2018-06-25 11:00:00,35.215
PJME,2018-06-25 12:00:00,36.232
PJME,2018-06-25 13:00:00,37.067
PJME,2018-06-25 14:00:00,38.224
PJME,2018-06-25 15:00:00,39.105
PJME,2018-06-25 16:00:00,39.935
PJME,2018-06-25 17:00:00,40.581
PJME,2018-06-25 18:00:00,40.808
PJME,2018-06-25 19:00:00,39.879
PJME,2018-06-25 20:00:00,38.091
PJME,2018-06-25 21:00:00,36.548
PJME,2018-06-25 22:00:00,35.309
PJME,2018-06-25 23:00:00,32.289
PJME,2018-06-26 00:00:00,29.038
PJME,2018-06-26 01:00:00,26.408
PJME,2018-06-26 02:00:00,24.753
PJME,2018-06-26 03:00:00,23.722
PJME,2018-06-26 04:00:00,23.14
PJME,2018-06-26 05:00:00,23.392
PJME,2018-06-26 06:00:00,24.281
PJME,2018-06-26 07:00:00,26.312
PJME,2018-06-26 08:00:00,28.432
PJME,2018-06-26 09:00:00,29.985
PJME,2018-06-26 10:00:00,31.325
PJME,2018-06-26 11:00:00,32.775
PJME,2018-06-26 12:00:00,34.19
PJME,2018-06-26 13:00:00,35.362
PJME,2018-06-26 14:00:00,36.336
PJME,2018-06-26 15:00:00,37.159
PJME,2018-06-26 16:00:00,38.437
PJME,2018-06-26 17:00:00,39.206
PJME,2018-06-26 18:00:00,39.441
PJME,2018-06-26 19:00:00,38.707
PJME,2018-06-26 20:00:00,37.249
PJME,2018-06-26 21:00:00,35.923
PJME,2018-06-26 22:00:00,34.961
PJME,2018-06-26 23:00:00,32.196
PJME,2018-06-27 00:00:00,29.261
PJME,2018-06-27 01:00:00,26.915
PJME,2018-06-27 02:00:00,25.363
PJME,2018-06-27 03:00:00,24.404
PJME,2018-06-27 04:00:00,23.944
PJME,2018-06-27 05:00:00,24.295
PJME,2018-06-27 06:00:00,25.506
PJME,2018-06-27 07:00:00,27.71
PJME,2018-06-27 08:00:00,29.883
PJME,2018-06-27 09:00:00,31.304
PJME,2018-06-27 10:00:00,32.494
PJME,2018-06-27 11:00:00,33.678
PJME,2018-06-27 12:00:00,34.402
PJME,2018-06-27 13:00:00,34.677
PJME,2018-06-27 14:00:00,34.817
PJME,2018-06-27 15:00:00,35.005
PJME,2018-06-27 16:00:00,35.032
PJME,2018-06-27 17:00:00,35.293
PJME,2018-06-27 18:00:00,35.508
PJME,2018-06-27 19:00:00,35.357
PJME,2018-06-27 20:00:00,34.994
PJME,2018-06-27 21:00:00,34.919
PJME,2018-06-27 22:00:00,34.49
PJME,2018-06-27 23:00:00,32.423
PJME,2018-06-28 00:00:00,30.185
PJME,2018-06-28 01:00:00,28.188
PJME,2018-06-28 02:00:00,26.927
PJME,2018-06-28 03:00:00,26.191
PJME,2018-06-28 04:00:00,25.94
PJME,2018-06-28 05:00:00,26.259
PJME,2018-06-28 06:00:00,27.734
PJME,2018-06-28 07:00:00,30.063
PJME,2018-06-28 08:00:00,32.727
PJME,2018-06-28 09:00:00,34.786
PJME,2018-06-28 10:00:00,36.755
PJME,2018-06-28 11:00:00,38.665
PJME,2018-06-28 12:00:00,40.433
PJME,2018-06-28 13:00:00,41.936
PJME,2018-06-28 14:00:00,43.441
PJME,2018-06-28 15:00:00,44.429
PJME,2018-06-28 16:00:00,45.139
PJME,2018-06-28 17:00:00,45.811
PJME,2018-06-28 18:00:00,46.35
PJME,2018-06-28 19:00:00,46.021
PJME,2018-06-28 20:00:00,44.678
PJME,2018-06-28 21:00:00,42.901
PJME,2018-06-28 22:00:00,41.619
PJME,2018-06-28 23:00:00,38.478
PJME,2018-06-29 00:00:00,34.956
PJME,2018-06-29 01:00:00,31.942
PJME,2018-06-29 02:00:00,29.691
PJME,2018-06-29 03:00:00,28.338
PJME,2018-06-29 04:00:00,27.376
PJME,2018-06-29 05:00:00,27.318
PJME,2018-06-29 06:00:00,28.185
PJME,2018-06-29 07:00:00,30.251
PJME,2018-06-29 08:00:00,33.322
PJME,2018-06-29 09:00:00,36.101
PJME,2018-06-29 10:00:00,38.54
PJME,2018-06-29 11:00:00,40.893
PJME,2018-06-29 12:00:00,42.865
PJME,2018-06-29 13:00:00,44.489
PJME,2018-06-29 14:00:00,45.791
PJME,2018-06-29 15:00:00,46.826
PJME,2018-06-29 16:00:00,47.825
PJME,2018-06-29 17:00:00,48.752
PJME,2018-06-29 18:00:00,49.105
PJME,2018-06-29 19:00:00,48.321
PJME,2018-06-29 20:00:00,46.534
PJME,2018-06-29 21:00:00,44.158
PJME,2018-06-29 22:00:00,42.343
PJME,2018-06-29 23:00:00,39.099
PJME,2018-06-30 00:00:00,35.639
PJME,2018-06-30 01:00:00,32.443
PJME,2018-06-30 02:00:00,30.093
PJME,2018-06-30 03:00:00,28.392
PJME,2018-06-30 04:00:00,27.226
PJME,2018-06-30 05:00:00,26.624
PJME,2018-06-30 06:00:00,26.411
PJME,2018-06-30 07:00:00,27.026
PJME,2018-06-30 08:00:00,29.393
PJME,2018-06-30 09:00:00,32.697
PJME,2018-06-30 10:00:00,36.256
PJME,2018-06-30 11:00:00,39.459
PJME,2018-06-30 12:00:00,41.902
PJME,2018-06-30 13:00:00,43.803
PJME,2018-06-30 14:00:00,45.293
PJME,2018-06-30 15:00:00,46.465
PJME,2018-06-30 16:00:00,47.711
PJME,2018-06-30 17:00:00,48.79
PJME,2018-06-30 18:00:00,49.341
PJME,2018-06-30 19:00:00,49.031
PJME,2018-06-30 20:00:00,47.522
PJME,2018-06-30 21:00:00,45.558
PJME,2018-06-30 22:00:00,43.94
PJME,2018-06-30 23:00:00,40.958
PJMW,2018-06-22 00:00:00,5.391
PJMW,2018-06-22 01:00:00,4.992
PJMW,2018-06-22 02:00:00,4.781
PJMW,2018-06-22 03:00:00,4.627
PJMW,2018-06-22 04:00:00,4.526
PJMW,2018-06-22 05:00:00,4.529
PJMW,2018-06-22 06:00:00,4.707
PJMW,2018-06-22 07:00:00,4.964
PJMW,2018-06-22 08:00:00,5.232
PJMW,2018-06-22 09:00:00,5.378
PJMW,2018-06-22 10:00:00,5.558
PJMW,2018-06-22 11:00:00,5.75
PJMW,2018-06-22 12:00:00,5.835
PJMW,2018-06-22 13:00:00,5.963
PJMW,2018-06-22 14:00:00,5.956
PJMW,2018-06-22 15:00:00,5.903
PJMW,2018-06-22 16:00:00,5.811
PJMW,2018-06-22 17:00:00,5.697
PJMW,2018-06-22 18:00:00,5.656
PJMW,2018-06-22 19:00:00,5.557
PJMW,2018-06-22 20:00:00,5.475
PJMW,2018-06-22 21:00:00,5.441
PJMW,2018-06-22 22:00:00,5.348
PJMW,2018-06-22 23:00:00,5.058
PJMW,2018-06-23 00:00:00,4.752
PJMW,2018-06-23 01:00:00,4.431
PJMW,2018-06-23 02:00:00,4.24
PJMW,2018-06-23 03:00:00,4.109
PJMW,2018-06-23 04:00:00,4.048
PJMW,2018-06-23 05:00:00,4.048
PJMW,2018-06-23 06:00:00,4.122
PJMW,2018-06-23 07:00:00,4.192
PJMW,2018-06-23 08:00:00,4.36
PJMW,2018-06-23 09:00:00,4.675
PJMW,2018-06-23 10:00:00,4.973
PJMW,2018-06-23 11:00:00,5.162
PJMW,2018-06-23 12:00:00,5.342
PJMW,2018-06-23 13:00:00,5.431
PJMW,2018-06-23 14:00:00,5.58
PJMW,2018-06-23 15:00:00,5.675
PJMW,2018-06-23 16:00:00,5.77
PJMW,2018-06-23 17:00:00,5.862
PJMW,2018-06-23 18:00:00,5.948
PJMW,2018-06-23 19:00:00,5.908
PJMW,2018-06-23 20:00:00,5.775
PJMW,2018-06-23 21:00:00,5.655
PJMW,2018-06-23 22:00:00,5.557
PJMW,2018-06-23 23:00:00,5.274
PJMW,2018-06-24 00:00:00,4.895
PJMW,2018-06-24 01:00:00,4.55
PJMW,2018-06-24 02:00:00,4.324
PJMW,2018-06-24 03:00:00,4.161
PJMW,2018-06-24 04:00:00,4.099
PJMW,2018-06-24 05:00:00,4.056
PJMW,2018-06-24 06:00:00,4.075
PJMW,2018-06-24 07:00:00,4.077
PJMW,2018-06-24 08:00:00,4.321
PJMW,2018-06-24 09:00:00,4.73
PJMW,2018-06-24 10:00:00,5.167
PJMW,2018-06-24 11:00:00,5.487
PJMW,2018-06-24 12:00:00,5.723
PJMW,2018-06-24 13:00:00,5.98
PJMW,2018-06-24 14:00:00,6.057
PJMW,2018-06-24 15:00:00,6.195
PJMW,2018-06-24 16:00:00,6.301
PJMW,2018-06-24 17:00:00,6.46
PJMW,2018-06-24 18:00:00,6.506
PJMW,2018-06-24 19:00:00,6.515
PJMW,2018-06-24 20:00:00,6.318
PJMW,2018-06-24 21:00:00,6.13
PJMW,2018-06-24 22:00:00,5.936
PJMW,2018-06-24 23:00:00,5.579
PJMW,2018-06-25 00:00:00,5.153
PJMW,2018-06-25 01:00:00,4.837
PJMW,2018-06-25 02:00:00,4.604
PJMW,2018-06-25 03:00:00,4.446
PJMW,2018-06-25 04:00:00,4.404
PJMW,2018-06-25 05:00:00,4.427
PJMW,2018-06-25 06:00:00,4.604
PJMW,2018-06-25 07:00:00,4.927
PJMW,2018-06-25 08:00:00,5.222
PJMW,2018-06-25 09:00:00,5.523
PJMW,2018-06-25 10:00:00,5.764
PJMW,2018-06-25 11:00:00,6.013
PJMW,2018-06-25 12:00:00,6.291
PJMW,2018-06-25 13:00:00,6.508
PJMW,2018-06-25 14:00:00,6.666
PJMW,2018-06-25 15:00:00,6.763
PJMW,2018-06-25 16:00:00,6.808
PJMW,2018-06-25 17:00:00,6.807
PJMW,2018-06-25 18:00:00,6.787
PJMW,2018-06-25 19:00:00,6.664
PJMW,2018-06-25 20:00:00,6.428
PJMW,2018-06-25 21:00:00,6.299
PJMW,2018-06-25 22:00:00,6.159
PJMW,2018-06-25 23:00:00,5.648
PJMW,2018-06-26 00:00:00,5.148
PJMW,2018-06-26 01:00:00,4.666
PJMW,2018-06-26 02:00:00,4.459
PJMW,2018-06-26 03:00:00,4.351
PJMW,2018-06-26 04:00:00,4.257
PJMW,2018-06-26 05:00:00,4.332
PJMW,2018-06-26 06:00:00,4.517
PJMW,2018-06-26 07:00:00,4.718
PJMW,2018-06-26 08:00:00,4.96
PJMW,2018-06-26 09:00:00,5.231
PJMW,2018-06-26 10:00:00,5.497
PJMW,2018-06-26 11:00:00,5.736
PJMW,2018-06-26 12:00:00,5.976
PJMW,2018-06-26 13:00:00,6.192
PJMW,2018-06-26 14:00:00,6.304
PJMW,2018-06-26 15:00:00,6.33
PJMW,2018-06-26 16:00:00,6.526
PJMW,2018-06-26 17:00:00,6.503
PJMW,2018-06-26 18:00:00,6.55
PJMW,2018-06-26 19:00:00,6.476
PJMW,2018-06-26 20:00:00,6.247
PJMW,2018-06-26 21:00:00,6.116
PJMW,2018-06-26 22:00:00,5.961
PJMW,2018-06-26 23:00:00,5.602
PJMW,2018-06-27 00:00:00,5.195
PJMW,2018-06-27 01:00:00,4.858
PJMW,2018-06-27 02:00:00,4.618
PJMW,2018-06-27 03:00:00,4.467
PJMW,2018-06-27 04:00:00,4.408
PJMW,2018-06-27 05:00:00,4.397
PJMW,2018-06-27 06:00:00,4.656
PJMW,2018-06-27 07:00:00,4.953
PJMW,2018-06-27 08:00:00,5.264
PJMW,2018-06-27 09:00:00,5.436
PJMW,2018-06-27 10:00:00,5.556
PJMW,2018-06-27 11:00:00,5.689
PJMW,2018-06-27 12:00:00,5.843
PJMW,2018-06-27 13:00:00,5.924
PJMW,2018-06-27 14:00:00,6.043
PJMW,2018-06-27 15:00:00,6.2
PJMW,2018-06-27 16:00:00,6.346
PJMW,2018-06-27 17:00:00,6.423
PJMW,2018-06-27 18:00:00,6.556
PJMW,2018-06-27 19:00:00,6.465
PJMW,2018-06-27 20:00:00,6.392
PJMW,2018-06-27 21:00:00,6.287
PJMW,2018-06-27 22:00:00,6.2
PJMW,2018-06-27 23:00:00,5.826
PJMW,2018-06-28 00:00:00,5.403
PJMW,2018-06-28 01:00:00,5.088
PJMW,2018-06-28 02:00:00,4.902
PJMW,2018-06-28 03:00:00,4.726
PJMW,2018-06-28 04:00:00,4.681
PJMW,2018-06-28 05:00:00,4.676
PJMW,2018-06-28 06:00:00,4.908
PJMW,2018-06-28 07:00:00,5.185
PJMW,2018-06-28 08:00:00,5.509
PJMW,2018-06-28 09:00:00,5.688
PJMW,2018-06-28 10:00:00,5.999
PJMW,2018-06-28 11:00:00,6.305
PJMW,2018-06-28 12:00:00,6.443
PJMW,2018-06-28 13:00:00,6.61
PJMW,2018-06-28 14:00:00,6.708
PJMW,2018-06-28 15:00:00,6.875
PJMW,2018-06-28 16:00:00,7.0
PJMW,2018-06-28 17:00:00,7.223
PJMW,2018-06-28 18:00:00,7.286
PJMW,2018-06-28 19:00:00,7.267
PJMW,2018-06-28 20:00:00,7.139
PJMW,2018-06-28 21:00:00,6.817
PJMW,2018-06-28 22:00:00,6.665
PJMW,2018-06-28 23:00:00,6.103
PJMW,2018-06-29 00:00:00,5.612
PJMW,2018-06-29 01:00:00,5.155
PJMW,2018-06-29 02:00:00,4.848
PJMW,2018-06-29 03:00:00,4.662
PJMW,2018-06-29 04:00:00,4.556
PJMW,2018-06-29 05:00:00,4.557
PJMW,2018-06-29 06:00:00,4.681
PJMW,2018-06-29 07:00:00,4.941
PJMW,2018-06-29 08:00:00,5.217
PJMW,2018-06-29 09:00:00,5.572
PJMW,2018-06-29 10:00:00,5.966
PJMW,2018-06-29 11:00:00,6.362
PJMW,2018-06-29 12:00:00,6.737
PJMW,2018-06-29 13:00:00,7.025
PJMW,2018-06-29 14:00:00,7.298
PJMW,2018-06-29 15:00:00,7.489
PJMW,2018-06-29 16:00:00,7.659
PJMW,2018-06-29 17:00:00,7.794
PJMW,2018-06-29 18:00:00,7.808
PJMW,2018-06-29 19:00:00,7.752
PJMW,2018-06-29 20:00:00,7.526
PJMW,2018-06-29 21:00:00,7.166
PJMW,2018-06-29 22:00:00,6.91
PJMW,2018-06-29 23:00:00,6.403
PJMW,2018-06-30 00:00:00,5.836
PJMW,2018-06-30 01:00:00,5.273
PJMW,2018-06-30 02:00:00,4.974
PJMW,2018-06-30 03:00:00,4.725
PJMW,2018-06-30 04:00:00,4.544
PJMW,2018-06-30 05:00:00,4.411
PJMW,2018-06-30 06:00:00,4.421
PJMW,2018-06-30 07:00:00,4.476
PJMW,2018-06-30 08:00:00,4.851
PJMW,2018-06-30 09:00:00,5.289
PJMW,2018-06-30 10:00:00,5.81
PJMW,2018-06-30 11:00:00,6.315
PJMW,2018-06-30 12:00:00,6.776
PJMW,2018-06-30 13:00:00,7.089
PJMW,2018-06-30 14:00:00,7.27
PJMW,2018-06-30 15:00:00,7.455
PJMW,2018-06-30 16:00:00,7.596
PJMW,2018-06-30 17:00:00,7.713
PJMW,2018-06-30 18:00:00,7.781
PJMW,2018-06-30 19:00:00,7.731
PJMW,2018-06-30 20:00:00,7.52
PJMW,2018-06-30 21:00:00,7.144
PJMW,2018-06-30 22:00:00,6.811
PJMW,2018-06-30 23:00:00,6.349
