StockCode,InvoiceDate,Quantity,Sales
20685,2011-09-06,0.0,0.0
20685,2011-09-07,1.0,8.25
20685,2011-09-08,5.0,41.25
20685,2011-09-09,-7.0,-46.05
20685,2011-09-10,0.0,0.0
20685,2011-09-11,15.0,110.85
20685,2011-09-12,10.0,70.8
20685,2011-09-13,3.0,24.75
20685,2011-09-14,0.0,0.0
20685,2011-09-15,10.0,70.8
20685,2011-09-16,1.0,16.63
20685,2011-09-17,0.0,0.0
20685,2011-09-18,0.0,0.0
20685,2011-09-19,8.0,65.4
20685,2011-09-20,3.0,49.89
20685,2011-09-21,0.0,0.0
20685,2011-09-22,4.0,33.0
20685,2011-09-23,2.0,16.5
20685,2011-09-24,0.0,0.0
20685,2011-09-25,0.0,0.0
20685,2011-09-26,12.0,87.3
20685,2011-09-27,22.0,158.1
20685,2011-09-28,8.0,73.54
20685,2011-09-29,10.0,70.8
20685,2011-09-30,42.0,336.5
20685,2011-10-01,0.0,0.0
20685,2011-10-02,1.0,8.25
20685,2011-10-03,0.0,0.0
20685,2011-10-04,17.0,128.55
20685,2011-10-05,9.0,74.25
20685,2011-10-06,0.0,0.0
20685,2011-10-07,20.0,141.6
20685,2011-10-08,0.0,0.0
20685,2011-10-09,6.0,49.5
20685,2011-10-10,3.0,33.13
20685,2011-10-11,2.0,16.5
20685,2011-10-12,0.0,0.0
20685,2011-10-13,9.0,91.01
20685,2011-10-14,10.0,70.8
20685,2011-10-15,0.0,0.0
20685,2011-10-16,27.0,194.67
20685,2011-10-17,3.0,24.75
20685,2011-10-18,5.0,48.79
20685,2011-10-19,4.0,41.38
20685,2011-10-20,0.0,0.0
20685,2011-10-21,0.0,0.0
20685,2011-10-22,0.0,0.0
20685,2011-10-23,2.0,16.5
20685,2011-10-24,15.0,120.43
20685,2011-10-25,2.0,16.5
20685,2011-10-26,1.0,16.63
20685,2011-10-27,5.0,41.25
20685,2011-10-28,17.0,128.55
20685,2011-10-29,0.0,0.0
20685,2011-10-30,14.0,103.8
20685,2011-10-31,17.0,167.09
20725,2011-09-06,66.0,108.9
20725,2011-09-07,160.0,256.4
20725,2011-09-08,10.0,23.94
20725,2011-09-09,57.0,99.01
20725,2011-09-10,0.0,0.0
20725,2011-09-11,22.0,36.3
20725,2011-09-12,33.0,54.45
20725,2011-09-13,51.0,86.63
20725,2011-09-14,122.0,181.3
20725,2011-09-15,86.0,160.92
20725,2011-09-16,25.0,41.25
20725,2011-09-17,0.0,0.0
20725,2011-09-18,2.0,3.3
20725,2011-09-19,301.0,456.65
20725,2011-09-20,37.0,64.36
20725,2011-09-21,4.0,11.56
20725,2011-09-22,53.0,92.41
20725,2011-09-23,46.0,112.44
20725,2011-09-24,0.0,0.0
20725,2011-09-25,40.0,66.0
20725,2011-09-26,3.0,12.39
20725,2011-09-27,57.0,175.97
20725,2011-09-28,88.0,147.68
20725,2011-09-29,54.0,99.1
20725,2011-09-30,64.0,110.56
20725,2011-10-01,0.0,0.0
20725,2011-10-02,0.0,0.0
20725,2011-10-03,41.0,77.57
20725,2011-10-04,79.0,311.57
20725,2011-10-05,90.0,148.5
20725,2011-10-06,41.0,67.85
20725,2011-10-07,50.0,165.25
20725,2011-10-08,0.0,0.0
20725,2011-10-09,-9.0,-14.85
20725,2011-10-10,36.0,74.28
20725,2011-10-11,113.0,252.65
20725,2011-10-12,52.0,88.28
20725,2011-10-13,75.0,112.95
20725,2011-10-14,150.0,293.7
20725,2011-10-15,0.0,0.0
20725,2011-10-16,6.0,9.9
20725,2011-10-17,22.0,36.3
20725,2011-10-18,65.0,170.14
20725,2011-10-19,26.0,57.78
20725,2011-10-20,110.0,161.5
20725,2011-10-21,39.0,114.0
20725,2011-10-22,0.0,0.0
20725,2011-10-23,14.0,23.1
20725,2011-10-24,8.0,23.12
20725,2011-10-25,37.0,93.32
20725,2011-10-26,52.0,85.8
20725,2011-10-27,45.0,74.25
20725,2011-10-28,94.0,165.03
20725,2011-10-29,0.0,0.0
20725,2011-10-30,78.0,128.7
20725,2011-10-31,10.0,32.21
21137,2011-09-06,0.0,0.0
21137,2011-09-07,0.0,0.0
21137,2011-09-08,0.0,0.0
21137,2011-09-09,0.0,0.0
21137,2011-09-10,0.0,0.0
21137,2011-09-11,100.0,340.44
21137,2011-09-12,32.0,111.36
21137,2011-09-13,4.0,29.84
21137,2011-09-14,171.0,580.77
21137,2011-09-15,0.0,0.0
21137,2011-09-16,3.0,11.25
21137,2011-09-17,0.0,0.0
21137,2011-09-18,0.0,0.0
21137,2011-09-19,-4.0,-15.0
21137,2011-09-20,0.0,0.0
21137,2011-09-21,0.0,0.0
21137,2011-09-22,24.0,81.36
21137,2011-09-23,9.0,44.88
21137,2011-09-24,0.0,0.0
21137,2011-09-25,5.0,18.75
21137,2011-09-26,48.0,162.72
21137,2011-09-27,9.0,44.88
21137,2011-09-28,28.0,96.36
21137,2011-09-29,110.0,385.36
21137,2011-09-30,0.0,0.0
21137,2011-10-01,0.0,0.0
21137,2011-10-02,7.0,26.25
21137,2011-10-03,36.0,126.36
21137,2011-10-04,100.0,340.44
21137,2011-10-05,0.0,0.0
21137,2011-10-06,41.0,145.11
21137,2011-10-07,128.0,451.64
21137,2011-10-08,0.0,0.0
21137,2011-10-09,0.0,0.0
21137,2011-10-10,7.0,52.22
21137,2011-10-11,3.0,11.25
21137,2011-10-12,0.0,0.0
21137,2011-10-13,9.0,33.75
21137,2011-10-14,0.0,0.0
21137,2011-10-15,0.0,0.0
21137,2011-10-16,2.0,7.5
21137,2011-10-17,128.0,436.8
21137,2011-10-18,4.0,15.0
21137,2011-10-19,0.0,0.0
21137,2011-10-20,38.0,133.86
21137,2011-10-21,12.0,45.0
21137,2011-10-22,0.0,0.0
21137,2011-10-23,2.0,7.5
21137,2011-10-24,0.0,0.0
21137,2011-10-25,1.0,7.46
21137,2011-10-26,24.0,81.36
21137,2011-10-27,17.0,63.75
21137,2011-10-28,49.0,166.47
21137,2011-10-29,0.0,0.0
21137,2011-10-30,4.0,15.0
21137,2011-10-31,16.0,60.0
21931,2011-09-06,4.0,8.32
21931,2011-09-07,172.0,457.91
21931,2011-09-08,26.0,56.13
21931,2011-09-09,15.0,35.3
21931,2011-09-10,0.0,0.0
21931,2011-09-11,36.0,74.88
21931,2011-09-12,41.0,85.28
21931,2011-09-13,65.0,163.9
21931,2011-09-14,3.0,6.24
21931,2011-09-15,38.0,124.14
21931,2011-09-16,67.0,188.56
21931,2011-09-17,0.0,0.0
21931,2011-09-18,105.0,189.4
21931,2011-09-19,12.0,24.96
21931,2011-09-20,152.0,368.26
21931,2011-09-21,4.0,18.57
21931,2011-09-22,62.0,125.21
21931,2011-09-23,26.0,103.28
21931,2011-09-24,0.0,0.0
21931,2011-09-25,30.0,62.4
21931,2011-09-26,10.0,20.8
21931,2011-09-27,45.0,142.8
21931,2011-09-28,33.0,64.89
21931,2011-09-29,148.0,278.94
21931,2011-09-30,22.0,70.36
21931,2011-10-01,0.0,0.0
21931,2011-10-02,1.0,2.08
21931,2011-10-03,71.0,149.73
21931,2011-10-04,24.0,95.02
21931,2011-10-05,131.0,240.53
21931,2011-10-06,14.0,37.32
21931,2011-10-07,209.0,371.72
21931,2011-10-08,0.0,0.0
21931,2011-10-09,5.0,10.4
21931,2011-10-10,43.0,132.49
21931,2011-10-11,7.0,22.76
21931,2011-10-12,22.0,47.81
21931,2011-10-13,61.0,167.88
21931,2011-10-14,28.0,62.34
21931,2011-10-15,0.0,0.0
21931,2011-10-16,2.0,4.16
21931,2011-10-17,15.0,61.95
21931,2011-10-18,66.0,151.63
21931,2011-10-19,30.0,103.4
21931,2011-10-20,20.0,41.6
21931,2011-10-21,8.0,16.64
21931,2011-10-22,0.0,0.0
21931,2011-10-23,1.0,2.08
21931,2011-10-24,149.0,340.37
21931,2011-10-25,21.0,45.73
21931,2011-10-26,16.0,57.88
21931,2011-10-27,20.0,41.6
21931,2011-10-28,31.0,64.48
21931,2011-10-29,0.0,0.0
21931,2011-10-30,34.0,70.72
21931,2011-10-31,48.0,153.14
22086,2011-09-06,24.0,70.8
22086,2011-09-07,15.0,53.61
22086,2011-09-08,10.0,32.34
22086,2011-09-09,25.0,76.59
22086,2011-09-10,0.0,0.0
22086,2011-09-11,211.0,558.45
22086,2011-09-12,118.0,332.1
22086,2011-09-13,170.0,474.22
22086,2011-09-14,50.0,150.34
22086,2011-09-15,156.0,434.28
22086,2011-09-16,99.0,303.09
22086,2011-09-17,0.0,0.0
22086,2011-09-18,8.0,23.6
22086,2011-09-19,70.0,190.5
22086,2011-09-20,63.0,184.57
22086,2011-09-21,29.0,116.79
22086,2011-09-22,175.0,500.25
22086,2011-09-23,122.0,357.78
22086,2011-09-24,0.0,0.0
22086,2011-09-25,143.0,405.85
22086,2011-09-26,38.0,134.82
22086,2011-09-27,105.0,296.15
22086,2011-09-28,22.0,76.26
22086,2011-09-29,96.0,267.2
22086,2011-09-30,78.0,214.1
22086,2011-10-01,0.0,0.0
22086,2011-10-02,20.0,59.0
22086,2011-10-03,70.0,217.86
22086,2011-10-04,743.0,1976.37
22086,2011-10-05,45.0,132.75
22086,2011-10-06,20.0,80.68
22086,2011-10-07,33.0,122.27
22086,2011-10-08,0.0,0.0
22086,2011-10-09,26.0,76.7
22086,2011-10-10,378.0,1009.82
22086,2011-10-11,100.0,330.12
22086,2011-10-12,84.0,243.16
22086,2011-10-13,55.0,149.09
22086,2011-10-14,52.0,223.32
22086,2011-10-15,0.0,0.0
22086,2011-10-16,70.0,182.5
22086,2011-10-17,323.0,890.93
22086,2011-10-18,71.0,328.69
22086,2011-10-19,137.0,361.83
22086,2011-10-20,116.0,310.2
22086,2011-10-21,96.0,292.96
22086,2011-10-22,0.0,0.0
22086,2011-10-23,13.0,38.35
22086,2011-10-24,271.0,780.89
22086,2011-10-25,130.0,420.18
22086,2011-10-26,48.0,125.6
22086,2011-10-27,71.0,223.65
22086,2011-10-28,30.0,146.54
22086,2011-10-29,0.0,0.0
22086,2011-10-30,94.0,261.3
22086,2011-10-31,93.0,434.63
22112,2011-09-06,19.0,131.6
22112,2011-09-07,3.0,14.85
22112,2011-09-08,16.0,79.2
22112,2011-09-09,19.0,139.11
22112,2011-09-10,0.0,0.0
22112,2011-09-11,33.0,146.55
22112,2011-09-12,54.0,250.5
22112,2011-09-13,22.0,152.29
22112,2011-09-14,9.0,44.55
22112,2011-09-15,50.0,230.7
22112,2011-09-16,29.0,173.59
22112,2011-09-17,0.0,0.0
22112,2011-09-18,3.0,14.85
22112,2011-09-19,15.0,74.25
22112,2011-09-20,43.0,226.09
22112,2011-09-21,13.0,70.19
22112,2011-09-22,40.0,198.0
22112,2011-09-23,42.0,267.98
22112,2011-09-24,0.0,0.0
22112,2011-09-25,44.0,201.0
22112,2011-09-26,4.0,19.8
22112,2011-09-27,23.0,149.73
22112,2011-09-28,4.0,19.8
22112,2011-09-29,5.0,24.75
22112,2011-09-30,124.0,535.64
22112,2011-10-01,0.0,0.0
22112,2011-10-02,10.0,49.5
22112,2011-10-03,9.0,44.55
22112,2011-10-04,22.0,176.49
22112,2011-10-05,15.0,74.25
22112,2011-10-06,32.0,141.6
22112,2011-10-07,11.0,69.47
22112,2011-10-08,0.0,0.0
22112,2011-10-09,1.0,4.95
22112,2011-10-10,9.0,50.39
22112,2011-10-11,32.0,164.13
22112,2011-10-12,22.0,108.9
22112,2011-10-13,33.0,163.35
22112,2011-10-14,28.0,183.66
22112,2011-10-15,0.0,0.0
22112,2011-10-16,2.0,9.9
22112,2011-10-17,12.0,59.4
22112,2011-10-18,63.0,356.77
22112,2011-10-19,41.0,186.15
22112,2011-10-20,119.0,521.85
22112,2011-10-21,71.0,363.42
22112,2011-10-22,0.0,0.0
22112,2011-10-23,7.0,34.65
22112,2011-10-24,4.0,31.48
22112,2011-10-25,42.0,298.02
22112,2011-10-26,36.0,161.4
22112,2011-10-27,26.0,134.54
22112,2011-10-28,92.0,465.08
22112,2011-10-29,0.0,0.0
22112,2011-10-30,35.0,156.45
22112,2011-10-31,48.0,253.34
22114,2011-09-06,26.0,159.3
22114,2011-09-07,4.0,17.0
22114,2011-09-08,19.0,80.75
22114,2011-09-09,22.0,142.3
22114,2011-09-10,0.0,0.0
22114,2011-09-11,8.0,34.0
22114,2011-09-12,15.0,66.59
22114,2011-09-13,41.0,264.09
22114,2011-09-14,56.0,212.8
22114,2011-09-15,68.0,265.0
22114,2011-09-16,68.0,345.32
22114,2011-09-17,0.0,0.0
22114,2011-09-18,4.0,17.0
22114,2011-09-19,36.0,141.0
22114,2011-09-20,399.0,2005.83
22114,2011-09-21,24.0,122.2
22114,2011-09-22,18.0,76.5
22114,2011-09-23,21.0,167.33
22114,2011-09-24,0.0,0.0
22114,2011-09-25,29.0,111.25
22114,2011-09-26,0.0,0.0
22114,2011-09-27,55.0,315.03
22114,2011-09-28,12.0,48.6
22114,2011-09-29,31.0,131.75
22114,2011-09-30,31.0,127.83
22114,2011-10-01,0.0,0.0
22114,2011-10-02,19.0,80.75
22114,2011-10-03,61.0,246.49
22114,2011-10-04,53.0,391.17
22114,2011-10-05,40.0,158.0
22114,2011-10-06,14.0,59.5
22114,2011-10-07,24.0,159.72
22114,2011-10-08,0.0,0.0
22114,2011-10-09,8.0,34.0
22114,2011-10-10,16.0,68.0
22114,2011-10-11,90.0,456.1
22114,2011-10-12,12.0,51.0
22114,2011-10-13,5.0,21.25
22114,2011-10-14,38.0,302.18
22114,2011-10-15,0.0,0.0
22114,2011-10-16,31.0,119.75
22114,2011-10-17,25.0,106.25
22114,2011-10-18,88.0,524.28
22114,2011-10-19,20.0,93.08
22114,2011-10-20,24.0,99.6
22114,2011-10-21,47.0,351.03
22114,2011-10-22,0.0,0.0
22114,2011-10-23,10.0,42.5
22114,2011-10-24,7.0,49.95
22114,2011-10-25,55.0,422.39
22114,2011-10-26,29.0,123.25
22114,2011-10-27,22.0,97.54
22114,2011-10-28,75.0,484.67
22114,2011-10-29,0.0,0.0
22114,2011-10-30,22.0,93.5
22114,2011-10-31,70.0,415.56
22178,2011-09-06,108.0,181.8
22178,2011-09-07,85.0,175.44
22178,2011-09-08,6.0,11.7
22178,2011-09-09,6.0,11.7
22178,2011-09-10,0.0,0.0
22178,2011-09-11,14.0,27.3
22178,2011-09-12,99.0,164.76
22178,2011-09-13,54.0,105.3
22178,2011-09-14,18.0,35.1
22178,2011-09-15,35.0,70.8
22178,2011-09-16,24.0,46.8
22178,2011-09-17,0.0,0.0
22178,2011-09-18,12.0,23.4
22178,2011-09-19,98.0,162.3
22178,2011-09-20,46.0,91.74
22178,2011-09-21,88.0,179.76
22178,2011-09-22,66.0,128.7
22178,2011-09-23,-144.0,-237.09
22178,2011-09-24,0.0,0.0
22178,2011-09-25,114.0,193.5
22178,2011-09-26,5.0,12.3
22178,2011-09-27,6.0,11.7
22178,2011-09-28,30.0,58.5
22178,2011-09-29,24.0,46.8
22178,2011-09-30,25.0,49.26
22178,2011-10-01,0.0,0.0
22178,2011-10-02,0.0,0.0
22178,2011-10-03,986.0,921.84
22178,2011-10-04,30.0,58.5
22178,2011-10-05,222.0,358.5
22178,2011-10-06,132.0,257.4
22178,2011-10-07,97.0,160.86
22178,2011-10-08,0.0,0.0
22178,2011-10-09,16.0,31.2
22178,2011-10-10,38.0,78.18
22178,2011-10-11,72.0,140.4
22178,2011-10-12,1.0,2.46
22178,2011-10-13,6.0,11.7
22178,2011-10-14,186.0,333.9
22178,2011-10-15,0.0,0.0
22178,2011-10-16,0.0,0.0
22178,2011-10-17,29.0,65.22
22178,2011-10-18,20.0,43.08
22178,2011-10-19,102.0,170.1
22178,2011-10-20,42.0,81.9
22178,2011-10-21,18.0,35.1
22178,2011-10-22,0.0,0.0
22178,2011-10-23,0.0,0.0
22178,2011-10-24,28.0,56.64
22178,2011-10-25,42.0,81.9
22178,2011-10-26,966.0,875.7
22178,2011-10-27,18.0,35.1
22178,2011-10-28,78.0,152.1
22178,2011-10-29,0.0,0.0
22178,2011-10-30,113.0,191.55
22178,2011-10-31,77.0,158.82
22197,2011-09-06,27.0,34.65
22197,2011-09-07,79.0,71.05
22197,2011-09-08,67.0,59.29
22197,2011-09-09,136.0,116.64
22197,2011-09-10,0.0,0.0
22197,2011-09-11,102.0,73.7
22197,2011-09-12,195.0,282.75
22197,2011-09-13,50.0,62.78
22197,2011-09-14,98.0,71.86
22197,2011-09-15,35.0,31.31
22197,2011-09-16,134.0,134.18
22197,2011-09-17,0.0,0.0
22197,2011-09-18,40.0,34.0
22197,2011-09-19,222.0,175.7
22197,2011-09-20,181.0,155.77
22197,2011-09-21,134.0,115.72
22197,2011-09-22,25.0,21.25
22197,2011-09-23,99.0,142.29
22197,2011-09-24,0.0,0.0
22197,2011-09-25,12.0,10.2
22197,2011-09-26,14.0,17.36
22197,2011-09-27,85.0,96.4
22197,2011-09-28,143.0,123.37
22197,2011-09-29,296.0,234.96
22197,2011-09-30,1084.0,791.4
22197,2011-10-01,0.0,0.0
22197,2011-10-02,39.0,33.15
22197,2011-10-03,76.0,64.86
22197,2011-10-04,144.0,158.38
22197,2011-10-05,50.0,47.18
22197,2011-10-06,385.0,290.72
22197,2011-10-07,47.0,66.49
22197,2011-10-08,0.0,0.0
22197,2011-10-09,126.0,94.1
22197,2011-10-10,159.0,137.75
22197,2011-10-11,124.0,179.46
22197,2011-10-12,207.0,172.7
22197,2011-10-13,133.0,100.05
22197,2011-10-14,252.0,209.91
22197,2011-10-15,0.0,0.0
22197,2011-10-16,6.0,5.1
22197,2011-10-17,534.0,395.92
22197,2011-10-18,294.0,282.41
22197,2011-10-19,247.0,184.73
22197,2011-10-20,15.0,12.75
22197,2011-10-21,62.0,55.92
22197,2011-10-22,0.0,0.0
22197,2011-10-23,12.0,10.2
22197,2011-10-24,200.0,172.6
22197,2011-10-25,251.0,209.74
22197,2011-10-26,43.0,36.55
22197,2011-10-27,47.0,42.29
22197,2011-10-28,2065.0,1517.22
22197,2011-10-29,0.0,0.0
22197,2011-10-30,137.0,103.45
22197,2011-10-31,210.0,195.14
22355,2011-09-06,71.0,158.56
22355,2011-09-07,8.0,9.14
22355,2011-09-08,37.0,30.6
22355,2011-09-09,77.0,187.76
22355,2011-09-10,0.0,0.0
22355,2011-09-11,2.0,1.7
22355,2011-09-12,18.0,16.86
22355,2011-09-13,96.0,188.64
22355,2011-09-14,113.0,83.05
22355,2011-09-15,31.0,27.13
22355,2011-09-16,119.0,244.44
22355,2011-09-17,0.0,0.0
22355,2011-09-18,30.0,25.5
22355,2011-09-19,26.0,22.1
22355,2011-09-20,59.0,145.14
22355,2011-09-21,8.0,10.7
22355,2011-09-22,36.0,30.6
22355,2011-09-23,68.0,149.52
22355,2011-09-24,0.0,0.0
22355,2011-09-25,10.0,8.5
22355,2011-09-26,1.0,1.63
22355,2011-09-27,84.0,188.73
22355,2011-09-28,47.0,36.83
22355,2011-09-29,26.0,22.62
22355,2011-09-30,1.0,1.63
22355,2011-10-01,0.0,0.0
22355,2011-10-02,7.0,5.95
22355,2011-10-03,1.0,1.63
22355,2011-10-04,128.0,298.78
22355,2011-10-05,100.0,72.0
22355,2011-10-06,21.0,18.63
22355,2011-10-07,114.0,209.6
22355,2011-10-08,0.0,0.0
22355,2011-10-09,-9.0,-7.65
22355,2011-10-10,12.0,10.98
22355,2011-10-11,91.0,202.78
22355,2011-10-12,29.0,26.99
22355,2011-10-13,18.0,15.3
22355,2011-10-14,121.0,217.16
22355,2011-10-15,0.0,0.0
22355,2011-10-16,10.0,8.5
22355,2011-10-17,4.0,6.52
22355,2011-10-18,129.0,258.5
22355,2011-10-19,25.0,21.25
22355,2011-10-20,30.0,25.5
22355,2011-10-21,84.0,206.64
22355,2011-10-22,0.0,0.0
22355,2011-10-23,44.0,37.4
22355,2011-10-24,147.0,117.41
22355,2011-10-25,112.0,232.05
22355,2011-10-26,32.0,27.2
22355,2011-10-27,21.0,18.63
22355,2011-10-28,72.0,177.12
22355,2011-10-29,0.0,0.0
22355,2011-10-30,51.0,43.35
22355,2011-10-31,75.0,156.3
22386,2011-09-06,111.0,201.88
22386,2011-09-07,185.0,417.3
22386,2011-09-08,74.0,153.92
22386,2011-09-09,27.0,70.51
22386,2011-09-10,0.0,0.0
22386,2011-09-11,117.0,214.36
22386,2011-09-12,2.0,4.16
22386,2011-09-13,337.0,634.46
22386,2011-09-14,30.0,62.4
22386,2011-09-15,50.0,142.95
22386,2011-09-16,50.0,122.45
22386,2011-09-17,0.0,0.0
22386,2011-09-18,9.0,18.72
22386,2011-09-19,136.0,253.88
22386,2011-09-20,235.0,470.0
22386,2011-09-21,29.0,72.62
22386,2011-09-22,157.0,288.86
22386,2011-09-23,222.0,428.36
22386,2011-09-24,0.0,0.0
22386,2011-09-25,30.0,62.4
22386,2011-09-26,40.0,83.2
22386,2011-09-27,109.0,216.17
22386,2011-09-28,233.0,420.84
22386,2011-09-29,252.0,462.16
22386,2011-09-30,28.0,74.64
22386,2011-10-01,0.0,0.0
22386,2011-10-02,3.0,6.24
22386,2011-10-03,2.0,4.16
22386,2011-10-04,64.0,170.02
22386,2011-10-05,212.0,382.96
22386,2011-10-06,942.0,1698.36
22386,2011-10-07,407.0,727.29
22386,2011-10-08,0.0,0.0
22386,2011-10-09,20.0,41.6
22386,2011-10-10,123.0,249.39
22386,2011-10-11,32.0,66.56
22386,2011-10-12,21.0,51.88
22386,2011-10-13,36.0,83.08
22386,2011-10-14,25.0,52.0
22386,2011-10-15,0.0,0.0
22386,2011-10-16,0.0,0.0
22386,2011-10-17,263.0,505.44
22386,2011-10-18,47.0,97.76
22386,2011-10-19,20.0,58.0
22386,2011-10-20,4.0,8.32
22386,2011-10-21,0.0,0.0
22386,2011-10-22,0.0,0.0
22386,2011-10-23,0.0,0.0
22386,2011-10-24,135.0,276.4
22386,2011-10-25,41.0,85.28
22386,2011-10-26,49.0,128.57
22386,2011-10-27,0.0,0.0
22386,2011-10-28,411.0,738.88
22386,2011-10-29,0.0,0.0
22386,2011-10-30,3.0,6.24
22386,2011-10-31,40.0,130.35
22411,2011-09-06,28.0,58.24
22411,2011-09-07,167.0,392.16
22411,2011-09-08,16.0,39.43
22411,2011-09-09,33.0,74.79
22411,2011-09-10,0.0,0.0
22411,2011-09-11,15.0,31.2
22411,2011-09-12,41.0,85.28
22411,2011-09-13,155.0,334.4
22411,2011-09-14,22.0,45.76
22411,2011-09-15,35.0,99.45
22411,2011-09-16,70.0,186.6
22411,2011-09-17,0.0,0.0
22411,2011-09-18,12.0,24.96
22411,2011-09-19,120.0,220.6
22411,2011-09-20,168.0,418.84
22411,2011-09-21,129.0,249.57
22411,2011-09-22,50.0,98.2
22411,2011-09-23,55.0,145.15
22411,2011-09-24,0.0,0.0
22411,2011-09-25,30.0,62.4
22411,2011-09-26,120.0,220.6
22411,2011-09-27,57.0,194.41
22411,2011-09-28,247.0,458.16
22411,2011-09-29,10.0,20.8
22411,2011-09-30,51.0,136.83
22411,2011-10-01,0.0,0.0
22411,2011-10-02,4.0,8.32
22411,2011-10-03,0.0,0.0
22411,2011-10-04,16.0,43.53
22411,2011-10-05,5.0,14.5
22411,2011-10-06,40.0,83.2
22411,2011-10-07,1.0,3.24
22411,2011-10-08,0.0,0.0
22411,2011-10-09,17.0,35.36
22411,2011-10-10,38.0,113.89
22411,2011-10-11,11.0,22.88
22411,2011-10-12,112.0,206.01
22411,2011-10-13,64.0,161.82
22411,2011-10-14,22.0,47.81
22411,2011-10-15,0.0,0.0
22411,2011-10-16,2.0,4.16
22411,2011-10-17,43.0,128.39
22411,2011-10-18,3.0,8.29
22411,2011-10-19,26.0,101.23
22411,2011-10-20,17.0,35.36
22411,2011-10-21,0.0,0.0
22411,2011-10-22,0.0,0.0
22411,2011-10-23,2.0,4.16
22411,2011-10-24,42.0,126.31
22411,2011-10-25,40.0,83.2
22411,2011-10-26,11.0,45.43
22411,2011-10-27,31.0,64.48
22411,2011-10-28,1.0,2.08
22411,2011-10-29,0.0,0.0
22411,2011-10-30,31.0,64.48
22411,2011-10-31,32.0,132.16
22423,2011-09-06,24.0,313.83
22423,2011-09-07,12.0,153.0
22423,2011-09-08,24.0,289.41
22423,2011-09-09,4.0,87.63
22423,2011-09-10,0.0,0.0
22423,2011-09-11,64.0,729.6
22423,2011-09-12,55.0,645.45
22423,2011-09-13,58.0,706.32
22423,2011-09-14,21.0,251.16
22423,2011-09-15,64.0,743.61
22423,2011-09-16,13.0,177.96
22423,2011-09-17,0.0,0.0
22423,2011-09-18,6.0,76.5
22423,2011-09-19,14.0,162.3
22423,2011-09-20,18.0,278.34
22423,2011-09-21,19.0,278.88
22423,2011-09-22,47.0,541.65
22423,2011-09-23,16.0,313.89
22423,2011-09-24,0.0,0.0
22423,2011-09-25,22.0,251.7
22423,2011-09-26,15.0,203.46
22423,2011-09-27,47.0,612.72
22423,2011-09-28,14.0,179.91
22423,2011-09-29,60.0,690.81
22423,2011-09-30,6.0,76.5
22423,2011-10-01,0.0,0.0
22423,2011-10-02,5.0,63.75
22423,2011-10-03,26.0,375.96
22423,2011-10-04,46.0,638.79
22423,2011-10-05,228.0,2518.2
22423,2011-10-06,75.0,867.66
22423,2011-10-07,13.0,251.22
22423,2011-10-08,0.0,0.0
22423,2011-10-09,20.0,219.0
22423,2011-10-10,13.0,194.16
22423,2011-10-11,26.0,380.34
22423,2011-10-12,38.0,467.91
22423,2011-10-13,56.0,685.2
22423,2011-10-14,49.0,640.41
22423,2011-10-15,0.0,0.0
22423,2011-10-16,22.0,249.9
22423,2011-10-17,18.0,266.13
22423,2011-10-18,28.0,377.04
22423,2011-10-19,46.0,528.9
22423,2011-10-20,109.0,1216.95
22423,2011-10-21,29.0,389.79
22423,2011-10-22,0.0,0.0
22423,2011-10-23,5.0,63.75
22423,2011-10-24,5.0,112.59
22423,2011-10-25,13.0,177.96
22423,2011-10-26,18.0,200.7
22423,2011-10-27,16.0,236.01
22423,2011-10-28,52.0,605.4
22423,2011-10-29,0.0,0.0
22423,2011-10-30,19.0,213.45
22423,2011-10-31,52.0,719.67
22457,2011-09-06,24.0,70.8
22457,2011-09-07,22.0,76.26
22457,2011-09-08,68.0,181.4
22457,2011-09-09,3.0,8.85
22457,2011-09-10,0.0,0.0
22457,2011-09-11,32.0,94.4
22457,2011-09-12,6.0,17.7
22457,2011-09-13,38.0,117.78
22457,2011-09-14,12.0,35.4
22457,2011-09-15,8.0,26.44
22457,2011-09-16,25.0,76.59
22457,2011-09-17,0.0,0.0
22457,2011-09-18,5.0,14.75
22457,2011-09-19,6.0,17.7
22457,2011-09-20,92.0,242.6
22457,2011-09-21,17.0,98.43
22457,2011-09-22,19.0,56.05
22457,2011-09-23,7.0,29.17
22457,2011-09-24,0.0,0.0
22457,2011-09-25,25.0,73.75
22457,2011-09-26,23.0,82.05
22457,2011-09-27,21.0,61.95
22457,2011-09-28,46.0,144.22
22457,2011-09-29,39.0,115.05
22457,2011-09-30,4.0,11.8
22457,2011-10-01,0.0,0.0
22457,2011-10-02,2.0,5.9
22457,2011-10-03,19.0,84.45
22457,2011-10-04,67.0,203.33
22457,2011-10-05,38.0,112.1
22457,2011-10-06,52.0,153.4
22457,2011-10-07,44.0,129.8
22457,2011-10-08,0.0,0.0
22457,2011-10-09,0.0,0.0
22457,2011-10-10,18.0,58.78
22457,2011-10-11,14.0,44.14
22457,2011-10-12,58.0,163.26
22457,2011-10-13,47.0,141.49
22457,2011-10-14,17.0,50.15
22457,2011-10-15,0.0,0.0
22457,2011-10-16,36.0,106.2
22457,2011-10-17,41.0,135.15
22457,2011-10-18,26.0,76.7
22457,2011-10-19,79.0,213.85
22457,2011-10-20,18.0,53.1
22457,2011-10-21,20.0,59.0
22457,2011-10-22,0.0,0.0
22457,2011-10-23,8.0,23.6
22457,2011-10-24,16.0,75.6
22457,2011-10-25,0.0,0.0
22457,2011-10-26,18.0,53.1
22457,2011-10-27,22.0,70.58
22457,2011-10-28,66.0,175.5
22457,2011-10-29,0.0,0.0
22457,2011-10-30,11.0,32.45
22457,2011-10-31,29.0,130.99
22469,2011-09-06,36.0,59.4
22469,2011-09-07,31.0,56.91
22469,2011-09-08,17.0,28.05
22469,2011-09-09,68.0,104.2
22469,2011-09-10,0.0,0.0
22469,2011-09-11,58.0,95.7
22469,2011-09-12,72.0,118.8
22469,2011-09-13,141.0,208.65
22469,2011-09-14,52.0,77.8
22469,2011-09-15,77.0,134.73
22469,2011-09-16,14.0,23.1
22469,2011-09-17,0.0,0.0
22469,2011-09-18,3.0,4.95
22469,2011-09-19,5.0,8.25
22469,2011-09-20,902.0,1690.06
22469,2011-09-21,10.0,37.78
22469,2011-09-22,64.0,112.16
22469,2011-09-23,18.0,29.7
22469,2011-09-24,0.0,0.0
22469,2011-09-25,39.0,64.35
22469,2011-09-26,13.0,21.43
22469,2011-09-27,24.0,39.6
22469,2011-09-28,80.0,143.48
22469,2011-09-29,53.0,89.09
22469,2011-09-30,29.0,52.81
22469,2011-10-01,0.0,0.0
22469,2011-10-02,27.0,44.55
22469,2011-10-03,154.0,222.15
22469,2011-10-04,17.0,28.05
22469,2011-10-05,51.0,89.07
22469,2011-10-06,15.0,24.75
22469,2011-10-07,12.0,19.8
22469,2011-10-08,0.0,0.0
22469,2011-10-09,6.0,9.9
22469,2011-10-10,-20.0,-24.76
22469,2011-10-11,24.0,39.6
22469,2011-10-12,6.0,14.82
22469,2011-10-13,1.0,1.65
22469,2011-10-14,26.0,42.9
22469,2011-10-15,0.0,0.0
22469,2011-10-16,30.0,49.5
22469,2011-10-17,46.0,77.54
22469,2011-10-18,28.0,49.48
22469,2011-10-19,18.0,34.66
22469,2011-10-20,65.0,99.25
22469,2011-10-21,162.0,203.7
22469,2011-10-22,0.0,0.0
22469,2011-10-23,17.0,28.05
22469,2011-10-24,72.0,123.16
22469,2011-10-25,17.0,28.05
22469,2011-10-26,61.0,103.13
22469,2011-10-27,59.0,98.99
22469,2011-10-28,28.0,46.2
22469,2011-10-29,0.0,0.0
22469,2011-10-30,146.0,224.9
22469,2011-10-31,36.0,62.66
22470,2011-09-06,0.0,0.0
22470,2011-09-07,12.0,58.12
22470,2011-09-08,9.0,26.55
22470,2011-09-09,17.0,50.15
22470,2011-09-10,0.0,0.0
22470,2011-09-11,13.0,38.35
22470,2011-09-12,23.0,67.85
22470,2011-09-13,12.0,35.4
22470,2011-09-14,0.0,0.0
22470,2011-09-15,26.0,88.06
22470,2011-09-16,18.0,53.1
22470,2011-09-17,0.0,0.0
22470,2011-09-18,88.0,227.6
22470,2011-09-19,14.0,41.3
22470,2011-09-20,672.0,2130.14
22470,2011-09-21,12.0,35.4
22470,2011-09-22,22.0,64.9
22470,2011-09-23,19.0,59.23
22470,2011-09-24,0.0,0.0
22470,2011-09-25,42.0,107.9
22470,2011-09-26,6.0,17.7
22470,2011-09-27,34.0,109.6
22470,2011-09-28,8.0,25.64
22470,2011-09-29,22.0,69.66
22470,2011-09-30,16.0,52.42
22470,2011-10-01,0.0,0.0
22470,2011-10-02,15.0,44.25
22470,2011-10-03,121.0,239.35
22470,2011-10-04,29.0,85.55
22470,2011-10-05,23.0,67.85
22470,2011-10-06,29.0,85.55
22470,2011-10-07,20.0,59.0
22470,2011-10-08,0.0,0.0
22470,2011-10-09,-16.0,-34.0
22470,2011-10-10,17.0,50.15
22470,2011-10-11,13.0,41.19
22470,2011-10-12,7.0,32.01
22470,2011-10-13,15.0,44.25
22470,2011-10-14,18.0,53.1
22470,2011-10-15,0.0,0.0
22470,2011-10-16,23.0,67.85
22470,2011-10-17,38.0,117.78
22470,2011-10-18,11.0,35.29
22470,2011-10-19,16.0,52.88
22470,2011-10-20,2.0,5.9
22470,2011-10-21,0.0,0.0
22470,2011-10-22,0.0,0.0
22470,2011-10-23,13.0,38.35
22470,2011-10-24,42.0,116.42
22470,2011-10-25,2.0,5.9
22470,2011-10-26,6.0,17.7
22470,2011-10-27,15.0,44.25
22470,2011-10-28,36.0,106.2
22470,2011-10-29,0.0,0.0
22470,2011-10-30,61.0,179.95
22470,2011-10-31,30.0,122.58
22699,2011-09-06,96.0,254.4
22699,2011-09-07,41.0,140.83
22699,2011-09-08,5.0,14.75
22699,2011-09-09,30.0,87.42
22699,2011-09-10,0.0,0.0
22699,2011-09-11,79.0,204.25
22699,2011-09-12,48.0,132.0
22699,2011-09-13,61.0,188.47
22699,2011-09-14,24.0,61.2
22699,2011-09-15,48.0,122.4
22699,2011-09-16,41.0,125.55
22699,2011-09-17,0.0,0.0
22699,2011-09-18,0.0,0.0
22699,2011-09-19,101.0,259.55
22699,2011-09-20,20.0,81.72
22699,2011-09-21,41.0,125.55
22699,2011-09-22,12.0,35.4
22699,2011-09-23,18.0,77.42
22699,2011-09-24,0.0,0.0
22699,2011-09-25,15.0,44.25
22699,2011-09-26,13.0,44.03
22699,2011-09-27,11.0,46.65
22699,2011-09-28,48.0,132.0
22699,2011-09-29,72.0,193.2
22699,2011-09-30,3.0,23.05
22699,2011-10-01,0.0,0.0
22699,2011-10-02,6.0,17.7
22699,2011-10-03,6.0,23.38
22699,2011-10-04,22.0,73.42
22699,2011-10-05,228.0,586.2
22699,2011-10-06,83.0,216.05
22699,2011-10-07,13.0,49.71
22699,2011-10-08,0.0,0.0
22699,2011-10-09,0.0,0.0
22699,2011-10-10,43.0,143.89
22699,2011-10-11,17.0,50.15
22699,2011-10-12,36.0,106.2
22699,2011-10-13,19.0,58.89
22699,2011-10-14,10.0,35.18
22699,2011-10-15,0.0,0.0
22699,2011-10-16,6.0,17.7
22699,2011-10-17,83.0,239.85
22699,2011-10-18,31.0,84.69
22699,2011-10-19,15.0,69.81
22699,2011-10-20,110.0,286.1
22699,2011-10-21,9.0,26.55
22699,2011-10-22,0.0,0.0
22699,2011-10-23,0.0,0.0
22699,2011-10-24,-153.0,-341.55
22699,2011-10-25,14.0,46.98
22699,2011-10-26,12.0,40.32
22699,2011-10-27,21.0,61.95
22699,2011-10-28,24.0,61.2
22699,2011-10-29,0.0,0.0
22699,2011-10-30,34.0,90.7
22699,2011-10-31,28.0,111.0
22720,2011-09-06,2.0,9.9
22720,2011-09-07,5.0,53.95
22720,2011-09-08,10.0,49.5
22720,2011-09-09,26.0,123.34
22720,2011-09-10,0.0,0.0
22720,2011-09-11,60.0,274.6
22720,2011-09-12,17.0,101.67
22720,2011-09-13,14.0,92.66
22720,2011-09-14,7.0,34.65
22720,2011-09-15,22.0,114.74
22720,2011-09-16,19.0,94.05
22720,2011-09-17,0.0,0.0
22720,2011-09-18,17.0,84.15
22720,2011-09-19,6.0,29.7
22720,2011-09-20,719.0,3638.21
22720,2011-09-21,22.0,143.94
22720,2011-09-22,103.0,403.37
22720,2011-09-23,20.0,116.52
22720,2011-09-24,0.0,0.0
22720,2011-09-25,40.0,186.8
22720,2011-09-26,8.0,45.44
22720,2011-09-27,14.0,86.82
22720,2011-09-28,35.0,184.93
22720,2011-09-29,8.0,39.6
22720,2011-09-30,11.0,54.45
22720,2011-10-01,0.0,0.0
22720,2011-10-02,1.0,4.95
22720,2011-10-03,13.0,76.03
22720,2011-10-04,27.0,134.13
22720,2011-10-05,41.0,186.39
22720,2011-10-06,-18.0,-71.6
22720,2011-10-07,31.0,153.45
22720,2011-10-08,0.0,0.0
22720,2011-10-09,6.0,29.7
22720,2011-10-10,26.0,163.74
22720,2011-10-11,39.0,176.49
22720,2011-10-12,24.0,142.16
22720,2011-10-13,26.0,140.38
22720,2011-10-14,36.0,167.0
22720,2011-10-15,0.0,0.0
22720,2011-10-16,4.0,19.8
22720,2011-10-17,114.0,564.3
22720,2011-10-18,28.0,150.28
22720,2011-10-19,9.0,62.07
22720,2011-10-20,10.0,49.5
22720,2011-10-21,15.0,74.25
22720,2011-10-22,0.0,0.0
22720,2011-10-23,4.0,19.8
22720,2011-10-24,9.0,85.43
22720,2011-10-25,24.0,124.64
22720,2011-10-26,13.0,70.19
22720,2011-10-27,27.0,139.49
22720,2011-10-28,3.0,14.85
22720,2011-10-29,0.0,0.0
22720,2011-10-30,25.0,123.75
22720,2011-10-31,22.0,167.3
22726,2011-09-06,20.0,93.16
22726,2011-09-07,17.0,67.46
22726,2011-09-08,53.0,202.46
22726,2011-09-09,35.0,163.03
22726,2011-09-10,0.0,0.0
22726,2011-09-11,18.0,67.5
22726,2011-09-12,12.0,45.0
22726,2011-09-13,33.0,154.7
22726,2011-09-14,8.0,30.0
22726,2011-09-15,9.0,33.75
22726,2011-09-16,33.0,141.91
22726,2011-09-17,0.0,0.0
22726,2011-09-18,57.0,195.75
22726,2011-09-19,15.0,56.25
22726,2011-09-20,25.0,134.61
22726,2011-09-21,42.0,179.76
22726,2011-09-22,7.0,29.96
22726,2011-09-23,11.0,73.03
22726,2011-09-24,0.0,0.0
22726,2011-09-25,43.0,161.25
22726,2011-09-26,22.0,97.34
22726,2011-09-27,33.0,155.53
22726,2011-09-28,55.0,206.25
22726,2011-09-29,17.0,63.75
22726,2011-09-30,18.0,67.5
22726,2011-10-01,0.0,0.0
22726,2011-10-02,3.0,11.25
22726,2011-10-03,111.0,387.67
22726,2011-10-04,53.0,280.47
22726,2011-10-05,78.0,274.5
22726,2011-10-06,28.0,108.71
22726,2011-10-07,30.0,166.98
22726,2011-10-08,0.0,0.0
22726,2011-10-09,0.0,0.0
22726,2011-10-10,22.0,89.92
22726,2011-10-11,19.0,102.2
22726,2011-10-12,25.0,93.75
22726,2011-10-13,18.0,67.5
22726,2011-10-14,25.0,170.93
22726,2011-10-15,0.0,0.0
22726,2011-10-16,5.0,18.75
22726,2011-10-17,12.0,45.0
22726,2011-10-18,15.0,96.28
22726,2011-10-19,26.0,116.05
22726,2011-10-20,6.0,22.5
22726,2011-10-21,13.0,107.77
22726,2011-10-22,0.0,0.0
22726,2011-10-23,2.0,7.5
22726,2011-10-24,9.0,44.88
22726,2011-10-25,239.0,903.48
22726,2011-10-26,35.0,127.65
22726,2011-10-27,39.0,149.96
22726,2011-10-28,139.0,563.21
22726,2011-10-29,0.0,0.0
22726,2011-10-30,63.0,218.25
22726,2011-10-31,51.0,251.05
22727,2011-09-06,30.0,139.74
22727,2011-09-07,21.0,82.46
22727,2011-09-08,53.0,198.75
22727,2011-09-09,38.0,178.82
22727,2011-09-10,0.0,0.0
22727,2011-09-11,10.0,37.5
22727,2011-09-12,9.0,37.46
22727,2011-09-13,30.0,153.36
22727,2011-09-14,2.0,11.21
22727,2011-09-15,0.0,0.0
22727,2011-09-16,23.0,99.87
22727,2011-09-17,0.0,0.0
22727,2011-09-18,53.0,180.75
22727,2011-09-19,24.0,90.0
22727,2011-09-20,25.0,115.01
22727,2011-09-21,91.0,334.38
22727,2011-09-22,12.0,45.0
22727,2011-09-23,6.0,49.74
22727,2011-09-24,0.0,0.0
22727,2011-09-25,39.0,146.25
22727,2011-09-26,22.0,89.92
22727,2011-09-27,34.0,145.66
22727,2011-09-28,51.0,198.67
22727,2011-09-29,3.0,11.25
22727,2011-09-30,21.0,82.46
22727,2011-10-01,0.0,0.0
22727,2011-10-02,5.0,18.75
22727,2011-10-03,103.0,350.25
22727,2011-10-04,21.0,137.77
22727,2011-10-05,80.0,282.0
22727,2011-10-06,2.0,7.5
22727,2011-10-07,21.0,92.37
22727,2011-10-08,0.0,0.0
22727,2011-10-09,0.0,0.0
22727,2011-10-10,13.0,52.46
22727,2011-10-11,19.0,98.49
22727,2011-10-12,20.0,75.0
22727,2011-10-13,26.0,97.5
22727,2011-10-14,18.0,112.07
22727,2011-10-15,0.0,0.0
22727,2011-10-16,4.0,15.0
22727,2011-10-17,14.0,56.21
22727,2011-10-18,15.0,95.45
22727,2011-10-19,20.0,75.0
22727,2011-10-20,14.0,52.5
22727,2011-10-21,7.0,58.03
22727,2011-10-22,0.0,0.0
22727,2011-10-23,1.0,3.75
22727,2011-10-24,13.0,52.46
22727,2011-10-25,424.0,1467.87
22727,2011-10-26,27.0,101.25
22727,2011-10-27,38.0,146.21
22727,2011-10-28,103.0,399.87
22727,2011-10-29,0.0,0.0
22727,2011-10-30,73.0,255.75
22727,2011-10-31,46.0,225.32
22910,2011-09-06,24.0,70.8
22910,2011-09-07,1.0,5.79
22910,2011-09-08,3.0,8.85
22910,2011-09-09,20.0,66.36
22910,2011-09-10,0.0,0.0
22910,2011-09-11,28.0,82.6
22910,2011-09-12,37.0,111.99
22910,2011-09-13,18.0,53.1
22910,2011-09-14,76.0,208.2
22910,2011-09-15,153.0,422.19
22910,2011-09-16,79.0,236.73
22910,2011-09-17,0.0,0.0
22910,2011-09-18,4.0,11.8
22910,2011-09-19,30.0,88.5
22910,2011-09-20,335.0,860.25
22910,2011-09-21,24.0,87.84
22910,2011-09-22,151.0,429.45
22910,2011-09-23,123.0,350.53
22910,2011-09-24,0.0,0.0
22910,2011-09-25,150.0,410.5
22910,2011-09-26,18.0,53.1
22910,2011-09-27,58.0,162.46
22910,2011-09-28,7.0,23.49
22910,2011-09-29,39.0,115.05
22910,2011-09-30,23.0,67.85
22910,2011-10-01,0.0,0.0
22910,2011-10-02,14.0,41.3
22910,2011-10-03,69.0,206.39
22910,2011-10-04,307.0,801.01
22910,2011-10-05,64.0,172.8
22910,2011-10-06,49.0,131.39
22910,2011-10-07,16.0,50.88
22910,2011-10-08,0.0,0.0
22910,2011-10-09,-2.0,-5.9
22910,2011-10-10,118.0,321.78
22910,2011-10-11,106.0,287.22
22910,2011-10-12,34.0,103.14
22910,2011-10-13,65.0,175.75
22910,2011-10-14,44.0,113.8
22910,2011-10-15,0.0,0.0
22910,2011-10-16,69.0,179.55
22910,2011-10-17,62.0,182.9
22910,2011-10-18,10.0,45.38
22910,2011-10-19,47.0,144.33
22910,2011-10-20,119.0,319.05
22910,2011-10-21,82.0,225.9
22910,2011-10-22,0.0,0.0
22910,2011-10-23,6.0,17.7
22910,2011-10-24,55.0,165.09
22910,2011-10-25,52.0,137.4
22910,2011-10-26,43.0,110.85
22910,2011-10-27,60.0,177.0
22910,2011-10-28,28.0,119.4
22910,2011-10-29,0.0,0.0
22910,2011-10-30,84.0,231.8
22910,2011-10-31,44.0,175.76
22960,2011-09-06,1.0,4.25
22960,2011-09-07,11.0,66.95
22960,2011-09-08,24.0,106.04
22960,2011-09-09,7.0,33.79
22960,2011-09-10,0.0,0.0
22960,2011-09-11,17.0,72.25
22960,2011-09-12,11.0,46.75
22960,2011-09-13,56.0,222.08
22960,2011-09-14,44.0,179.04
22960,2011-09-15,51.0,204.87
22960,2011-09-16,17.0,76.29
22960,2011-09-17,0.0,0.0
22960,2011-09-18,28.0,107.0
22960,2011-09-19,16.0,68.0
22960,2011-09-20,90.0,346.5
22960,2011-09-21,9.0,50.37
22960,2011-09-22,127.0,422.59
22960,2011-09-23,28.0,135.16
22960,2011-09-24,0.0,0.0
22960,2011-09-25,3.0,12.75
22960,2011-09-26,53.0,227.45
22960,2011-09-27,72.0,280.04
22960,2011-09-28,17.0,80.33
22960,2011-09-29,13.0,59.29
22960,2011-09-30,30.0,121.5
22960,2011-10-01,0.0,0.0
22960,2011-10-02,1.0,4.25
22960,2011-10-03,9.0,50.37
22960,2011-10-04,23.0,117.95
22960,2011-10-05,13.0,67.37
22960,2011-10-06,39.0,145.75
22960,2011-10-07,16.0,84.16
22960,2011-10-08,0.0,0.0
22960,2011-10-09,4.0,17.0
22960,2011-10-10,21.0,93.29
22960,2011-10-11,86.0,337.58
22960,2011-10-12,32.0,132.08
22960,2011-10-13,25.0,114.83
22960,2011-10-14,18.0,76.5
22960,2011-10-15,0.0,0.0
22960,2011-10-16,78.0,295.5
22960,2011-10-17,10.0,58.66
22960,2011-10-18,25.0,104.29
22960,2011-10-19,10.0,58.66
22960,2011-10-20,12.0,51.0
22960,2011-10-21,0.0,0.0
22960,2011-10-22,0.0,0.0
22960,2011-10-23,9.0,38.25
22960,2011-10-24,3.0,28.91
22960,2011-10-25,36.0,153.0
22960,2011-10-26,8.0,34.0
22960,2011-10-27,25.0,104.25
22960,2011-10-28,18.0,70.5
22960,2011-10-29,0.0,0.0
22960,2011-10-30,30.0,115.5
22960,2011-10-31,73.0,376.21
23084,2011-09-06,0.0,0.0
23084,2011-09-07,6.0,24.78
23084,2011-09-08,0.0,0.0
23084,2011-09-09,-482.0,8.26
23084,2011-09-10,0.0,0.0
23084,2011-09-11,0.0,0.0
23084,2011-09-12,8.0,16.52
23084,2011-09-13,349.0,8.26
23084,2011-09-14,0.0,0.0
23084,2011-09-15,5.0,20.65
23084,2011-09-16,3.0,8.26
23084,2011-09-17,0.0,0.0
23084,2011-09-18,0.0,0.0
23084,2011-09-19,110.0,0.0
23084,2011-09-20,7.0,28.91
23084,2011-09-21,3.0,12.39
23084,2011-09-22,9.0,37.17
23084,2011-09-23,16.0,66.08
23084,2011-09-24,0.0,0.0
23084,2011-09-25,0.0,0.0
23084,2011-09-26,18.0,74.34
23084,2011-09-27,10.0,41.3
23084,2011-09-28,24.0,99.12
23084,2011-09-29,0.0,0.0
23084,2011-09-30,9.0,24.78
23084,2011-10-01,0.0,0.0
23084,2011-10-02,0.0,0.0
23084,2011-10-03,365.0,665.05
23084,2011-10-04,19.0,20.65
23084,2011-10-05,7.0,8.26
23084,2011-10-06,-3.0,-3.03
23084,2011-10-07,0.0,0.0
23084,2011-10-08,0.0,0.0
23084,2011-10-09,0.0,0.0
23084,2011-10-10,2.0,8.26
23084,2011-10-11,1.0,2.08
23084,2011-10-12,0.0,0.0
23084,2011-10-13,0.0,0.0
23084,2011-10-14,6.0,0.0
23084,2011-10-15,0.0,0.0
23084,2011-10-16,0.0,0.0
23084,2011-10-17,0.0,0.0
23084,2011-10-18,14.0,57.82
23084,2011-10-19,0.0,0.0
23084,2011-10-20,0.0,0.0
23084,2011-10-21,0.0,0.0
23084,2011-10-22,0.0,0.0
23084,2011-10-23,0.0,0.0
23084,2011-10-24,0.0,0.0
23084,2011-10-25,0.0,0.0
23084,2011-10-26,1157.0,2078.0
23084,2011-10-27,2647.0,5448.34
23084,2011-10-28,1469.0,2630.96
23084,2011-10-29,0.0,0.0
23084,2011-10-30,320.0,582.08
23084,2011-10-31,340.0,751.24
23199,2011-09-06,21.0,43.68
23199,2011-09-07,81.0,221.78
23199,2011-09-08,4.0,8.32
23199,2011-09-09,26.0,66.38
23199,2011-09-10,0.0,0.0
23199,2011-09-11,26.0,54.08
23199,2011-09-12,23.0,56.04
23199,2011-09-13,167.0,342.96
23199,2011-09-14,11.0,22.88
23199,2011-09-15,160.0,382.0
23199,2011-09-16,28.0,74.64
23199,2011-09-17,0.0,0.0
23199,2011-09-18,109.0,197.72
23199,2011-09-19,50.0,104.0
23199,2011-09-20,28.0,95.14
23199,2011-09-21,16.0,39.43
23199,2011-09-22,154.0,282.62
23199,2011-09-23,13.0,51.64
23199,2011-09-24,0.0,0.0
23199,2011-09-25,30.0,62.4
23199,2011-09-26,0.0,0.0
23199,2011-09-27,33.0,91.19
23199,2011-09-28,37.0,95.41
23199,2011-09-29,116.0,226.88
23199,2011-09-30,43.0,111.99
23199,2011-10-01,0.0,0.0
23199,2011-10-02,4.0,8.32
23199,2011-10-03,24.0,52.72
23199,2011-10-04,36.0,107.68
23199,2011-10-05,60.0,124.8
23199,2011-10-06,450.0,820.0
23199,2011-10-07,9.0,20.77
23199,2011-10-08,0.0,0.0
23199,2011-10-09,7.0,14.56
23199,2011-10-10,33.0,115.79
23199,2011-10-11,25.0,56.1
23199,2011-10-12,13.0,31.14
23199,2011-10-13,54.0,138.97
23199,2011-10-14,19.0,41.57
23199,2011-10-15,0.0,0.0
23199,2011-10-16,4.0,8.32
23199,2011-10-17,354.0,661.62
23199,2011-10-18,32.0,68.61
23199,2011-10-19,39.0,113.92
23199,2011-10-20,112.0,203.96
23199,2011-10-21,15.0,31.2
23199,2011-10-22,0.0,0.0
23199,2011-10-23,3.0,6.24
23199,2011-10-24,120.0,261.6
23199,2011-10-25,30.0,62.4
23199,2011-10-26,30.0,103.4
23199,2011-10-27,0.0,0.0
23199,2011-10-28,2.0,4.16
23199,2011-10-29,0.0,0.0
23199,2011-10-30,12.0,24.96
23199,2011-10-31,21.0,76.48
23203,2011-09-06,44.0,91.52
23203,2011-09-07,209.0,409.82
23203,2011-09-08,74.0,160.07
23203,2011-09-09,34.0,76.87
23203,2011-09-10,0.0,0.0
23203,2011-09-11,27.0,56.16
23203,2011-09-12,51.0,106.08
23203,2011-09-13,192.0,378.56
23203,2011-09-14,30.0,62.4
23203,2011-09-15,219.0,430.62
23203,2011-09-16,92.0,191.36
23203,2011-09-17,0.0,0.0
23203,2011-09-18,110.0,199.8
23203,2011-09-19,50.0,104.0
23203,2011-09-20,40.0,83.2
23203,2011-09-21,351.0,653.33
23203,2011-09-22,180.0,366.9
23203,2011-09-23,23.0,53.99
23203,2011-09-24,0.0,0.0
23203,2011-09-25,122.0,253.76
23203,2011-09-26,41.0,85.28
23203,2011-09-27,64.0,133.12
23203,2011-09-28,311.0,589.23
23203,2011-09-29,97.0,205.86
23203,2011-09-30,43.0,91.49
23203,2011-10-01,0.0,0.0
23203,2011-10-02,14.0,29.12
23203,2011-10-03,25.0,54.05
23203,2011-10-04,44.0,93.57
23203,2011-10-05,561.0,1021.88
23203,2011-10-06,88.0,183.04
23203,2011-10-07,40.0,83.2
23203,2011-10-08,0.0,0.0
23203,2011-10-09,40.0,83.2
23203,2011-10-10,35.0,74.85
23203,2011-10-11,149.0,280.92
23203,2011-10-12,40.0,87.3
23203,2011-10-13,60.0,124.8
23203,2011-10-14,135.0,253.85
23203,2011-10-15,0.0,0.0
23203,2011-10-16,1.0,2.08
23203,2011-10-17,52.0,110.21
23203,2011-10-18,57.0,120.61
23203,2011-10-19,47.0,97.76
23203,2011-10-20,37.0,76.96
23203,2011-10-21,16.0,33.28
23203,2011-10-22,0.0,0.0
23203,2011-10-23,10.0,20.8
23203,2011-10-24,65.0,137.25
23203,2011-10-25,60.0,124.8
23203,2011-10-26,11.0,22.88
23203,2011-10-27,73.0,151.84
23203,2011-10-28,304.0,545.32
23203,2011-10-29,0.0,0.0
23203,2011-10-30,43.0,89.44
23203,2011-10-31,60.0,145.3
23245,2011-09-06,52.0,219.0
23245,2011-09-07,16.0,102.56
23245,2011-09-08,5.0,24.75
23245,2011-09-09,12.0,59.4
23245,2011-09-10,0.0,0.0
23245,2011-09-11,31.0,140.65
23245,2011-09-12,59.0,279.25
23245,2011-09-13,45.0,251.95
23245,2011-09-14,15.0,74.25
23245,2011-09-15,54.0,266.18
23245,2011-09-16,25.0,129.59
23245,2011-09-17,0.0,0.0
23245,2011-09-18,4.0,19.8
23245,2011-09-19,60.0,258.6
23245,2011-09-20,13.0,70.19
23245,2011-09-21,19.0,111.57
23245,2011-09-22,99.0,426.05
23245,2011-09-23,7.0,46.33
23245,2011-09-24,0.0,0.0
23245,2011-09-25,39.0,180.25
23245,2011-09-26,24.0,118.8
23245,2011-09-27,19.0,111.57
23245,2011-09-28,49.0,235.59
23245,2011-09-29,14.0,80.98
23245,2011-09-30,69.0,332.35
23245,2011-10-01,0.0,0.0
23245,2011-10-02,5.0,24.75
23245,2011-10-03,26.0,152.06
23245,2011-10-04,20.0,86.2
23245,2011-10-05,294.0,1236.58
23245,2011-10-06,24.0,130.48
23245,2011-10-07,37.0,163.39
23245,2011-10-08,0.0,0.0
23245,2011-10-09,8.0,39.6
23245,2011-10-10,26.0,152.06
23245,2011-10-11,24.0,142.16
23245,2011-10-12,24.0,118.8
23245,2011-10-13,48.0,242.32
23245,2011-10-14,29.0,136.59
23245,2011-10-15,0.0,0.0
23245,2011-10-16,0.0,0.0
23245,2011-10-17,102.0,516.58
23245,2011-10-18,15.0,80.09
23245,2011-10-19,10.0,61.18
23245,2011-10-20,128.0,556.8
23245,2011-10-21,34.0,155.5
23245,2011-10-22,0.0,0.0
23245,2011-10-23,2.0,9.9
23245,2011-10-24,9.0,97.11
23245,2011-10-25,9.0,44.55
23245,2011-10-26,14.0,80.98
23245,2011-10-27,24.0,106.0
23245,2011-10-28,8.0,39.6
23245,2011-10-29,0.0,0.0
23245,2011-10-30,19.0,94.05
23245,2011-10-31,35.0,272.53
23284,2011-09-06,0.0,0.0
23284,2011-09-07,0.0,0.0
23284,2011-09-08,0.0,0.0
23284,2011-09-09,0.0,0.0
23284,2011-09-10,0.0,0.0
23284,2011-09-11,0.0,0.0
23284,2011-09-12,0.0,0.0
23284,2011-09-13,1.0,0.0
23284,2011-09-14,0.0,0.0
23284,2011-09-15,0.0,0.0
23284,2011-09-16,0.0,0.0
23284,2011-09-17,0.0,0.0
23284,2011-09-18,0.0,0.0
23284,2011-09-19,1.0,8.25
23284,2011-09-20,0.0,0.0
23284,2011-09-21,1.0,-15.75
23284,2011-09-22,1.0,8.25
23284,2011-09-23,0.0,0.0
23284,2011-09-24,0.0,0.0
23284,2011-09-25,0.0,0.0
23284,2011-09-26,0.0,0.0
23284,2011-09-27,0.0,0.0
23284,2011-09-28,533.0,2527.15
23284,2011-09-29,155.0,1114.95
23284,2011-09-30,47.0,376.13
23284,2011-10-01,0.0,0.0
23284,2011-10-02,68.0,496.65
23284,2011-10-03,237.0,1702.31
23284,2011-10-04,110.0,806.42
23284,2011-10-05,210.0,1498.5
23284,2011-10-06,56.0,418.48
23284,2011-10-07,14.0,123.88
23284,2011-10-08,0.0,0.0
23284,2011-10-09,17.0,140.25
23284,2011-10-10,78.0,576.68
23284,2011-10-11,47.0,340.95
23284,2011-10-12,19.0,170.19
23284,2011-10-13,24.0,226.96
23284,2011-10-14,45.0,332.83
23284,2011-10-15,0.0,0.0
23284,2011-10-16,59.0,421.23
23284,2011-10-17,48.0,365.96
23284,2011-10-18,28.0,218.1
23284,2011-10-19,35.0,280.43
23284,2011-10-20,46.0,343.8
23284,2011-10-21,4.0,33.0
23284,2011-10-22,0.0,0.0
23284,2011-10-23,14.0,115.5
23284,2011-10-24,43.0,344.79
23284,2011-10-25,2.0,24.88
23284,2011-10-26,13.0,118.17
23284,2011-10-27,53.0,402.15
23284,2011-10-28,29.0,215.85
23284,2011-10-29,0.0,0.0
23284,2011-10-30,7.0,57.75
23284,2011-10-31,24.0,336.24
23298,2011-09-06,25.0,223.03
23298,2011-09-07,29.0,155.23
23298,2011-09-08,12.0,59.4
23298,2011-09-09,44.0,264.52
23298,2011-09-10,0.0,0.0
23298,2011-09-11,10.0,49.5
23298,2011-09-12,0.0,5.84
23298,2011-09-13,54.0,349.06
23298,2011-09-14,0.0,0.0
23298,2011-09-15,17.0,89.99
23298,2011-09-16,39.0,257.29
23298,2011-09-17,0.0,0.0
23298,2011-09-18,9.0,44.55
23298,2011-09-19,19.0,94.05
23298,2011-09-20,48.0,284.32
23298,2011-09-21,19.0,118.21
23298,2011-09-22,132.0,614.92
23298,2011-09-23,56.0,358.96
23298,2011-09-24,0.0,0.0
23298,2011-09-25,35.0,173.25
23298,2011-09-26,19.0,94.05
23298,2011-09-27,17.0,107.51
23298,2011-09-28,24.0,118.8
23298,2011-09-29,27.0,133.65
23298,2011-09-30,216.0,909.2
23298,2011-10-01,0.0,0.0
23298,2011-10-02,10.0,49.5
23298,2011-10-03,25.0,123.75
23298,2011-10-04,36.0,300.84
23298,2011-10-05,75.0,331.25
23298,2011-10-06,16.0,79.2
23298,2011-10-07,16.0,85.04
23298,2011-10-08,0.0,0.0
23298,2011-10-09,-49.0,-183.26
23298,2011-10-10,39.0,193.05
23298,2011-10-11,25.0,164.63
23298,2011-10-12,3.0,14.85
23298,2011-10-13,36.0,189.88
23298,2011-10-14,34.0,226.7
23298,2011-10-15,0.0,0.0
23298,2011-10-16,16.0,79.2
23298,2011-10-17,19.0,94.05
23298,2011-10-18,29.0,172.75
23298,2011-10-19,8.0,51.28
23298,2011-10-20,27.0,133.65
23298,2011-10-21,17.0,107.51
23298,2011-10-22,0.0,0.0
23298,2011-10-23,6.0,29.7
23298,2011-10-24,6.0,29.7
23298,2011-10-25,20.0,122.36
23298,2011-10-26,4.0,19.8
23298,2011-10-27,26.0,128.7
23298,2011-10-28,24.0,153.84
23298,2011-10-29,0.0,0.0
23298,2011-10-30,9.0,44.55
23298,2011-10-31,5.0,53.95
47566,2011-09-06,91.0,556.45
47566,2011-09-07,12.0,88.6
47566,2011-09-08,8.0,39.6
47566,2011-09-09,51.0,509.41
47566,2011-09-10,0.0,0.0
47566,2011-09-11,27.0,133.65
47566,2011-09-12,11.0,60.29
47566,2011-09-13,89.0,505.67
47566,2011-09-14,25.0,123.75
47566,2011-09-15,164.0,691.8
47566,2011-09-16,22.0,173.14
47566,2011-09-17,0.0,0.0
47566,2011-09-18,15.0,74.25
47566,2011-09-19,7.0,34.65
47566,2011-09-20,25.0,199.67
47566,2011-09-21,17.0,113.35
47566,2011-09-22,53.0,254.35
47566,2011-09-23,26.0,227.98
47566,2011-09-24,0.0,0.0
47566,2011-09-25,30.0,148.5
47566,2011-09-26,11.0,54.45
47566,2011-09-27,48.0,296.0
47566,2011-09-28,78.0,369.46
47566,2011-09-29,-21.0,-61.55
47566,2011-09-30,30.0,148.5
47566,2011-10-01,0.0,0.0
47566,2011-10-02,10.0,49.5
47566,2011-10-03,29.0,172.75
47566,2011-10-04,37.0,276.59
47566,2011-10-05,23.0,113.85
47566,2011-10-06,-11.0,-25.41
47566,2011-10-07,64.0,433.6
47566,2011-10-08,0.0,0.0
47566,2011-10-09,-20.0,-74.8
47566,2011-10-10,2.0,9.9
47566,2011-10-11,28.0,232.04
47566,2011-10-12,16.0,79.2
47566,2011-10-13,29.0,143.55
47566,2011-10-14,17.0,160.07
47566,2011-10-15,0.0,0.0
47566,2011-10-16,14.0,69.3
47566,2011-10-17,15.0,74.25
47566,2011-10-18,136.0,695.8
47566,2011-10-19,10.0,61.18
47566,2011-10-20,24.0,118.8
47566,2011-10-21,26.0,233.82
47566,2011-10-22,0.0,0.0
47566,2011-10-23,0.0,0.0
47566,2011-10-24,2.0,9.9
47566,2011-10-25,27.0,151.17
47566,2011-10-26,7.0,34.65
47566,2011-10-27,28.0,138.6
47566,2011-10-28,9.0,73.75
47566,2011-10-29,0.0,0.0
47566,2011-10-30,5.0,24.75
47566,2011-10-31,32.0,205.12
79321,2011-09-06,7.0,80.51
79321,2011-09-07,0.0,0.0
79321,2011-09-08,12.0,69.0
79321,2011-09-09,1.0,12.46
79321,2011-09-10,0.0,0.0
79321,2011-09-11,49.0,243.35
79321,2011-09-12,34.0,176.3
79321,2011-09-13,109.0,610.34
79321,2011-09-14,2.0,11.5
79321,2011-09-15,96.0,475.2
79321,2011-09-16,19.0,136.09
79321,2011-09-17,0.0,0.0
79321,2011-09-18,2.0,11.5
79321,2011-09-19,0.0,0.0
79321,2011-09-20,11.0,83.38
79321,2011-09-21,5.0,35.46
79321,2011-09-22,6.0,34.5
79321,2011-09-23,2.0,24.92
79321,2011-09-24,0.0,0.0
79321,2011-09-25,4.0,23.0
79321,2011-09-26,8.0,46.0
79321,2011-09-27,7.0,73.8
79321,2011-09-28,11.0,63.25
79321,2011-09-29,78.0,397.61
79321,2011-09-30,4.0,23.0
79321,2011-10-01,0.0,0.0
79321,2011-10-02,54.0,272.1
79321,2011-10-03,0.0,0.0
79321,2011-10-04,17.0,131.3
79321,2011-10-05,9.0,51.75
79321,2011-10-06,0.0,0.0
79321,2011-10-07,25.0,177.3
79321,2011-10-08,0.0,0.0
79321,2011-10-09,0.0,0.0
79321,2011-10-10,76.0,386.11
79321,2011-10-11,10.0,70.92
79321,2011-10-12,14.0,80.5
79321,2011-10-13,4.0,23.0
79321,2011-10-14,30.0,166.72
79321,2011-10-15,0.0,0.0
79321,2011-10-16,16.0,92.0
79321,2011-10-17,44.0,253.93
79321,2011-10-18,21.0,171.54
79321,2011-10-19,0.0,0.0
79321,2011-10-20,25.0,124.55
79321,2011-10-21,14.0,131.6
79321,2011-10-22,0.0,0.0
79321,2011-10-23,5.0,28.75
79321,2011-10-24,48.0,237.6
79321,2011-10-25,17.0,158.14
79321,2011-10-26,264.0,1306.8
79321,2011-10-27,28.0,141.8
79321,2011-10-28,46.0,298.98
79321,2011-10-29,0.0,0.0
79321,2011-10-30,28.0,141.8
79321,2011-10-31,33.0,230.94
82484,2011-09-06,14.0,96.9
82484,2011-09-07,4.0,31.8
82484,2011-09-08,11.0,104.81
82484,2011-09-09,16.0,112.8
82484,2011-09-10,0.0,0.0
82484,2011-09-11,10.0,79.5
82484,2011-09-12,2.0,33.26
82484,2011-09-13,9.0,88.91
82484,2011-09-14,5.0,39.75
82484,2011-09-15,9.0,71.55
82484,2011-09-16,2.0,15.9
82484,2011-09-17,0.0,0.0
82484,2011-09-18,23.0,168.45
82484,2011-09-19,4.0,31.8
82484,2011-09-20,12.0,81.0
82484,2011-09-21,0.0,0.0
82484,2011-09-22,11.0,96.13
82484,2011-09-23,6.0,47.7
82484,2011-09-24,0.0,0.0
82484,2011-09-25,10.0,79.5
82484,2011-09-26,0.0,0.0
82484,2011-09-27,2.0,15.9
82484,2011-09-28,0.0,0.0
82484,2011-09-29,1.0,7.95
82484,2011-09-30,0.0,0.0
82484,2011-10-01,0.0,0.0
82484,2011-10-02,1.0,7.95
82484,2011-10-03,2.0,15.9
82484,2011-10-04,40.0,274.8
82484,2011-10-05,13.0,97.63
82484,2011-10-06,9.0,71.55
82484,2011-10-07,0.0,0.0
82484,2011-10-08,0.0,0.0
82484,2011-10-09,2.0,15.9
82484,2011-10-10,10.0,96.86
82484,2011-10-11,8.0,63.6
82484,2011-10-12,3.0,32.53
82484,2011-10-13,4.0,31.8
82484,2011-10-14,4.0,31.8
82484,2011-10-15,0.0,0.0
82484,2011-10-16,4.0,31.8
82484,2011-10-17,8.0,72.28
82484,2011-10-18,2.0,15.9
82484,2011-10-19,0.0,0.0
82484,2011-10-20,6.0,47.7
82484,2011-10-21,120.0,576.0
82484,2011-10-22,0.0,0.0
82484,2011-10-23,1.0,7.95
82484,2011-10-24,3.0,32.53
82484,2011-10-25,12.0,95.4
82484,2011-10-26,0.0,0.0
82484,2011-10-27,7.0,64.33
82484,2011-10-28,0.0,0.0
82484,2011-10-29,0.0,0.0
82484,2011-10-30,20.0,144.6
82484,2011-10-31,11.0,96.13
84879,2011-09-06,88.0,148.72
84879,2011-09-07,72.0,121.68
84879,2011-09-08,136.0,229.84
84879,2011-09-09,40.0,67.6
84879,2011-09-10,0.0,0.0
84879,2011-09-11,104.0,175.76
84879,2011-09-12,48.0,92.56
84879,2011-09-13,296.0,461.84
84879,2011-09-14,48.0,81.12
84879,2011-09-15,399.0,597.51
84879,2011-09-16,68.0,114.92
84879,2011-09-17,0.0,0.0
84879,2011-09-18,48.0,81.12
84879,2011-09-19,104.0,175.76
84879,2011-09-20,64.0,108.16
84879,2011-09-21,48.0,81.12
84879,2011-09-22,341.0,537.89
84879,2011-09-23,32.0,65.52
84879,2011-09-24,0.0,0.0
84879,2011-09-25,97.0,163.93
84879,2011-09-26,245.0,375.65
84879,2011-09-27,74.0,125.06
84879,2011-09-28,224.0,340.16
84879,2011-09-29,184.0,322.4
84879,2011-09-30,48.0,81.12
84879,2011-10-01,0.0,0.0
84879,2011-10-02,24.0,40.56
84879,2011-10-03,72.0,121.68
84879,2011-10-04,84.0,141.96
84879,2011-10-05,91.0,153.79
84879,2011-10-06,269.0,454.61
84879,2011-10-07,48.0,81.12
84879,2011-10-08,0.0,0.0
84879,2011-10-09,9.0,15.21
84879,2011-10-10,40.0,67.6
84879,2011-10-11,76.0,128.44
84879,2011-10-12,56.0,94.64
84879,2011-10-13,109.0,184.21
84879,2011-10-14,72.0,121.68
84879,2011-10-15,0.0,0.0
84879,2011-10-16,60.0,101.4
84879,2011-10-17,392.0,585.68
84879,2011-10-18,48.0,81.12
84879,2011-10-19,158.0,267.02
84879,2011-10-20,156.0,263.64
84879,2011-10-21,16.0,27.04
84879,2011-10-22,0.0,0.0
84879,2011-10-23,59.0,99.71
84879,2011-10-24,127.0,340.47
84879,2011-10-25,80.0,135.2
84879,2011-10-26,217.0,328.33
84879,2011-10-27,40.0,67.6
84879,2011-10-28,49.0,82.81
84879,2011-10-29,0.0,0.0
84879,2011-10-30,264.0,446.16
84879,2011-10-31,120.0,214.24
85099B,2011-09-06,84.0,174.72
85099B,2011-09-07,261.0,521.78
85099B,2011-09-08,47.0,118.26
85099B,2011-09-09,53.0,116.39
85099B,2011-09-10,0.0,0.0
85099B,2011-09-11,53.0,110.24
85099B,2011-09-12,62.0,151.51
85099B,2011-09-13,144.0,272.57
85099B,2011-09-14,3.0,10.34
85099B,2011-09-15,167.0,400.66
85099B,2011-09-16,119.0,278.27
85099B,2011-09-17,0.0,0.0
85099B,2011-09-18,227.0,414.16
85099B,2011-09-19,493.0,909.44
85099B,2011-09-20,150.0,321.95
85099B,2011-09-21,419.0,773.97
85099B,2011-09-22,260.0,500.2
85099B,2011-09-23,276.0,543.93
85099B,2011-09-24,0.0,0.0
85099B,2011-09-25,61.0,126.88
85099B,2011-09-26,220.0,430.65
85099B,2011-09-27,174.0,375.12
85099B,2011-09-28,91.0,185.53
85099B,2011-09-29,272.0,534.91
85099B,2011-09-30,66.0,168.03
85099B,2011-10-01,0.0,0.0
85099B,2011-10-02,6.0,12.48
85099B,2011-10-03,43.0,99.69
85099B,2011-10-04,77.0,180.66
85099B,2011-10-05,361.0,660.93
85099B,2011-10-06,1385.0,2558.77
85099B,2011-10-07,617.0,1096.8
85099B,2011-10-08,0.0,0.0
85099B,2011-10-09,18.0,37.44
85099B,2011-10-10,62.0,169.96
85099B,2011-10-11,68.0,141.44
85099B,2011-10-12,78.0,172.49
85099B,2011-10-13,274.0,554.27
85099B,2011-10-14,147.0,289.06
85099B,2011-10-15,0.0,0.0
85099B,2011-10-16,18.0,37.44
85099B,2011-10-17,409.0,776.02
85099B,2011-10-18,112.0,243.21
85099B,2011-10-19,54.0,141.02
85099B,2011-10-20,341.0,622.28
85099B,2011-10-21,122.0,224.76
85099B,2011-10-22,0.0,0.0
85099B,2011-10-23,7.0,14.56
85099B,2011-10-24,186.0,402.98
85099B,2011-10-25,161.0,307.93
85099B,2011-10-26,48.0,130.59
85099B,2011-10-27,41.0,85.28
85099B,2011-10-28,12.0,24.96
85099B,2011-10-29,0.0,0.0
85099B,2011-10-30,51.0,106.08
85099B,2011-10-31,105.0,318.85
85099C,2011-09-06,122.0,224.76
85099C,2011-09-07,149.0,362.92
85099C,2011-09-08,15.0,33.25
85099C,2011-09-09,41.0,85.28
85099C,2011-09-10,0.0,0.0
85099C,2011-09-11,12.0,24.96
85099C,2011-09-12,14.0,37.32
85099C,2011-09-13,41.0,107.83
85099C,2011-09-14,2.0,4.16
85099C,2011-09-15,27.0,68.46
85099C,2011-09-16,23.0,60.14
85099C,2011-09-17,0.0,0.0
85099C,2011-09-18,2.0,4.16
85099C,2011-09-19,130.0,241.4
85099C,2011-09-20,33.0,111.69
85099C,2011-09-21,222.0,407.86
85099C,2011-09-22,46.0,89.88
85099C,2011-09-23,9.0,33.07
85099C,2011-09-24,0.0,0.0
85099C,2011-09-25,0.0,0.0
85099C,2011-09-26,50.0,104.0
85099C,2011-09-27,32.0,109.61
85099C,2011-09-28,31.0,66.53
85099C,2011-09-29,250.0,458.0
85099C,2011-09-30,34.0,83.02
85099C,2011-10-01,0.0,0.0
85099C,2011-10-02,1.0,2.08
85099C,2011-10-03,1.0,4.13
85099C,2011-10-04,7.0,22.76
85099C,2011-10-05,120.0,220.6
85099C,2011-10-06,20.0,41.6
85099C,2011-10-07,14.0,30.13
85099C,2011-10-08,0.0,0.0
85099C,2011-10-09,1.0,2.08
85099C,2011-10-10,16.0,59.93
85099C,2011-10-11,23.0,51.94
85099C,2011-10-12,116.0,224.58
85099C,2011-10-13,17.0,49.71
85099C,2011-10-14,26.0,56.13
85099C,2011-10-15,0.0,0.0
85099C,2011-10-16,12.0,24.96
85099C,2011-10-17,139.0,270.37
85099C,2011-10-18,14.0,29.12
85099C,2011-10-19,34.0,89.17
85099C,2011-10-20,10.0,20.8
85099C,2011-10-21,1.0,2.08
85099C,2011-10-22,0.0,0.0
85099C,2011-10-23,2.0,4.16
85099C,2011-10-24,16.0,59.93
85099C,2011-10-25,112.0,203.96
85099C,2011-10-26,25.0,76.6
85099C,2011-10-27,3.0,6.24
85099C,2011-10-28,210.0,378.8
85099C,2011-10-29,0.0,0.0
85099C,2011-10-30,25.0,52.0
85099C,2011-10-31,19.0,78.47
85099F,2011-09-06,20.0,41.6
85099F,2011-09-07,120.0,226.75
85099F,2011-09-08,25.0,56.1
85099F,2011-09-09,6.0,22.73
85099F,2011-09-10,0.0,0.0
85099F,2011-09-11,2.0,4.16
85099F,2011-09-12,-13.0,-24.99
85099F,2011-09-13,31.0,64.48
85099F,2011-09-14,0.0,0.0
85099F,2011-09-15,144.0,278.72
85099F,2011-09-16,21.0,43.68
85099F,2011-09-17,0.0,0.0
85099F,2011-09-18,105.0,189.4
85099F,2011-09-19,14.0,29.12
85099F,2011-09-20,20.0,41.6
85099F,2011-09-21,210.0,393.15
85099F,2011-09-22,62.0,123.16
85099F,2011-09-23,250.0,462.0
85099F,2011-09-24,0.0,0.0
85099F,2011-09-25,20.0,41.6
85099F,2011-09-26,0.0,0.0
85099F,2011-09-27,12.0,29.06
85099F,2011-09-28,35.0,77.25
85099F,2011-09-29,144.0,268.57
85099F,2011-09-30,10.0,20.8
85099F,2011-10-01,0.0,0.0
85099F,2011-10-02,5.0,10.4
85099F,2011-10-03,12.0,24.96
85099F,2011-10-04,11.0,24.93
85099F,2011-10-05,111.0,198.93
85099F,2011-10-06,711.0,1277.93
85099F,2011-10-07,204.0,362.18
85099F,2011-10-08,0.0,0.0
85099F,2011-10-09,-2.0,-4.16
85099F,2011-10-10,5.0,12.45
85099F,2011-10-11,13.0,29.09
85099F,2011-10-12,13.0,29.09
85099F,2011-10-13,25.0,56.1
85099F,2011-10-14,15.0,31.2
85099F,2011-10-15,0.0,0.0
85099F,2011-10-16,0.0,0.0
85099F,2011-10-17,233.0,426.64
85099F,2011-10-18,39.0,87.27
85099F,2011-10-19,11.0,24.93
85099F,2011-10-20,148.0,278.84
85099F,2011-10-21,0.0,0.0
85099F,2011-10-22,0.0,0.0
85099F,2011-10-23,2.0,4.16
85099F,2011-10-24,6.0,16.58
85099F,2011-10-25,12.0,29.06
85099F,2011-10-26,0.0,0.0
85099F,2011-10-27,1.0,4.13
85099F,2011-10-28,11.0,22.88
85099F,2011-10-29,0.0,0.0
85099F,2011-10-30,0.0,0.0
85099F,2011-10-31,25.0,56.1
85123A,2011-09-06,184.0,491.6
85123A,2011-09-07,16.0,58.56
85123A,2011-09-08,27.0,82.49
85123A,2011-09-09,29.0,85.55
85123A,2011-09-10,0.0,0.0
85123A,2011-09-11,89.0,249.75
85123A,2011-09-12,116.0,319.44
85123A,2011-09-13,131.0,348.05
85123A,2011-09-14,85.0,225.15
85123A,2011-09-15,144.0,376.44
85123A,2011-09-16,100.0,269.4
85123A,2011-09-17,0.0,0.0
85123A,2011-09-18,81.0,213.35
85123A,2011-09-19,41.0,120.95
85123A,2011-09-20,398.0,1262.1
85123A,2011-09-21,11.0,46.65
85123A,2011-09-22,46.0,131.42
85123A,2011-09-23,127.0,351.89
85123A,2011-09-24,0.0,0.0
85123A,2011-09-25,69.0,190.75
85123A,2011-09-26,48.0,128.8
85123A,2011-09-27,17.0,50.15
85123A,2011-09-28,125.0,333.19
85123A,2011-09-29,80.0,216.08
85123A,2011-09-30,111.0,301.85
85123A,2011-10-01,0.0,0.0
85123A,2011-10-02,21.0,61.95
85123A,2011-10-03,23.0,73.53
85123A,2011-10-04,19.0,58.89
85123A,2011-10-05,49.0,144.55
85123A,2011-10-06,13.0,41.19
85123A,2011-10-07,34.0,105.98
85123A,2011-10-08,0.0,0.0
85123A,2011-10-09,26.0,76.7
85123A,2011-10-10,123.0,324.45
85123A,2011-10-11,46.0,135.7
85123A,2011-10-12,25.0,82.27
85123A,2011-10-13,243.0,640.05
85123A,2011-10-14,187.0,521.77
85123A,2011-10-15,0.0,0.0
85123A,2011-10-16,55.0,162.25
85123A,2011-10-17,69.0,196.43
85123A,2011-10-18,21.0,67.63
85123A,2011-10-19,38.0,114.94
85123A,2011-10-20,26.0,76.7
85123A,2011-10-21,13.0,38.35
85123A,2011-10-22,0.0,0.0
85123A,2011-10-23,63.0,173.05
85123A,2011-10-24,76.0,225.76
85123A,2011-10-25,16.0,50.04
85123A,2011-10-26,17.0,50.15
85123A,2011-10-27,117.0,320.79
85123A,2011-10-28,90.0,239.9
85123A,2011-10-29,0.0,0.0
85123A,2011-10-30,128.0,364.8
85123A,2011-10-31,149.0,408.23
DOT,2011-09-06,0.0,0.0
DOT,2011-09-07,5.0,2391.13
DOT,2011-09-08,1.0,213.71
DOT,2011-09-09,2.0,210.9
DOT,2011-09-10,0.0,0.0
DOT,2011-09-11,0.0,0.0
DOT,2011-09-12,1.0,228.33
DOT,2011-09-13,4.0,918.77
DOT,2011-09-14,1.0,141.19
DOT,2011-09-15,3.0,1219.38
DOT,2011-09-16,1.0,594.0
DOT,2011-09-17,0.0,0.0
DOT,2011-09-18,0.0,0.0
DOT,2011-09-19,0.0,0.0
DOT,2011-09-20,1.0,1092.21
DOT,2011-09-21,7.0,2169.1
DOT,2011-09-22,1.0,175.6
DOT,2011-09-23,3.0,1119.07
DOT,2011-09-24,0.0,0.0
DOT,2011-09-25,0.0,0.0
DOT,2011-09-26,1.0,688.08
DOT,2011-09-27,2.0,1065.45
DOT,2011-09-28,3.0,623.49
DOT,2011-09-29,1.0,182.25
DOT,2011-09-30,2.0,884.34
DOT,2011-10-01,0.0,0.0
DOT,2011-10-02,0.0,0.0
DOT,2011-10-03,3.0,938.76
DOT,2011-10-04,3.0,957.95
DOT,2011-10-05,1.0,195.37
DOT,2011-10-06,1.0,297.66
DOT,2011-10-07,1.0,255.81
DOT,2011-10-08,0.0,0.0
DOT,2011-10-09,0.0,0.0
DOT,2011-10-10,3.0,1753.51
DOT,2011-10-11,2.0,398.85
DOT,2011-10-12,2.0,433.25
DOT,2011-10-13,2.0,1065.38
DOT,2011-10-14,1.0,271.18
DOT,2011-10-15,0.0,0.0
DOT,2011-10-16,0.0,0.0
DOT,2011-10-17,3.0,1595.97
DOT,2011-10-18,3.0,578.14
DOT,2011-10-19,2.0,1098.8
DOT,2011-10-20,0.0,0.0
DOT,2011-10-21,0.0,0.0
DOT,2011-10-22,0.0,0.0
DOT,2011-10-23,0.0,0.0
DOT,2011-10-24,5.0,2109.85
DOT,2011-10-25,1.0,246.54
DOT,2011-10-26,1.0,1016.58
DOT,2011-10-27,1.0,188.89
DOT,2011-10-28,2.0,9.92
DOT,2011-10-29,0.0,0.0
DOT,2011-10-30,0.0,0.0
DOT,2011-10-31,6.0,4542.72
POST,2011-09-06,11.0,308.0
POST,2011-09-07,8.0,141.0
POST,2011-09-08,11.0,215.0
POST,2011-09-09,14.0,213.0
POST,2011-09-10,0.0,0.0
POST,2011-09-11,14.0,252.0
POST,2011-09-12,0.0,0.0
POST,2011-09-13,3.0,76.0
POST,2011-09-14,5.0,90.0
POST,2011-09-15,8.0,273.0
POST,2011-09-16,8.0,144.0
POST,2011-09-17,0.0,0.0
POST,2011-09-18,0.0,0.0
POST,2011-09-19,29.0,561.59
POST,2011-09-20,2.0,80.0
POST,2011-09-21,18.0,365.0
POST,2011-09-22,27.0,528.5
POST,2011-09-23,22.0,436.0
POST,2011-09-24,0.0,0.0
POST,2011-09-25,7.0,198.0
POST,2011-09-26,3.0,61.5
POST,2011-09-27,5.0,8.36
POST,2011-09-28,17.0,506.62
POST,2011-09-29,14.0,273.36
POST,2011-09-30,8.0,164.38
POST,2011-10-01,0.0,0.0
POST,2011-10-02,0.0,0.0
POST,2011-10-03,2.0,36.0
POST,2011-10-04,4.0,88.0
POST,2011-10-05,20.0,579.0
POST,2011-10-06,39.0,593.2
POST,2011-10-07,28.0,531.32
POST,2011-10-08,0.0,0.0
POST,2011-10-09,0.0,0.0
POST,2011-10-10,8.0,123.82
POST,2011-10-11,12.0,251.05
POST,2011-10-12,26.0,762.5
POST,2011-10-13,23.0,478.0
POST,2011-10-14,13.0,271.0
POST,2011-10-15,0.0,0.0
POST,2011-10-16,0.0,0.0
POST,2011-10-17,20.0,360.0
POST,2011-10-18,13.0,334.59
POST,2011-10-19,17.0,346.0
POST,2011-10-20,13.0,234.36
POST,2011-10-21,11.0,177.0
POST,2011-10-22,0.0,0.0
POST,2011-10-23,0.0,0.0
POST,2011-10-24,-10.0,-349.45
POST,2011-10-25,14.0,348.48
POST,2011-10-26,22.0,700.0
POST,2011-10-27,18.0,500.0
POST,2011-10-28,11.0,585.9
POST,2011-10-29,0.0,0.0
POST,2011-10-30,15.0,408.0
POST,2011-10-31,11.0,178.01
